# XS4GCR CRAMS inelastic cross-section table
# model: Tripathi1999
# isotope_source: data/crchart_Z28_2020.txt
# projectile_count: 87
# sigma_unit: mbarn for target H
# energy_grid_GeV_per_n: logspace 1.00000000e-01 1.00000000e+05 192
# columns: Z A sigma_H_mb(T_0) ... sigma_H_mb(T_N-1)
# note: 1H is skipped because XS4GCR::TotalInelastic does not provide proton-projectile sigma.
1	2	7.26277239e+01	7.03723998e+01	6.83232990e+01	6.64569505e+01	6.47538536e+01	6.31989055e+01	6.17815367e+01	6.04955679e+01	5.93388162e+01	5.83125019e+01	5.74205124e+01	5.66685883e+01	5.60634823e+01	5.56121341e+01	5.53208801e+01	5.51947091e+01	5.52365617e+01	5.54466767e+01	5.58219988e+01	5.63556804e+01	5.70367371e+01	5.78499281e+01	5.87759328e+01	5.97918547e+01	6.08720022e+01	6.19887895e+01	6.31134997e+01	6.42166579e+01	6.52679111e+01	6.62356341e+01	6.70868121e+01	6.77878949e+01	6.83070962e+01	6.86180674e+01	6.87042572e+01	6.85628745e+01	6.82073653e+01	6.76676610e+01	6.69879864e+01	6.62225409e+01	6.54297617e+01	6.46660801e+01	6.39800936e+01	6.34079475e+01	6.29704902e+01	6.26725041e+01	6.25040345e+01	6.24435567e+01	6.24624519e+01	6.25300311e+01	6.26182230e+01	6.27051025e+01	6.27766986e+01	6.28269530e+01	6.28561615e+01	6.28685703e+01	6.28699049e+01	6.28654564e+01	6.28590364e+01	6.28527644e+01	6.28474134e+01	6.28429659e+01	6.28391054e+01	6.28355181e+01	6.28320051e+01	6.28284781e+01	6.28249145e+01	6.28213178e+01	6.28176961e+01	6.28140556e+01	6.28104003e+01	6.28067333e+01	6.28030572e+01	6.27993743e+01	6.27956872e+01	6.27919980e+01	6.27883089e+01	6.27846220e+01	6.27809393e+01	6.27772625e+01	6.27735936e+01	6.27699340e+01	6.27662855e+01	6.27626494e+01	6.27590271e+01	6.27554200e+01	6.27518292e+01	6.27482558e+01	6.27447009e+01	6.27411655e+01	6.27376504e+01	6.27341565e+01	6.27306846e+01	6.27272353e+01	6.27238093e+01	6.27204072e+01	6.27170296e+01	6.27136768e+01	6.27103495e+01	6.27070479e+01	6.27037724e+01	6.27005234e+01	6.26973011e+01	6.26941058e+01	6.26909376e+01	6.26877968e+01	6.26846836e+01	6.26815980e+01	6.26785402e+01	6.26755103e+01	6.26725082e+01	6.26695341e+01	6.26665879e+01	6.26636698e+01	6.26607796e+01	6.26579173e+01	6.26550828e+01	6.26522762e+01	6.26494974e+01	6.26467462e+01	6.26440226e+01	6.26413265e+01	6.26386577e+01	6.26360161e+01	6.26334017e+01	6.26308142e+01	6.26282536e+01	6.26257196e+01	6.26232121e+01	6.26207310e+01	6.26182760e+01	6.26158471e+01	6.26134440e+01	6.26110666e+01	6.26087146e+01	6.26063880e+01	6.26040864e+01	6.26018097e+01	6.25995577e+01	6.25973303e+01	6.25951272e+01	6.25929482e+01	6.25907931e+01	6.25886617e+01	6.25865538e+01	6.25844692e+01	6.25824078e+01	6.25803692e+01	6.25783533e+01	6.25763599e+01	6.25743888e+01	6.25724397e+01	6.25705125e+01	6.25686070e+01	6.25667229e+01	6.25648600e+01	6.25630182e+01	6.25611972e+01	6.25593969e+01	6.25576170e+01	6.25558573e+01	6.25541176e+01	6.25523978e+01	6.25506976e+01	6.25490168e+01	6.25473552e+01	6.25457127e+01	6.25440890e+01	6.25424839e+01	6.25408973e+01	6.25393290e+01	6.25377787e+01	6.25362463e+01	6.25347315e+01	6.25332343e+01	6.25317543e+01	6.25302915e+01	6.25288457e+01	6.25274166e+01	6.25260041e+01	6.25246079e+01	6.25232281e+01	6.25218642e+01	6.25205162e+01	6.25191840e+01	6.25178672e+01	6.25165659e+01	6.25152797e+01	6.25140085e+01	6.25127522e+01	6.25115106e+01	6.25102835e+01
2	3	6.63247418e+01	6.41724889e+01	6.22184626e+01	6.04399386e+01	5.88180496e+01	5.73381710e+01	5.59900332e+01	5.47675700e+01	5.36685334e+01	5.26939209e+01	5.18472720e+01	5.11338936e+01	5.05600649e+01	5.01322578e+01	4.98563946e+01	4.97371484e+01	4.97772845e+01	4.99770441e+01	5.03335811e+01	5.08404857e+01	5.14874464e+01	5.22601235e+01	5.31402996e+01	5.41063407e+01	5.51339240e+01	5.61968816e+01	5.72679216e+01	5.83189798e+01	5.93211086e+01	6.02441059e+01	6.10564097e+01	6.17259229e+01	6.22222196e+01	6.25200675e+01	6.26036059e+01	6.24701414e+01	6.21325144e+01	6.16193254e+01	6.09728200e+01	6.02447391e+01	5.94908236e+01	5.87648484e+01	5.81130733e+01	5.75698615e+01	5.71549965e+01	5.68729735e+01	5.67142778e+01	5.66584023e+01	5.66781016e+01	5.67441646e+01	5.68298704e+01	5.69143443e+01	5.69842802e+01	5.70339035e+01	5.70634898e+01	5.70770772e+01	5.70801135e+01	5.70776336e+01	5.70732644e+01	5.70690218e+01	5.70656395e+01	5.70630985e+01	5.70610955e+01	5.70593296e+01	5.70576096e+01	5.70558498e+01	5.70540274e+01	5.70521444e+01	5.70502074e+01	5.70482216e+01	5.70461901e+01	5.70441151e+01	5.70419987e+01	5.70398428e+01	5.70376496e+01	5.70354211e+01	5.70331594e+01	5.70308666e+01	5.70285448e+01	5.70261960e+01	5.70238223e+01	5.70214255e+01	5.70190077e+01	5.70165707e+01	5.70141164e+01	5.70116465e+01	5.70091629e+01	5.70066672e+01	5.70041610e+01	5.70016460e+01	5.69991235e+01	5.69965952e+01	5.69940623e+01	5.69915263e+01	5.69889883e+01	5.69864498e+01	5.69839117e+01	5.69813753e+01	5.69788416e+01	5.69763116e+01	5.69737863e+01	5.69712666e+01	5.69687534e+01	5.69662476e+01	5.69637498e+01	5.69612609e+01	5.69587815e+01	5.69563123e+01	5.69538539e+01	5.69514069e+01	5.69489719e+01	5.69465494e+01	5.69441398e+01	5.69417437e+01	5.69393614e+01	5.69369933e+01	5.69346399e+01	5.69323015e+01	5.69299783e+01	5.69276707e+01	5.69253789e+01	5.69231033e+01	5.69208440e+01	5.69186013e+01	5.69163753e+01	5.69141663e+01	5.69119743e+01	5.69097996e+01	5.69076423e+01	5.69055024e+01	5.69033801e+01	5.69012755e+01	5.68991887e+01	5.68971196e+01	5.68950684e+01	5.68930351e+01	5.68910198e+01	5.68890224e+01	5.68870430e+01	5.68850815e+01	5.68831380e+01	5.68812125e+01	5.68793049e+01	5.68774152e+01	5.68755434e+01	5.68736894e+01	5.68718532e+01	5.68700347e+01	5.68682340e+01	5.68664508e+01	5.68646851e+01	5.68629370e+01	5.68612062e+01	5.68594928e+01	5.68577966e+01	5.68561175e+01	5.68544555e+01	5.68528105e+01	5.68511823e+01	5.68495709e+01	5.68479762e+01	5.68463980e+01	5.68448363e+01	5.68432909e+01	5.68417618e+01	5.68402487e+01	5.68387517e+01	5.68372706e+01	5.68358052e+01	5.68343555e+01	5.68329214e+01	5.68315026e+01	5.68300992e+01	5.68287109e+01	5.68273376e+01	5.68259793e+01	5.68246358e+01	5.68233070e+01	5.68219927e+01	5.68206929e+01	5.68194074e+01	5.68181360e+01	5.68168787e+01	5.68156353e+01	5.68144057e+01	5.68131898e+01	5.68119874e+01	5.68107984e+01	5.68096228e+01	5.68084603e+01	5.68073108e+01	5.68061743e+01
2	4	1.24594804e+02	1.21639334e+02	1.18944298e+02	1.16481138e+02	1.14226088e+02	1.12160847e+02	1.10272872e+02	1.08555281e+02	1.07006408e+02	1.05629065e+02	1.04429587e+02	1.03416750e+02	1.02600618e+02	1.01991398e+02	1.01598326e+02	1.01428610e+02	1.01486439e+02	1.01772081e+02	1.02281074e+02	1.03003596e+02	1.03924064e+02	1.05021073e+02	1.06267751e+02	1.07632557e+02	1.09080431e+02	1.10574085e+02	1.12075062e+02	1.13544238e+02	1.14941654e+02	1.16225953e+02	1.17354171e+02	1.18282796e+02	1.18970691e+02	1.19383805e+02	1.19500772e+02	1.19318029e+02	1.18853060e+02	1.18144812e+02	1.17250998e+02	1.16242635e+02	1.15196668e+02	1.14187815e+02	1.13280821e+02	1.12524184e+02	1.11946180e+02	1.11553654e+02	1.11333673e+02	1.11257717e+02	1.11287681e+02	1.11382634e+02	1.11505121e+02	1.11625895e+02	1.11726325e+02	1.11798332e+02	1.11842308e+02	1.11863904e+02	1.11870743e+02	1.11869867e+02	1.11866347e+02	1.11863000e+02	1.11860849e+02	1.11859864e+02	1.11859615e+02	1.11859679e+02	1.11859782e+02	1.11859803e+02	1.11859705e+02	1.11859490e+02	1.11859163e+02	1.11858729e+02	1.11858192e+02	1.11857551e+02	1.11856809e+02	1.11855967e+02	1.11855027e+02	1.11853990e+02	1.11852859e+02	1.11851637e+02	1.11850326e+02	1.11848928e+02	1.11847447e+02	1.11845886e+02	1.11844247e+02	1.11842533e+02	1.11840748e+02	1.11838894e+02	1.11836975e+02	1.11834994e+02	1.11832954e+02	1.11830857e+02	1.11828707e+02	1.11826507e+02	1.11824259e+02	1.11821966e+02	1.11819632e+02	1.11817258e+02	1.11814848e+02	1.11812404e+02	1.11809928e+02	1.11807423e+02	1.11804890e+02	1.11802334e+02	1.11799754e+02	1.11797155e+02	1.11794537e+02	1.11791902e+02	1.11789253e+02	1.11786591e+02	1.11783917e+02	1.11781235e+02	1.11778544e+02	1.11775847e+02	1.11773145e+02	1.11770440e+02	1.11767732e+02	1.11765023e+02	1.11762315e+02	1.11759607e+02	1.11756903e+02	1.11754202e+02	1.11751505e+02	1.11748814e+02	1.11746129e+02	1.11743451e+02	1.11740782e+02	1.11738121e+02	1.11735469e+02	1.11732828e+02	1.11730198e+02	1.11727579e+02	1.11724973e+02	1.11722379e+02	1.11719798e+02	1.11717230e+02	1.11714677e+02	1.11712138e+02	1.11709615e+02	1.11707106e+02	1.11704613e+02	1.11702136e+02	1.11699676e+02	1.11697231e+02	1.11694804e+02	1.11692394e+02	1.11690001e+02	1.11687626e+02	1.11685268e+02	1.11682928e+02	1.11680607e+02	1.11678303e+02	1.11676018e+02	1.11673751e+02	1.11671503e+02	1.11669273e+02	1.11667062e+02	1.11664869e+02	1.11662696e+02	1.11660541e+02	1.11658405e+02	1.11656288e+02	1.11654190e+02	1.11652111e+02	1.11650051e+02	1.11648009e+02	1.11645987e+02	1.11643983e+02	1.11641998e+02	1.11640032e+02	1.11638085e+02	1.11636156e+02	1.11634246e+02	1.11632354e+02	1.11630481e+02	1.11628627e+02	1.11626790e+02	1.11624972e+02	1.11623172e+02	1.11621390e+02	1.11619626e+02	1.11617880e+02	1.11616152e+02	1.11614442e+02	1.11612749e+02	1.11611073e+02	1.11609415e+02	1.11607774e+02	1.11606151e+02	1.11604544e+02	1.11602954e+02	1.11601381e+02	1.11599825e+02	1.11598285e+02
3	6	1.67835537e+02	1.64395975e+02	1.61254445e+02	1.58378815e+02	1.55742332e+02	1.53324456e+02	1.51111253e+02	1.49095332e+02	1.47275356e+02	1.45655210e+02	1.44242893e+02	1.43049244e+02	1.42086583e+02	1.41367342e+02	1.40902730e+02	1.40701460e+02	1.40768565e+02	1.41104310e+02	1.41703256e+02	1.42553524e+02	1.43636358e+02	1.44926105e+02	1.46390693e+02	1.47992624e+02	1.49690392e+02	1.51440021e+02	1.53196344e+02	1.54913591e+02	1.56545184e+02	1.58043061e+02	1.59357413e+02	1.60437875e+02	1.61236888e+02	1.61715122e+02	1.61847930e+02	1.61631254e+02	1.61085393e+02	1.60255535e+02	1.59208696e+02	1.58027470e+02	1.56801520e+02	1.55618110e+02	1.54553041e+02	1.53663258e+02	1.52982094e+02	1.52517778e+02	1.52255313e+02	1.52161374e+02	1.52191360e+02	1.52297336e+02	1.52435446e+02	1.52571453e+02	1.52683562e+02	1.52762339e+02	1.52808257e+02	1.52827948e+02	1.52830343e+02	1.52823694e+02	1.52813945e+02	1.52804402e+02	1.52796270e+02	1.52789522e+02	1.52783665e+02	1.52778210e+02	1.52772847e+02	1.52767440e+02	1.52761955e+02	1.52756397e+02	1.52750780e+02	1.52745115e+02	1.52739411e+02	1.52733672e+02	1.52727904e+02	1.52722112e+02	1.52716301e+02	1.52710475e+02	1.52704640e+02	1.52698800e+02	1.52692959e+02	1.52687120e+02	1.52681288e+02	1.52675467e+02	1.52669658e+02	1.52663867e+02	1.52658095e+02	1.52652346e+02	1.52646621e+02	1.52640924e+02	1.52635256e+02	1.52629620e+02	1.52624018e+02	1.52618451e+02	1.52612920e+02	1.52607428e+02	1.52601975e+02	1.52596563e+02	1.52591193e+02	1.52585866e+02	1.52580582e+02	1.52575342e+02	1.52570148e+02	1.52564999e+02	1.52559896e+02	1.52554840e+02	1.52549831e+02	1.52544868e+02	1.52539954e+02	1.52535086e+02	1.52530267e+02	1.52525495e+02	1.52520771e+02	1.52516095e+02	1.52511467e+02	1.52506886e+02	1.52502353e+02	1.52497867e+02	1.52493428e+02	1.52489037e+02	1.52484692e+02	1.52480395e+02	1.52476143e+02	1.52471938e+02	1.52467778e+02	1.52463664e+02	1.52459595e+02	1.52455571e+02	1.52451592e+02	1.52447657e+02	1.52443765e+02	1.52439918e+02	1.52436113e+02	1.52432351e+02	1.52428632e+02	1.52424955e+02	1.52421319e+02	1.52417725e+02	1.52414172e+02	1.52410659e+02	1.52407186e+02	1.52403753e+02	1.52400360e+02	1.52397005e+02	1.52393690e+02	1.52390412e+02	1.52387172e+02	1.52383969e+02	1.52380804e+02	1.52377675e+02	1.52374583e+02	1.52371526e+02	1.52368505e+02	1.52365519e+02	1.52362568e+02	1.52359652e+02	1.52356769e+02	1.52353920e+02	1.52351104e+02	1.52348321e+02	1.52345571e+02	1.52342853e+02	1.52340167e+02	1.52337512e+02	1.52334889e+02	1.52332296e+02	1.52329734e+02	1.52327202e+02	1.52324699e+02	1.52322227e+02	1.52319783e+02	1.52317368e+02	1.52314981e+02	1.52312623e+02	1.52310293e+02	1.52307990e+02	1.52305714e+02	1.52303465e+02	1.52301242e+02	1.52299046e+02	1.52296876e+02	1.52294732e+02	1.52292613e+02	1.52290519e+02	1.52288450e+02	1.52286405e+02	1.52284385e+02	1.52282388e+02	1.52280415e+02	1.52278466e+02	1.52276540e+02	1.52274636e+02	1.52272755e+02	1.52270897e+02
3	7	2.09659674e+02	2.05813246e+02	2.02296382e+02	1.99073980e+02	1.96116794e+02	1.93402418e+02	1.90915765e+02	1.88649028e+02	1.86601163e+02	1.84776971e+02	1.83185866e+02	1.81840440e+02	1.80754929e+02	1.79943653e+02	1.79419495e+02	1.79192450e+02	1.79268270e+02	1.79647232e+02	1.80323076e+02	1.81282193e+02	1.82503158e+02	1.83956740e+02	1.85606482e+02	1.87409871e+02	1.89319964e+02	1.91287155e+02	1.93260621e+02	1.95188996e+02	1.97020124e+02	1.98700298e+02	2.00173938e+02	2.01384899e+02	2.02280205e+02	2.02816062e+02	2.02965041e+02	2.02722648e+02	2.02111538e+02	2.01182136e+02	2.00009292e+02	1.98685356e+02	1.97310723e+02	1.95983253e+02	1.94788100e+02	1.93789355e+02	1.93024648e+02	1.92503390e+02	1.92208854e+02	1.92103659e+02	1.92137709e+02	1.92257145e+02	1.92412681e+02	1.92565850e+02	1.92692166e+02	1.92781031e+02	1.92832982e+02	1.92855469e+02	1.92858523e+02	1.92851415e+02	1.92840820e+02	1.92830452e+02	1.92821664e+02	1.92814424e+02	1.92808178e+02	1.92802377e+02	1.92796673e+02	1.92790911e+02	1.92785052e+02	1.92779104e+02	1.92773082e+02	1.92766997e+02	1.92760859e+02	1.92754673e+02	1.92748446e+02	1.92742183e+02	1.92735891e+02	1.92729574e+02	1.92723239e+02	1.92716889e+02	1.92710530e+02	1.92704167e+02	1.92697804e+02	1.92691445e+02	1.92685095e+02	1.92678757e+02	1.92672434e+02	1.92666131e+02	1.92659850e+02	1.92653594e+02	1.92647366e+02	1.92641168e+02	1.92635003e+02	1.92628873e+02	1.92622780e+02	1.92616725e+02	1.92610711e+02	1.92604739e+02	1.92598810e+02	1.92592926e+02	1.92587087e+02	1.92581295e+02	1.92575551e+02	1.92569855e+02	1.92564208e+02	1.92558611e+02	1.92553064e+02	1.92547567e+02	1.92542122e+02	1.92536728e+02	1.92531385e+02	1.92526094e+02	1.92520855e+02	1.92515668e+02	1.92510533e+02	1.92505449e+02	1.92500418e+02	1.92495438e+02	1.92490510e+02	1.92485634e+02	1.92480809e+02	1.92476035e+02	1.92471312e+02	1.92466639e+02	1.92462017e+02	1.92457445e+02	1.92452923e+02	1.92448450e+02	1.92444026e+02	1.92439651e+02	1.92435324e+02	1.92431046e+02	1.92426815e+02	1.92422631e+02	1.92418494e+02	1.92414404e+02	1.92410359e+02	1.92406361e+02	1.92402407e+02	1.92398499e+02	1.92394635e+02	1.92390815e+02	1.92387038e+02	1.92383305e+02	1.92379615e+02	1.92375966e+02	1.92372360e+02	1.92368795e+02	1.92365272e+02	1.92361789e+02	1.92358346e+02	1.92354943e+02	1.92351579e+02	1.92348255e+02	1.92344969e+02	1.92341721e+02	1.92338511e+02	1.92335339e+02	1.92332203e+02	1.92329104e+02	1.92326041e+02	1.92323014e+02	1.92320022e+02	1.92317066e+02	1.92314144e+02	1.92311256e+02	1.92308402e+02	1.92305581e+02	1.92302794e+02	1.92300039e+02	1.92297317e+02	1.92294627e+02	1.92291968e+02	1.92289341e+02	1.92286744e+02	1.92284179e+02	1.92281643e+02	1.92279137e+02	1.92276661e+02	1.92274215e+02	1.92271797e+02	1.92269407e+02	1.92267046e+02	1.92264713e+02	1.92262407e+02	1.92260129e+02	1.92257878e+02	1.92255653e+02	1.92253455e+02	1.92251282e+02	1.92249136e+02	1.92247015e+02	1.92244919e+02	1.92242847e+02
4	7	1.65826140e+02	1.62407112e+02	1.59284561e+02	1.56426487e+02	1.53806248e+02	1.51403398e+02	1.49204060e+02	1.47200860e+02	1.45392450e+02	1.43782664e+02	1.42379431e+02	1.41193501e+02	1.40237098e+02	1.39522557e+02	1.39061002e+02	1.38861082e+02	1.38927791e+02	1.39261398e+02	1.39856503e+02	1.40701314e+02	1.41777212e+02	1.43058727e+02	1.44514006e+02	1.46105808e+02	1.47792901e+02	1.49531595e+02	1.51277008e+02	1.52983655e+02	1.54605239e+02	1.56093985e+02	1.57400373e+02	1.58474333e+02	1.59268578e+02	1.59744004e+02	1.59876104e+02	1.59660843e+02	1.59118401e+02	1.58293700e+02	1.57253360e+02	1.56079481e+02	1.54861184e+02	1.53685194e+02	1.52626842e+02	1.51742707e+02	1.51065906e+02	1.50604606e+02	1.50343898e+02	1.50250662e+02	1.50280572e+02	1.50385996e+02	1.50523350e+02	1.50658611e+02	1.50770120e+02	1.50848501e+02	1.50894225e+02	1.50913881e+02	1.50916344e+02	1.50909814e+02	1.50900197e+02	1.50890780e+02	1.50882758e+02	1.50876106e+02	1.50870334e+02	1.50864955e+02	1.50859661e+02	1.50854318e+02	1.50848891e+02	1.50843386e+02	1.50837818e+02	1.50832197e+02	1.50826531e+02	1.50820826e+02	1.50815088e+02	1.50809322e+02	1.50803533e+02	1.50797727e+02	1.50791908e+02	1.50786081e+02	1.50780250e+02	1.50774420e+02	1.50768594e+02	1.50762776e+02	1.50756971e+02	1.50751181e+02	1.50745410e+02	1.50739660e+02	1.50733934e+02	1.50728235e+02	1.50722566e+02	1.50716928e+02	1.50711323e+02	1.50705753e+02	1.50700221e+02	1.50694727e+02	1.50689273e+02	1.50683860e+02	1.50678490e+02	1.50673162e+02	1.50667880e+02	1.50662642e+02	1.50657450e+02	1.50652304e+02	1.50647205e+02	1.50642153e+02	1.50637150e+02	1.50632194e+02	1.50627286e+02	1.50622427e+02	1.50617616e+02	1.50612854e+02	1.50608141e+02	1.50603476e+02	1.50598860e+02	1.50594292e+02	1.50589773e+02	1.50585302e+02	1.50580878e+02	1.50576503e+02	1.50572175e+02	1.50567894e+02	1.50563661e+02	1.50559474e+02	1.50555333e+02	1.50551239e+02	1.50547191e+02	1.50543187e+02	1.50539229e+02	1.50535316e+02	1.50531447e+02	1.50527622e+02	1.50523840e+02	1.50520102e+02	1.50516406e+02	1.50512753e+02	1.50509142e+02	1.50505573e+02	1.50502044e+02	1.50498557e+02	1.50495109e+02	1.50491702e+02	1.50488335e+02	1.50485006e+02	1.50481717e+02	1.50478465e+02	1.50475252e+02	1.50472076e+02	1.50468937e+02	1.50465835e+02	1.50462770e+02	1.50459740e+02	1.50456746e+02	1.50453787e+02	1.50450863e+02	1.50447974e+02	1.50445118e+02	1.50442296e+02	1.50439507e+02	1.50436751e+02	1.50434028e+02	1.50431337e+02	1.50428678e+02	1.50426050e+02	1.50423453e+02	1.50420887e+02	1.50418351e+02	1.50415845e+02	1.50413369e+02	1.50410923e+02	1.50408505e+02	1.50406116e+02	1.50403755e+02	1.50401423e+02	1.50399118e+02	1.50396840e+02	1.50394590e+02	1.50392366e+02	1.50390168e+02	1.50387997e+02	1.50385852e+02	1.50383732e+02	1.50381637e+02	1.50379567e+02	1.50377522e+02	1.50375501e+02	1.50373505e+02	1.50371532e+02	1.50369582e+02	1.50367656e+02	1.50365753e+02	1.50363872e+02	1.50362014e+02	1.50360178e+02
4	9	2.41613605e+02	2.37482842e+02	2.33703731e+02	2.30239061e+02	2.27057832e+02	2.24136329e+02	2.21458657e+02	2.19016716e+02	2.16809668e+02	2.14842954e+02	2.13126973e+02	2.11675545e+02	2.10504242e+02	2.09628704e+02	2.09062983e+02	2.08817970e+02	2.08899919e+02	2.09309113e+02	2.10038723e+02	2.11073930e+02	2.12391443e+02	2.13959533e+02	2.15738681e+02	2.17682870e+02	2.19741357e+02	2.21860605e+02	2.23985841e+02	2.26061786e+02	2.28032391e+02	2.29840003e+02	2.31425008e+02	2.32727227e+02	2.33689896e+02	2.34266105e+02	2.34426480e+02	2.34166224e+02	2.33509634e+02	2.32510799e+02	2.31250041e+02	2.29826524e+02	2.28348141e+02	2.26920156e+02	2.25634253e+02	2.24559519e+02	2.23736579e+02	2.23175675e+02	2.22858867e+02	2.22745941e+02	2.22782963e+02	2.22911931e+02	2.23079771e+02	2.23245054e+02	2.23381417e+02	2.23477451e+02	2.23533732e+02	2.23558283e+02	2.23561905e+02	2.23554577e+02	2.23543486e+02	2.23532630e+02	2.23523465e+02	2.23515957e+02	2.23509508e+02	2.23503526e+02	2.23497635e+02	2.23491670e+02	2.23485589e+02	2.23479399e+02	2.23473116e+02	2.23466753e+02	2.23460320e+02	2.23453825e+02	2.23447273e+02	2.23440671e+02	2.23434026e+02	2.23427345e+02	2.23420633e+02	2.23413896e+02	2.23407141e+02	2.23400373e+02	2.23393596e+02	2.23386817e+02	2.23380041e+02	2.23373270e+02	2.23366511e+02	2.23359768e+02	2.23353043e+02	2.23346341e+02	2.23339665e+02	2.23333018e+02	2.23326403e+02	2.23319823e+02	2.23313281e+02	2.23306778e+02	2.23300316e+02	2.23293898e+02	2.23287526e+02	2.23281200e+02	2.23274923e+02	2.23268695e+02	2.23262518e+02	2.23256393e+02	2.23250320e+02	2.23244301e+02	2.23238336e+02	2.23232426e+02	2.23226571e+02	2.23220771e+02	2.23215027e+02	2.23209340e+02	2.23203709e+02	2.23198134e+02	2.23192616e+02	2.23187154e+02	2.23181749e+02	2.23176400e+02	2.23171108e+02	2.23165871e+02	2.23160691e+02	2.23155566e+02	2.23150497e+02	2.23145483e+02	2.23140524e+02	2.23135620e+02	2.23130769e+02	2.23125973e+02	2.23121230e+02	2.23116540e+02	2.23111903e+02	2.23107318e+02	2.23102785e+02	2.23098303e+02	2.23093872e+02	2.23089492e+02	2.23085162e+02	2.23080882e+02	2.23076650e+02	2.23072468e+02	2.23068333e+02	2.23064246e+02	2.23060207e+02	2.23056214e+02	2.23052268e+02	2.23048367e+02	2.23044512e+02	2.23040702e+02	2.23036936e+02	2.23033214e+02	2.23029536e+02	2.23025901e+02	2.23022308e+02	2.23018758e+02	2.23015249e+02	2.23011781e+02	2.23008354e+02	2.23004967e+02	2.23001621e+02	2.22998313e+02	2.22995045e+02	2.22991815e+02	2.22988623e+02	2.22985469e+02	2.22982353e+02	2.22979273e+02	2.22976229e+02	2.22973221e+02	2.22970249e+02	2.22967313e+02	2.22964411e+02	2.22961543e+02	2.22958709e+02	2.22955909e+02	2.22953143e+02	2.22950409e+02	2.22947707e+02	2.22945037e+02	2.22942400e+02	2.22939793e+02	2.22937218e+02	2.22934673e+02	2.22932158e+02	2.22929673e+02	2.22927218e+02	2.22924792e+02	2.22922395e+02	2.22920027e+02	2.22917686e+02	2.22915374e+02	2.22913089e+02	2.22910831e+02	2.22908600e+02	2.22906396e+02
5	10	2.39180627e+02	2.35070810e+02	2.31311053e+02	2.27864279e+02	2.24699608e+02	2.21793419e+02	2.19129875e+02	2.16700897e+02	2.14505633e+02	2.12549475e+02	2.10842753e+02	2.09399193e+02	2.08234270e+02	2.07363527e+02	2.06800931e+02	2.06557306e+02	2.06638870e+02	2.07045906e+02	2.07771627e+02	2.08801303e+02	2.10111783e+02	2.11671522e+02	2.13441226e+02	2.15375138e+02	2.17422796e+02	2.19530952e+02	2.21645125e+02	2.23710326e+02	2.25670792e+02	2.27469162e+02	2.29046119e+02	2.30341783e+02	2.31299667e+02	2.31873091e+02	2.32032825e+02	2.31774093e+02	2.31121072e+02	2.30127579e+02	2.28873533e+02	2.27457596e+02	2.25987107e+02	2.24566786e+02	2.23287835e+02	2.22218973e+02	2.21400606e+02	2.20842914e+02	2.20528045e+02	2.20415996e+02	2.20453113e+02	2.20581701e+02	2.20748960e+02	2.20913683e+02	2.21049641e+02	2.21145485e+02	2.21201788e+02	2.21226528e+02	2.21230450e+02	2.21223480e+02	2.21212766e+02	2.21202285e+02	2.21193484e+02	2.21186328e+02	2.21180223e+02	2.21174579e+02	2.21169021e+02	2.21163385e+02	2.21157627e+02	2.21151755e+02	2.21145785e+02	2.21139730e+02	2.21133597e+02	2.21127396e+02	2.21121131e+02	2.21114810e+02	2.21108438e+02	2.21102023e+02	2.21095570e+02	2.21089085e+02	2.21082575e+02	2.21076044e+02	2.21069499e+02	2.21062944e+02	2.21056385e+02	2.21049826e+02	2.21043272e+02	2.21036726e+02	2.21030194e+02	2.21023679e+02	2.21017184e+02	2.21010713e+02	2.21004268e+02	2.20997854e+02	2.20991472e+02	2.20985124e+02	2.20978814e+02	2.20972543e+02	2.20966314e+02	2.20960127e+02	2.20953984e+02	2.20947888e+02	2.20941839e+02	2.20935838e+02	2.20929886e+02	2.20923985e+02	2.20918135e+02	2.20912337e+02	2.20906591e+02	2.20900898e+02	2.20895258e+02	2.20889672e+02	2.20884140e+02	2.20878663e+02	2.20873239e+02	2.20867870e+02	2.20862556e+02	2.20857296e+02	2.20852090e+02	2.20846939e+02	2.20841842e+02	2.20836798e+02	2.20831809e+02	2.20826873e+02	2.20821991e+02	2.20817162e+02	2.20812385e+02	2.20807661e+02	2.20802989e+02	2.20798369e+02	2.20793800e+02	2.20789283e+02	2.20784815e+02	2.20780399e+02	2.20776031e+02	2.20771714e+02	2.20767445e+02	2.20763225e+02	2.20759053e+02	2.20754929e+02	2.20750852e+02	2.20746821e+02	2.20742838e+02	2.20738899e+02	2.20735007e+02	2.20731159e+02	2.20727356e+02	2.20723597e+02	2.20719882e+02	2.20716210e+02	2.20712580e+02	2.20708993e+02	2.20705448e+02	2.20701944e+02	2.20698481e+02	2.20695059e+02	2.20691677e+02	2.20688334e+02	2.20685030e+02	2.20681766e+02	2.20678539e+02	2.20675351e+02	2.20672200e+02	2.20669086e+02	2.20666009e+02	2.20662968e+02	2.20659963e+02	2.20656994e+02	2.20654059e+02	2.20651159e+02	2.20648294e+02	2.20645462e+02	2.20642664e+02	2.20639898e+02	2.20637166e+02	2.20634466e+02	2.20631798e+02	2.20629161e+02	2.20626556e+02	2.20623982e+02	2.20621438e+02	2.20618924e+02	2.20616440e+02	2.20613986e+02	2.20611561e+02	2.20609164e+02	2.20606797e+02	2.20604457e+02	2.20602145e+02	2.20599860e+02	2.20597603e+02	2.20595373e+02	2.20593169e+02	2.20590991e+02
4	10	2.75152378e+02	2.70743007e+02	2.66706896e+02	2.63004788e+02	2.59603974e+02	2.56479460e+02	2.53614559e+02	2.51000888e+02	2.48637808e+02	2.46531388e+02	2.44692997e+02	2.43137653e+02	2.41882240e+02	2.40943692e+02	2.40337209e+02	2.40074557e+02	2.40162483e+02	2.40601279e+02	2.41383552e+02	2.42493301e+02	2.43905406e+02	2.45585688e+02	2.47491628e+02	2.49573772e+02	2.51777656e+02	2.54045887e+02	2.56319822e+02	2.58540348e+02	2.60647598e+02	2.62580053e+02	2.64274149e+02	2.65665749e+02	2.66694380e+02	2.67310076e+02	2.67481558e+02	2.67203732e+02	2.66502506e+02	2.65435557e+02	2.64088569e+02	2.62567389e+02	2.60987256e+02	2.59460689e+02	2.58085776e+02	2.56936498e+02	2.56056421e+02	2.55456596e+02	2.55117900e+02	2.54997341e+02	2.55037222e+02	2.55175486e+02	2.55355338e+02	2.55532456e+02	2.55678633e+02	2.55781663e+02	2.55842165e+02	2.55868722e+02	2.55872888e+02	2.55865339e+02	2.55853764e+02	2.55842437e+02	2.55832917e+02	2.55825166e+02	2.55818544e+02	2.55812418e+02	2.55806384e+02	2.55800266e+02	2.55794017e+02	2.55787646e+02	2.55781168e+02	2.55774600e+02	2.55767948e+02	2.55761223e+02	2.55754430e+02	2.55747577e+02	2.55740671e+02	2.55733719e+02	2.55726726e+02	2.55719700e+02	2.55712648e+02	2.55705574e+02	2.55698486e+02	2.55691389e+02	2.55684287e+02	2.55677187e+02	2.55670093e+02	2.55663010e+02	2.55655942e+02	2.55648893e+02	2.55641867e+02	2.55634867e+02	2.55627898e+02	2.55620961e+02	2.55614061e+02	2.55607199e+02	2.55600378e+02	2.55593600e+02	2.55586867e+02	2.55580182e+02	2.55573545e+02	2.55566959e+02	2.55560424e+02	2.55553942e+02	2.55547514e+02	2.55541141e+02	2.55534824e+02	2.55528564e+02	2.55522360e+02	2.55516215e+02	2.55510127e+02	2.55504098e+02	2.55498127e+02	2.55492216e+02	2.55486364e+02	2.55480571e+02	2.55474837e+02	2.55469162e+02	2.55463546e+02	2.55457990e+02	2.55452492e+02	2.55447053e+02	2.55441672e+02	2.55436349e+02	2.55431085e+02	2.55425877e+02	2.55420727e+02	2.55415634e+02	2.55410598e+02	2.55405617e+02	2.55400692e+02	2.55395822e+02	2.55391008e+02	2.55386247e+02	2.55381541e+02	2.55376888e+02	2.55372288e+02	2.55367740e+02	2.55363245e+02	2.55358801e+02	2.55354408e+02	2.55350066e+02	2.55345774e+02	2.55341531e+02	2.55337338e+02	2.55333193e+02	2.55329097e+02	2.55325048e+02	2.55321046e+02	2.55317091e+02	2.55313182e+02	2.55309319e+02	2.55305501e+02	2.55301727e+02	2.55297998e+02	2.55294313e+02	2.55290670e+02	2.55287071e+02	2.55283514e+02	2.55279999e+02	2.55276525e+02	2.55273092e+02	2.55269699e+02	2.55266347e+02	2.55263034e+02	2.55259760e+02	2.55256525e+02	2.55253328e+02	2.55250169e+02	2.55247048e+02	2.55243963e+02	2.55240915e+02	2.55237902e+02	2.55234926e+02	2.55231985e+02	2.55229079e+02	2.55226207e+02	2.55223369e+02	2.55220565e+02	2.55217794e+02	2.55215057e+02	2.55212351e+02	2.55209678e+02	2.55207037e+02	2.55204427e+02	2.55201848e+02	2.55199299e+02	2.55196781e+02	2.55194293e+02	2.55191835e+02	2.55189406e+02	2.55187005e+02	2.55184634e+02	2.55182290e+02
5	11	2.71647756e+02	2.67266672e+02	2.63256687e+02	2.59578732e+02	2.56200262e+02	2.53096410e+02	2.50250570e+02	2.47654387e+02	2.45307201e+02	2.43215017e+02	2.41389107e+02	2.39844368e+02	2.38597549e+02	2.37665454e+02	2.37063166e+02	2.36802363e+02	2.36889742e+02	2.37325594e+02	2.38102585e+02	2.39204833e+02	2.40607406e+02	2.42276372e+02	2.44169519e+02	2.46237742e+02	2.48426956e+02	2.50680160e+02	2.52939103e+02	2.55145065e+02	2.57238565e+02	2.59158477e+02	2.60841639e+02	2.62224317e+02	2.63246413e+02	2.63858272e+02	2.64028810e+02	2.63752960e+02	2.63056468e+02	2.61996647e+02	2.60658633e+02	2.59147597e+02	2.57578030e+02	2.56061716e+02	2.54696092e+02	2.53554642e+02	2.52680634e+02	2.52085037e+02	2.51748848e+02	2.51629358e+02	2.51669251e+02	2.51806879e+02	2.51985828e+02	2.52162066e+02	2.52307573e+02	2.52410223e+02	2.52470631e+02	2.52497320e+02	2.52501769e+02	2.52494582e+02	2.52483395e+02	2.52472456e+02	2.52463310e+02	2.52455919e+02	2.52449648e+02	2.52443867e+02	2.52438174e+02	2.52432392e+02	2.52426477e+02	2.52420434e+02	2.52414281e+02	2.52408031e+02	2.52401693e+02	2.52395274e+02	2.52388783e+02	2.52382224e+02	2.52375606e+02	2.52368935e+02	2.52362216e+02	2.52355458e+02	2.52348666e+02	2.52341847e+02	2.52335006e+02	2.52328148e+02	2.52321281e+02	2.52314408e+02	2.52307535e+02	2.52300666e+02	2.52293806e+02	2.52286960e+02	2.52280131e+02	2.52273323e+02	2.52266539e+02	2.52259784e+02	2.52253059e+02	2.52246367e+02	2.52239712e+02	2.52233096e+02	2.52226521e+02	2.52219988e+02	2.52213501e+02	2.52207060e+02	2.52200666e+02	2.52194322e+02	2.52188029e+02	2.52181787e+02	2.52175598e+02	2.52169462e+02	2.52163380e+02	2.52157354e+02	2.52151382e+02	2.52145467e+02	2.52139608e+02	2.52133805e+02	2.52128059e+02	2.52122370e+02	2.52116737e+02	2.52111162e+02	2.52105644e+02	2.52100183e+02	2.52094779e+02	2.52089432e+02	2.52084141e+02	2.52078907e+02	2.52073729e+02	2.52068607e+02	2.52063540e+02	2.52058529e+02	2.52053573e+02	2.52048671e+02	2.52043824e+02	2.52039030e+02	2.52034290e+02	2.52029604e+02	2.52024969e+02	2.52020387e+02	2.52015857e+02	2.52011379e+02	2.52006951e+02	2.52002573e+02	2.51998246e+02	2.51993968e+02	2.51989739e+02	2.51985559e+02	2.51981427e+02	2.51977343e+02	2.51973306e+02	2.51969315e+02	2.51965371e+02	2.51961473e+02	2.51957620e+02	2.51953811e+02	2.51950047e+02	2.51946327e+02	2.51942651e+02	2.51939017e+02	2.51935426e+02	2.51931877e+02	2.51928369e+02	2.51924903e+02	2.51921477e+02	2.51918092e+02	2.51914746e+02	2.51911440e+02	2.51908173e+02	2.51904944e+02	2.51901753e+02	2.51898599e+02	2.51895483e+02	2.51892404e+02	2.51889361e+02	2.51886354e+02	2.51883382e+02	2.51880446e+02	2.51877545e+02	2.51874677e+02	2.51871844e+02	2.51869044e+02	2.51866278e+02	2.51863544e+02	2.51860842e+02	2.51858173e+02	2.51855535e+02	2.51852929e+02	2.51850353e+02	2.51847808e+02	2.51845294e+02	2.51842809e+02	2.51840353e+02	2.51837927e+02	2.51835530e+02	2.51833161e+02	2.51830821e+02	2.51828508e+02
6	12	2.70437714e+02	2.66066435e+02	2.62065520e+02	2.58395958e+02	2.55025255e+02	2.51928589e+02	2.49089379e+02	2.46499280e+02	2.44157626e+02	2.42070400e+02	2.40248840e+02	2.38707799e+02	2.37463983e+02	2.36534149e+02	2.35933339e+02	2.35673202e+02	2.35760417e+02	2.36195275e+02	2.36970463e+02	2.38070139e+02	2.39469438e+02	2.41134514e+02	2.43023260e+02	2.45086694e+02	2.47270862e+02	2.49518899e+02	2.51772691e+02	2.53973653e+02	2.56062440e+02	2.57978061e+02	2.59657494e+02	2.61037145e+02	2.62057047e+02	2.62667652e+02	2.62837943e+02	2.62562864e+02	2.61868102e+02	2.60810845e+02	2.59476041e+02	2.57968623e+02	2.56402825e+02	2.54890175e+02	2.53527885e+02	2.52389266e+02	2.51517484e+02	2.50923480e+02	2.50588290e+02	2.50469305e+02	2.50509341e+02	2.50646893e+02	2.50825676e+02	2.51001759e+02	2.51147187e+02	2.51249861e+02	2.51310394e+02	2.51337290e+02	2.51341998e+02	2.51335099e+02	2.51324211e+02	2.51313569e+02	2.51304716e+02	2.51297615e+02	2.51291629e+02	2.51286128e+02	2.51280714e+02	2.51275208e+02	2.51269565e+02	2.51263791e+02	2.51257902e+02	2.51251912e+02	2.51245828e+02	2.51239659e+02	2.51233411e+02	2.51227091e+02	2.51220705e+02	2.51214260e+02	2.51207762e+02	2.51201217e+02	2.51194633e+02	2.51188015e+02	2.51181369e+02	2.51174702e+02	2.51168018e+02	2.51161323e+02	2.51154621e+02	2.51147919e+02	2.51141221e+02	2.51134530e+02	2.51127852e+02	2.51121190e+02	2.51114548e+02	2.51107928e+02	2.51101336e+02	2.51094772e+02	2.51088241e+02	2.51081745e+02	2.51075285e+02	2.51068865e+02	2.51062487e+02	2.51056151e+02	2.51049860e+02	2.51043616e+02	2.51037419e+02	2.51031271e+02	2.51025173e+02	2.51019126e+02	2.51013130e+02	2.51007188e+02	2.51001298e+02	2.50995462e+02	2.50989680e+02	2.50983952e+02	2.50978280e+02	2.50972662e+02	2.50967100e+02	2.50961594e+02	2.50956142e+02	2.50950746e+02	2.50945406e+02	2.50940121e+02	2.50934891e+02	2.50929716e+02	2.50924597e+02	2.50919531e+02	2.50914521e+02	2.50909564e+02	2.50904662e+02	2.50899812e+02	2.50895017e+02	2.50890274e+02	2.50885583e+02	2.50880945e+02	2.50876358e+02	2.50871823e+02	2.50867339e+02	2.50862905e+02	2.50858522e+02	2.50854188e+02	2.50849903e+02	2.50845667e+02	2.50841480e+02	2.50837340e+02	2.50833248e+02	2.50829203e+02	2.50825204e+02	2.50821252e+02	2.50817345e+02	2.50813483e+02	2.50809666e+02	2.50805893e+02	2.50802164e+02	2.50798479e+02	2.50794836e+02	2.50791235e+02	2.50787677e+02	2.50784160e+02	2.50780684e+02	2.50777249e+02	2.50773854e+02	2.50770499e+02	2.50767184e+02	2.50763907e+02	2.50760668e+02	2.50757468e+02	2.50754305e+02	2.50751180e+02	2.50748091e+02	2.50745039e+02	2.50742022e+02	2.50739041e+02	2.50736096e+02	2.50733185e+02	2.50730308e+02	2.50727466e+02	2.50724657e+02	2.50721881e+02	2.50719138e+02	2.50716428e+02	2.50713749e+02	2.50711103e+02	2.50708487e+02	2.50705903e+02	2.50703349e+02	2.50700826e+02	2.50698332e+02	2.50695868e+02	2.50693434e+02	2.50691028e+02	2.50688651e+02	2.50686302e+02	2.50683981e+02	2.50681687e+02
6	13	3.00046007e+02	2.95440671e+02	2.91223857e+02	2.87354829e+02	2.83799660e+02	2.80532450e+02	2.77535953e+02	2.74801588e+02	2.72328856e+02	2.70124266e+02	2.68199871e+02	2.66571532e+02	2.65257057e+02	2.64274288e+02	2.63639232e+02	2.63364274e+02	2.63456507e+02	2.63916229e+02	2.64735653e+02	2.65897945e+02	2.67376703e+02	2.69136022e+02	2.71131276e+02	2.73310595e+02	2.75616900e+02	2.77990085e+02	2.80368787e+02	2.82691199e+02	2.84894770e+02	2.86915260e+02	2.88686329e+02	2.90141060e+02	2.91216367e+02	2.91860138e+02	2.92039754e+02	2.91749911e+02	2.91017649e+02	2.89903170e+02	2.88495927e+02	2.86906466e+02	2.85255193e+02	2.83659732e+02	2.82222672e+02	2.81021437e+02	2.80101662e+02	2.79474969e+02	2.79121401e+02	2.78996013e+02	2.79038463e+02	2.79183836e+02	2.79372726e+02	2.79558768e+02	2.79712459e+02	2.79821032e+02	2.79885135e+02	2.79913741e+02	2.79918935e+02	2.79911880e+02	2.79900617e+02	2.79889614e+02	2.79880500e+02	2.79873232e+02	2.79867140e+02	2.79861559e+02	2.79856067e+02	2.79850475e+02	2.79844735e+02	2.79838853e+02	2.79832846e+02	2.79826727e+02	2.79820506e+02	2.79814189e+02	2.79807784e+02	2.79801298e+02	2.79794736e+02	2.79788107e+02	2.79781417e+02	2.79774672e+02	2.79767880e+02	2.79761046e+02	2.79754178e+02	2.79747281e+02	2.79740362e+02	2.79733426e+02	2.79726479e+02	2.79719526e+02	2.79712572e+02	2.79705622e+02	2.79698680e+02	2.79691752e+02	2.79684840e+02	2.79677949e+02	2.79671082e+02	2.79664243e+02	2.79657435e+02	2.79650660e+02	2.79643921e+02	2.79637220e+02	2.79630561e+02	2.79623945e+02	2.79617373e+02	2.79610848e+02	2.79604371e+02	2.79597943e+02	2.79591566e+02	2.79585241e+02	2.79578969e+02	2.79572751e+02	2.79566587e+02	2.79560478e+02	2.79554425e+02	2.79548428e+02	2.79542488e+02	2.79536604e+02	2.79530778e+02	2.79525009e+02	2.79519298e+02	2.79513644e+02	2.79508048e+02	2.79502509e+02	2.79497027e+02	2.79491603e+02	2.79486236e+02	2.79480926e+02	2.79475673e+02	2.79470476e+02	2.79465335e+02	2.79460250e+02	2.79455221e+02	2.79450247e+02	2.79445328e+02	2.79440463e+02	2.79435652e+02	2.79430895e+02	2.79426192e+02	2.79421541e+02	2.79416942e+02	2.79412396e+02	2.79407901e+02	2.79403457e+02	2.79399064e+02	2.79394721e+02	2.79390427e+02	2.79386183e+02	2.79381987e+02	2.79377840e+02	2.79373741e+02	2.79369689e+02	2.79365683e+02	2.79361724e+02	2.79357811e+02	2.79353944e+02	2.79350121e+02	2.79346343e+02	2.79342608e+02	2.79338918e+02	2.79335270e+02	2.79331665e+02	2.79328102e+02	2.79324581e+02	2.79321101e+02	2.79317662e+02	2.79314263e+02	2.79310905e+02	2.79307585e+02	2.79304305e+02	2.79301063e+02	2.79297859e+02	2.79294693e+02	2.79291565e+02	2.79288473e+02	2.79285418e+02	2.79282399e+02	2.79279415e+02	2.79276467e+02	2.79273553e+02	2.79270674e+02	2.79267829e+02	2.79265018e+02	2.79262240e+02	2.79259495e+02	2.79256782e+02	2.79254102e+02	2.79251453e+02	2.79248836e+02	2.79246249e+02	2.79243694e+02	2.79241169e+02	2.79238673e+02	2.79236208e+02	2.79233771e+02	2.79231364e+02
7	14	2.99671628e+02	2.95069167e+02	2.90855026e+02	2.86988479e+02	2.83435607e+02	2.80170524e+02	2.77175992e+02	2.74443431e+02	2.71972341e+02	2.69769226e+02	2.67846126e+02	2.66218892e+02	2.64905318e+02	2.63923231e+02	2.63288629e+02	2.63013887e+02	2.63106093e+02	2.63565544e+02	2.64384461e+02	2.65546022e+02	2.67023842e+02	2.68782046e+02	2.70776036e+02	2.72953978e+02	2.75258833e+02	2.77630537e+02	2.80007763e+02	2.82328748e+02	2.84530978e+02	2.86550256e+02	2.88320281e+02	2.89774177e+02	2.90848899e+02	2.91492364e+02	2.91671975e+02	2.91382429e+02	2.90650750e+02	2.89537103e+02	2.88130885e+02	2.86542573e+02	2.84892497e+02	2.83298205e+02	2.81862222e+02	2.80661920e+02	2.79742904e+02	2.79116789e+02	2.78763628e+02	2.78638506e+02	2.78681121e+02	2.78826598e+02	2.79015569e+02	2.79201699e+02	2.79355504e+02	2.79464224e+02	2.79528507e+02	2.79557318e+02	2.79562736e+02	2.79555915e+02	2.79544890e+02	2.79534127e+02	2.79525251e+02	2.79518221e+02	2.79512366e+02	2.79507021e+02	2.79501763e+02	2.79496403e+02	2.79490893e+02	2.79485238e+02	2.79479455e+02	2.79473557e+02	2.79467552e+02	2.79461448e+02	2.79455251e+02	2.79448967e+02	2.79442604e+02	2.79436168e+02	2.79429665e+02	2.79423103e+02	2.79416488e+02	2.79409826e+02	2.79403124e+02	2.79396389e+02	2.79389625e+02	2.79382840e+02	2.79376039e+02	2.79369226e+02	2.79362408e+02	2.79355589e+02	2.79348774e+02	2.79341968e+02	2.79335174e+02	2.79328397e+02	2.79321640e+02	2.79314906e+02	2.79308200e+02	2.79301523e+02	2.79294880e+02	2.79288271e+02	2.79281701e+02	2.79275170e+02	2.79268682e+02	2.79262237e+02	2.79255838e+02	2.79249485e+02	2.79243181e+02	2.79236927e+02	2.79230723e+02	2.79224572e+02	2.79218472e+02	2.79212426e+02	2.79206434e+02	2.79200496e+02	2.79194614e+02	2.79188786e+02	2.79183015e+02	2.79177299e+02	2.79171640e+02	2.79166036e+02	2.79160489e+02	2.79154998e+02	2.79149564e+02	2.79144186e+02	2.79138864e+02	2.79133597e+02	2.79128387e+02	2.79123232e+02	2.79118132e+02	2.79113087e+02	2.79108097e+02	2.79103162e+02	2.79098280e+02	2.79093452e+02	2.79088678e+02	2.79083957e+02	2.79079288e+02	2.79074671e+02	2.79070106e+02	2.79065593e+02	2.79061130e+02	2.79056718e+02	2.79052356e+02	2.79048043e+02	2.79043780e+02	2.79039565e+02	2.79035398e+02	2.79031280e+02	2.79027208e+02	2.79023184e+02	2.79019206e+02	2.79015273e+02	2.79011387e+02	2.79007545e+02	2.79003748e+02	2.78999994e+02	2.78996285e+02	2.78992618e+02	2.78988995e+02	2.78985413e+02	2.78981873e+02	2.78978375e+02	2.78974918e+02	2.78971501e+02	2.78968124e+02	2.78964786e+02	2.78961488e+02	2.78958229e+02	2.78955007e+02	2.78951824e+02	2.78948678e+02	2.78945569e+02	2.78942497e+02	2.78939460e+02	2.78936460e+02	2.78933495e+02	2.78930565e+02	2.78927670e+02	2.78924808e+02	2.78921981e+02	2.78919187e+02	2.78916426e+02	2.78913697e+02	2.78911001e+02	2.78908337e+02	2.78905705e+02	2.78903103e+02	2.78900533e+02	2.78897993e+02	2.78895483e+02	2.78893002e+02	2.78890551e+02	2.78888130e+02	2.78885737e+02
6	14	3.28068002e+02	3.23251557e+02	3.18840013e+02	3.14791080e+02	3.11069532e+02	3.07648502e+02	3.04510144e+02	3.01645659e+02	2.99054702e+02	2.96744259e+02	2.94727113e+02	2.93020037e+02	2.91641831e+02	2.90611319e+02	2.89945375e+02	2.89657049e+02	2.89753808e+02	2.90235955e+02	2.91095277e+02	2.92314045e+02	2.93864468e+02	2.95708789e+02	2.97800105e+02	3.00083944e+02	3.02500408e+02	3.04986469e+02	3.07477830e+02	3.09909782e+02	3.12216879e+02	3.14331954e+02	3.16185672e+02	3.17708118e+02	3.18833397e+02	3.19507081e+02	3.19695108e+02	3.19391948e+02	3.18625863e+02	3.17459773e+02	3.15987196e+02	3.14323738e+02	3.12595374e+02	3.10925223e+02	3.09420727e+02	3.08163018e+02	3.07199958e+02	3.06543785e+02	3.06173642e+02	3.06042481e+02	3.06087110e+02	3.06239540e+02	3.06437548e+02	3.06632574e+02	3.06793720e+02	3.06907617e+02	3.06974942e+02	3.07005095e+02	3.07010730e+02	3.07003539e+02	3.06991942e+02	3.06980617e+02	3.06971270e+02	3.06963856e+02	3.06957673e+02	3.06952023e+02	3.06946464e+02	3.06940798e+02	3.06934974e+02	3.06928998e+02	3.06922888e+02	3.06916656e+02	3.06910313e+02	3.06903866e+02	3.06897321e+02	3.06890687e+02	3.06883968e+02	3.06877174e+02	3.06870311e+02	3.06863385e+02	3.06856405e+02	3.06849377e+02	3.06842307e+02	3.06835203e+02	3.06828070e+02	3.06820915e+02	3.06813744e+02	3.06806563e+02	3.06799376e+02	3.06792189e+02	3.06785007e+02	3.06777836e+02	3.06770678e+02	3.06763538e+02	3.06756421e+02	3.06749329e+02	3.06742267e+02	3.06735237e+02	3.06728242e+02	3.06721285e+02	3.06714369e+02	3.06707496e+02	3.06700667e+02	3.06693885e+02	3.06687152e+02	3.06680468e+02	3.06673837e+02	3.06667258e+02	3.06660732e+02	3.06654262e+02	3.06647848e+02	3.06641490e+02	3.06635190e+02	3.06628947e+02	3.06622762e+02	3.06616636e+02	3.06610570e+02	3.06604562e+02	3.06598614e+02	3.06592725e+02	3.06586896e+02	3.06581126e+02	3.06575416e+02	3.06569765e+02	3.06564174e+02	3.06558641e+02	3.06553168e+02	3.06547753e+02	3.06542396e+02	3.06537098e+02	3.06531857e+02	3.06526674e+02	3.06521548e+02	3.06516478e+02	3.06511465e+02	3.06506507e+02	3.06501605e+02	3.06496758e+02	3.06491966e+02	3.06487227e+02	3.06482543e+02	3.06477911e+02	3.06473332e+02	3.06468806e+02	3.06464331e+02	3.06459907e+02	3.06455534e+02	3.06451212e+02	3.06446939e+02	3.06442716e+02	3.06438541e+02	3.06434415e+02	3.06430336e+02	3.06426305e+02	3.06422321e+02	3.06418383e+02	3.06414491e+02	3.06410644e+02	3.06406843e+02	3.06403085e+02	3.06399372e+02	3.06395702e+02	3.06392075e+02	3.06388490e+02	3.06384948e+02	3.06381447e+02	3.06377987e+02	3.06374568e+02	3.06371190e+02	3.06367851e+02	3.06364551e+02	3.06361290e+02	3.06358068e+02	3.06354884e+02	3.06351737e+02	3.06348627e+02	3.06345555e+02	3.06342518e+02	3.06339517e+02	3.06336552e+02	3.06333622e+02	3.06330727e+02	3.06327866e+02	3.06325039e+02	3.06322245e+02	3.06319485e+02	3.06316757e+02	3.06314061e+02	3.06311398e+02	3.06308766e+02	3.06306166e+02	3.06303596e+02	3.06301057e+02	3.06298548e+02
7	15	3.27048412e+02	3.22239485e+02	3.17834897e+02	3.13792399e+02	3.10076807e+02	3.06661286e+02	3.03528011e+02	3.00668191e+02	2.98081475e+02	2.95774832e+02	2.93761020e+02	2.92056780e+02	2.90680876e+02	2.89652095e+02	2.88987284e+02	2.88699467e+02	2.88796099e+02	2.89277481e+02	2.90135419e+02	2.91352212e+02	2.92900123e+02	2.94741458e+02	2.96829397e+02	2.99109561e+02	3.01522152e+02	3.04004249e+02	3.06491657e+02	3.08919772e+02	3.11223252e+02	3.13335034e+02	3.15185890e+02	3.16706012e+02	3.17829606e+02	3.18502326e+02	3.18690162e+02	3.18387592e+02	3.17622834e+02	3.16458710e+02	3.14988595e+02	3.13327913e+02	3.11602441e+02	3.09935103e+02	3.08433167e+02	3.07177634e+02	3.06216287e+02	3.05561342e+02	3.05191973e+02	3.05061209e+02	3.05105958e+02	3.05258340e+02	3.05456234e+02	3.05651157e+02	3.05812259e+02	3.05926193e+02	3.05993635e+02	3.06023967e+02	3.06029825e+02	3.06022881e+02	3.06011540e+02	3.06000473e+02	3.05991382e+02	3.05984222e+02	3.05978291e+02	3.05972892e+02	3.05967584e+02	3.05962167e+02	3.05956591e+02	3.05950860e+02	3.05944993e+02	3.05939002e+02	3.05932895e+02	3.05926681e+02	3.05920366e+02	3.05913955e+02	3.05907457e+02	3.05900878e+02	3.05894224e+02	3.05887504e+02	3.05880723e+02	3.05873889e+02	3.05867009e+02	3.05860088e+02	3.05853133e+02	3.05846151e+02	3.05839148e+02	3.05832128e+02	3.05825099e+02	3.05818064e+02	3.05811030e+02	3.05804001e+02	3.05796981e+02	3.05789975e+02	3.05782987e+02	3.05776021e+02	3.05769079e+02	3.05762166e+02	3.05755285e+02	3.05748438e+02	3.05741628e+02	3.05734858e+02	3.05728129e+02	3.05721444e+02	3.05714804e+02	3.05708212e+02	3.05701668e+02	3.05695175e+02	3.05688733e+02	3.05682344e+02	3.05676008e+02	3.05669726e+02	3.05663500e+02	3.05657330e+02	3.05651216e+02	3.05645158e+02	3.05639158e+02	3.05633216e+02	3.05627331e+02	3.05621504e+02	3.05615735e+02	3.05610025e+02	3.05604372e+02	3.05598777e+02	3.05593241e+02	3.05587762e+02	3.05582341e+02	3.05576978e+02	3.05571671e+02	3.05566422e+02	3.05561230e+02	3.05556094e+02	3.05551013e+02	3.05545989e+02	3.05541020e+02	3.05536106e+02	3.05531247e+02	3.05526441e+02	3.05521690e+02	3.05516992e+02	3.05512347e+02	3.05507754e+02	3.05503213e+02	3.05498724e+02	3.05494286e+02	3.05489898e+02	3.05485561e+02	3.05481273e+02	3.05477034e+02	3.05472845e+02	3.05468703e+02	3.05464609e+02	3.05460563e+02	3.05456563e+02	3.05452609e+02	3.05448702e+02	3.05444840e+02	3.05441022e+02	3.05437249e+02	3.05433521e+02	3.05429835e+02	3.05426193e+02	3.05422593e+02	3.05419035e+02	3.05415519e+02	3.05412044e+02	3.05408610e+02	3.05405216e+02	3.05401862e+02	3.05398547e+02	3.05395272e+02	3.05392035e+02	3.05388836e+02	3.05385674e+02	3.05382550e+02	3.05379463e+02	3.05376412e+02	3.05373397e+02	3.05370418e+02	3.05367474e+02	3.05364564e+02	3.05361690e+02	3.05358849e+02	3.05356041e+02	3.05353267e+02	3.05350526e+02	3.05347817e+02	3.05345141e+02	3.05342496e+02	3.05339882e+02	3.05337299e+02	3.05334747e+02	3.05332226e+02	3.05329734e+02
8	16	3.27277030e+02	3.22466410e+02	3.18060276e+02	3.14016359e+02	3.10299458e+02	3.06882728e+02	3.03748340e+02	3.00887502e+02	2.98299864e+02	2.95992397e+02	2.93977866e+02	2.92273020e+02	2.90896630e+02	2.89867493e+02	2.89202460e+02	2.88914562e+02	2.89011258e+02	2.89492848e+02	2.90351134e+02	2.91568411e+02	2.93116928e+02	2.94958978e+02	2.97047723e+02	2.99328763e+02	3.01742278e+02	3.04225324e+02	3.06713684e+02	3.09142729e+02	3.11447095e+02	3.13559697e+02	3.15411281e+02	3.16932018e+02	3.18056089e+02	3.18729131e+02	3.18917123e+02	3.18614540e+02	3.17849610e+02	3.16685178e+02	3.15214649e+02	3.13553490e+02	3.11827520e+02	3.10159708e+02	3.08657362e+02	3.07401513e+02	3.06439959e+02	3.05784924e+02	3.05415575e+02	3.05284922e+02	3.05329853e+02	3.05482461e+02	3.05680602e+02	3.05875777e+02	3.06037123e+02	3.06151289e+02	3.06218949e+02	3.06249491e+02	3.06255552e+02	3.06248810e+02	3.06237671e+02	3.06226810e+02	3.06217925e+02	3.06210975e+02	3.06205254e+02	3.06200065e+02	3.06194966e+02	3.06189759e+02	3.06184390e+02	3.06178865e+02	3.06173201e+02	3.06167410e+02	3.06161501e+02	3.06155481e+02	3.06149356e+02	3.06143132e+02	3.06136816e+02	3.06130415e+02	3.06123935e+02	3.06117383e+02	3.06110766e+02	3.06104091e+02	3.06097365e+02	3.06090593e+02	3.06083783e+02	3.06076941e+02	3.06070072e+02	3.06063183e+02	3.06056279e+02	3.06049366e+02	3.06042449e+02	3.06035532e+02	3.06028621e+02	3.06021720e+02	3.06014832e+02	3.06007963e+02	3.06001115e+02	3.05994292e+02	3.05987497e+02	3.05980734e+02	3.05974004e+02	3.05967312e+02	3.05960658e+02	3.05954045e+02	3.05947475e+02	3.05940950e+02	3.05934472e+02	3.05928041e+02	3.05921660e+02	3.05915330e+02	3.05909051e+02	3.05902825e+02	3.05896652e+02	3.05890534e+02	3.05884470e+02	3.05878461e+02	3.05872509e+02	3.05866612e+02	3.05860772e+02	3.05854989e+02	3.05849262e+02	3.05843593e+02	3.05837981e+02	3.05832425e+02	3.05826927e+02	3.05821485e+02	3.05816100e+02	3.05810772e+02	3.05805501e+02	3.05800285e+02	3.05795125e+02	3.05790022e+02	3.05784973e+02	3.05779979e+02	3.05775041e+02	3.05770156e+02	3.05765326e+02	3.05760549e+02	3.05755825e+02	3.05751154e+02	3.05746535e+02	3.05741969e+02	3.05737453e+02	3.05732989e+02	3.05728576e+02	3.05724212e+02	3.05719898e+02	3.05715634e+02	3.05711418e+02	3.05707251e+02	3.05703131e+02	3.05699059e+02	3.05695034e+02	3.05691055e+02	3.05687122e+02	3.05683235e+02	3.05679393e+02	3.05675595e+02	3.05671841e+02	3.05668131e+02	3.05664464e+02	3.05660840e+02	3.05657258e+02	3.05653718e+02	3.05650220e+02	3.05646762e+02	3.05643345e+02	3.05639967e+02	3.05636630e+02	3.05633331e+02	3.05630071e+02	3.05626850e+02	3.05623666e+02	3.05620520e+02	3.05617411e+02	3.05614338e+02	3.05611302e+02	3.05608301e+02	3.05605336e+02	3.05602406e+02	3.05599510e+02	3.05596649e+02	3.05593821e+02	3.05591027e+02	3.05588266e+02	3.05585537e+02	3.05582841e+02	3.05580177e+02	3.05577544e+02	3.05574942e+02	3.05572372e+02	3.05569831e+02	3.05567321e+02	3.05564841e+02
8	17	3.52849646e+02	3.47853911e+02	3.43277025e+02	3.39075354e+02	3.35212560e+02	3.31660949e+02	3.28402167e+02	3.25427231e+02	3.22735924e+02	3.20335636e+02	3.18239774e+02	3.16465886e+02	3.15033612e+02	3.13962610e+02	3.13270492e+02	3.12970873e+02	3.13071538e+02	3.13572792e+02	3.14466065e+02	3.15732864e+02	3.17344224e+02	3.19260810e+02	3.21433790e+02	3.23806483e+02	3.26316595e+02	3.28898619e+02	3.31485769e+02	3.34010867e+02	3.36406015e+02	3.38601557e+02	3.40525617e+02	3.42105734e+02	3.43273627e+02	3.43972902e+02	3.44168273e+02	3.43854017e+02	3.43059434e+02	3.41849752e+02	3.40321939e+02	3.38595901e+02	3.36802340e+02	3.35069044e+02	3.33507574e+02	3.32202215e+02	3.31202718e+02	3.30521846e+02	3.30137977e+02	3.30002278e+02	3.30049136e+02	3.30207950e+02	3.30414108e+02	3.30617183e+02	3.30785091e+02	3.30903949e+02	3.30974463e+02	3.31006390e+02	3.31012870e+02	3.31006041e+02	3.30994644e+02	3.30983536e+02	3.30974486e+02	3.30967448e+02	3.30961688e+02	3.30956482e+02	3.30951369e+02	3.30946142e+02	3.30940747e+02	3.30935187e+02	3.30929481e+02	3.30923641e+02	3.30917675e+02	3.30911591e+02	3.30905394e+02	3.30899091e+02	3.30892688e+02	3.30886193e+02	3.30879612e+02	3.30872952e+02	3.30866220e+02	3.30859423e+02	3.30852568e+02	3.30845661e+02	3.30838711e+02	3.30831722e+02	3.30824701e+02	3.30817656e+02	3.30810590e+02	3.30803511e+02	3.30796423e+02	3.30789333e+02	3.30782244e+02	3.30775162e+02	3.30768091e+02	3.30761035e+02	3.30753998e+02	3.30746985e+02	3.30739997e+02	3.30733040e+02	3.30726115e+02	3.30719225e+02	3.30712374e+02	3.30705563e+02	3.30698794e+02	3.30692070e+02	3.30685393e+02	3.30678763e+02	3.30672183e+02	3.30665654e+02	3.30659177e+02	3.30652753e+02	3.30646383e+02	3.30640068e+02	3.30633808e+02	3.30627605e+02	3.30621459e+02	3.30615370e+02	3.30609338e+02	3.30603365e+02	3.30597449e+02	3.30591592e+02	3.30585793e+02	3.30580053e+02	3.30574371e+02	3.30568747e+02	3.30563182e+02	3.30557675e+02	3.30552226e+02	3.30546834e+02	3.30541501e+02	3.30536224e+02	3.30531004e+02	3.30525841e+02	3.30520734e+02	3.30515684e+02	3.30510688e+02	3.30505749e+02	3.30500863e+02	3.30496033e+02	3.30491256e+02	3.30486533e+02	3.30481863e+02	3.30477245e+02	3.30472680e+02	3.30468167e+02	3.30463704e+02	3.30459293e+02	3.30454932e+02	3.30450621e+02	3.30446359e+02	3.30442146e+02	3.30437982e+02	3.30433866e+02	3.30429797e+02	3.30425775e+02	3.30421800e+02	3.30417870e+02	3.30413987e+02	3.30410148e+02	3.30406354e+02	3.30402604e+02	3.30398898e+02	3.30395235e+02	3.30391615e+02	3.30388037e+02	3.30384501e+02	3.30381006e+02	3.30377553e+02	3.30374139e+02	3.30370766e+02	3.30367433e+02	3.30364138e+02	3.30360882e+02	3.30357665e+02	3.30354485e+02	3.30351343e+02	3.30348238e+02	3.30345169e+02	3.30342137e+02	3.30339140e+02	3.30336179e+02	3.30333253e+02	3.30330361e+02	3.30327504e+02	3.30324680e+02	3.30321889e+02	3.30319132e+02	3.30316407e+02	3.30313715e+02	3.30311054e+02	3.30308425e+02	3.30305827e+02	3.30303260e+02
8	18	3.77366475e+02	3.72199458e+02	3.67464579e+02	3.63116942e+02	3.59119159e+02	3.55442746e+02	3.52068865e+02	3.48988357e+02	3.46201129e+02	3.43714956e+02	3.41543842e+02	3.39706070e+02	3.38222089e+02	3.37112349e+02	3.36395171e+02	3.36084706e+02	3.36189042e+02	3.36708490e+02	3.37634134e+02	3.38946754e+02	3.40616259e+02	3.42601810e+02	3.44852729e+02	3.47310223e+02	3.49909711e+02	3.52583316e+02	3.55261871e+02	3.57875843e+02	3.60354986e+02	3.62627269e+02	3.64618385e+02	3.66253443e+02	3.67461880e+02	3.68185426e+02	3.68387622e+02	3.68062563e+02	3.67240540e+02	3.65988988e+02	3.64408170e+02	3.62622100e+02	3.60765996e+02	3.58972107e+02	3.57355931e+02	3.56004760e+02	3.54970153e+02	3.54265371e+02	3.53868065e+02	3.53727694e+02	3.53776334e+02	3.53940887e+02	3.54154459e+02	3.54364841e+02	3.54538816e+02	3.54662015e+02	3.54735165e+02	3.54768371e+02	3.54775235e+02	3.54768323e+02	3.54756684e+02	3.54745346e+02	3.54736140e+02	3.54729017e+02	3.54723219e+02	3.54717994e+02	3.54712865e+02	3.54707618e+02	3.54702194e+02	3.54696600e+02	3.54690852e+02	3.54684963e+02	3.54678942e+02	3.54672795e+02	3.54666528e+02	3.54660148e+02	3.54653662e+02	3.54647075e+02	3.54640396e+02	3.54633632e+02	3.54626789e+02	3.54619875e+02	3.54612897e+02	3.54605861e+02	3.54598775e+02	3.54591646e+02	3.54584481e+02	3.54577285e+02	3.54570065e+02	3.54562827e+02	3.54555576e+02	3.54548319e+02	3.54541061e+02	3.54533806e+02	3.54526560e+02	3.54519326e+02	3.54512110e+02	3.54504914e+02	3.54497743e+02	3.54490601e+02	3.54483490e+02	3.54476413e+02	3.54469374e+02	3.54462375e+02	3.54455417e+02	3.54448504e+02	3.54441638e+02	3.54434819e+02	3.54428051e+02	3.54421333e+02	3.54414668e+02	3.54408057e+02	3.54401501e+02	3.54395000e+02	3.54388556e+02	3.54382169e+02	3.54375840e+02	3.54369569e+02	3.54363357e+02	3.54357205e+02	3.54351111e+02	3.54345078e+02	3.54339104e+02	3.54333190e+02	3.54327336e+02	3.54321541e+02	3.54315807e+02	3.54310132e+02	3.54304517e+02	3.54298960e+02	3.54293463e+02	3.54288025e+02	3.54282646e+02	3.54277324e+02	3.54272061e+02	3.54266855e+02	3.54261706e+02	3.54256614e+02	3.54251578e+02	3.54246599e+02	3.54241675e+02	3.54236806e+02	3.54231992e+02	3.54227232e+02	3.54222526e+02	3.54217873e+02	3.54213273e+02	3.54208725e+02	3.54204229e+02	3.54199785e+02	3.54195391e+02	3.54191048e+02	3.54186755e+02	3.54182511e+02	3.54178317e+02	3.54174170e+02	3.54170072e+02	3.54166021e+02	3.54162017e+02	3.54158059e+02	3.54154148e+02	3.54150282e+02	3.54146461e+02	3.54142684e+02	3.54138952e+02	3.54135263e+02	3.54131618e+02	3.54128015e+02	3.54124454e+02	3.54120935e+02	3.54117457e+02	3.54114020e+02	3.54110624e+02	3.54107267e+02	3.54103950e+02	3.54100672e+02	3.54097432e+02	3.54094231e+02	3.54091067e+02	3.54087941e+02	3.54084851e+02	3.54081798e+02	3.54078781e+02	3.54075800e+02	3.54072854e+02	3.54069943e+02	3.54067066e+02	3.54064223e+02	3.54061414e+02	3.54058638e+02	3.54055895e+02	3.54053184e+02	3.54050506e+02	3.54047859e+02
9	19	3.77612194e+02	3.72443482e+02	3.67707053e+02	3.63357989e+02	3.59358888e+02	3.55681260e+02	3.52306258e+02	3.49224724e+02	3.46436566e+02	3.43949562e+02	3.41777722e+02	3.39939337e+02	3.38454863e+02	3.37344760e+02	3.36627353e+02	3.36316801e+02	3.36421193e+02	3.36940843e+02	3.37866829e+02	3.39179924e+02	3.40850028e+02	3.42836286e+02	3.45088003e+02	3.47546364e+02	3.50146768e+02	3.52821312e+02	3.55500807e+02	3.58115697e+02	3.60595714e+02	3.62868802e+02	3.64860631e+02	3.66496287e+02	3.67705183e+02	3.68429032e+02	3.68631363e+02	3.68306269e+02	3.67484051e+02	3.66232164e+02	3.64650907e+02	3.62864333e+02	3.61007703e+02	3.59213313e+02	3.57596698e+02	3.56245180e+02	3.55210336e+02	3.54505434e+02	3.54108115e+02	3.53967823e+02	3.54016611e+02	3.54181357e+02	3.54395142e+02	3.54605741e+02	3.54779926e+02	3.54903322e+02	3.54976656e+02	3.55010036e+02	3.55017069e+02	3.55010325e+02	3.54998855e+02	3.54987689e+02	3.54978658e+02	3.54971712e+02	3.54966093e+02	3.54961048e+02	3.54956100e+02	3.54951033e+02	3.54945790e+02	3.54940375e+02	3.54934805e+02	3.54929092e+02	3.54923246e+02	3.54917271e+02	3.54911174e+02	3.54904960e+02	3.54898637e+02	3.54892211e+02	3.54885689e+02	3.54879077e+02	3.54872382e+02	3.54865613e+02	3.54858775e+02	3.54851876e+02	3.54844922e+02	3.54837921e+02	3.54830879e+02	3.54823803e+02	3.54816698e+02	3.54809571e+02	3.54802428e+02	3.54795275e+02	3.54788116e+02	3.54780958e+02	3.54773804e+02	3.54766660e+02	3.54759529e+02	3.54752416e+02	3.54745325e+02	3.54738259e+02	3.54731222e+02	3.54724217e+02	3.54717246e+02	3.54710313e+02	3.54703419e+02	3.54696568e+02	3.54689761e+02	3.54683000e+02	3.54676287e+02	3.54669623e+02	3.54663010e+02	3.54656449e+02	3.54649941e+02	3.54643487e+02	3.54637089e+02	3.54630746e+02	3.54624460e+02	3.54618231e+02	3.54612060e+02	3.54605946e+02	3.54599891e+02	3.54593895e+02	3.54587957e+02	3.54582079e+02	3.54576259e+02	3.54570498e+02	3.54564796e+02	3.54559153e+02	3.54553569e+02	3.54548043e+02	3.54542576e+02	3.54537167e+02	3.54531816e+02	3.54526522e+02	3.54521286e+02	3.54516107e+02	3.54510984e+02	3.54505917e+02	3.54500907e+02	3.54495952e+02	3.54491052e+02	3.54486207e+02	3.54481416e+02	3.54476678e+02	3.54471995e+02	3.54467364e+02	3.54462785e+02	3.54458258e+02	3.54453783e+02	3.54449359e+02	3.54444986e+02	3.54440662e+02	3.54436388e+02	3.54432164e+02	3.54427988e+02	3.54423860e+02	3.54419779e+02	3.54415746e+02	3.54411760e+02	3.54407819e+02	3.54403925e+02	3.54400075e+02	3.54396271e+02	3.54392511e+02	3.54388794e+02	3.54385121e+02	3.54381491e+02	3.54377903e+02	3.54374357e+02	3.54370853e+02	3.54367390e+02	3.54363967e+02	3.54360585e+02	3.54357242e+02	3.54353939e+02	3.54350674e+02	3.54347448e+02	3.54344259e+02	3.54341109e+02	3.54337995e+02	3.54334918e+02	3.54331878e+02	3.54328873e+02	3.54325903e+02	3.54322969e+02	3.54320070e+02	3.54317204e+02	3.54314373e+02	3.54311575e+02	3.54308810e+02	3.54306078e+02	3.54303378e+02	3.54300711e+02	3.54298074e+02
10	20	3.78646819e+02	3.73471002e+02	3.68728030e+02	3.64372926e+02	3.60368241e+02	3.56685451e+02	3.53305691e+02	3.50219793e+02	3.47427671e+02	3.44937121e+02	3.42762175e+02	3.40921156e+02	3.39434554e+02	3.38322861e+02	3.37604431e+02	3.37293446e+02	3.37398009e+02	3.37918432e+02	3.38845780e+02	3.40160795e+02	3.41833333e+02	3.43822474e+02	3.46077448e+02	3.48539352e+02	3.51143490e+02	3.53821863e+02	3.56505182e+02	3.59123794e+02	3.61607333e+02	3.63883644e+02	3.65878299e+02	3.67516282e+02	3.68726912e+02	3.69451823e+02	3.69654497e+02	3.69329018e+02	3.68505729e+02	3.67252177e+02	3.65668796e+02	3.63879810e+02	3.62020669e+02	3.60223852e+02	3.58605058e+02	3.57251734e+02	3.56215533e+02	3.55509742e+02	3.55111973e+02	3.54971600e+02	3.55020579e+02	3.55185684e+02	3.55399903e+02	3.55610937e+02	3.55785509e+02	3.55909223e+02	3.55982811e+02	3.56016390e+02	3.56023590e+02	3.56016995e+02	3.56005672e+02	3.55994655e+02	3.55985779e+02	3.55978993e+02	3.55973537e+02	3.55968658e+02	3.55963876e+02	3.55958976e+02	3.55953899e+02	3.55948650e+02	3.55943244e+02	3.55937695e+02	3.55932010e+02	3.55926194e+02	3.55920254e+02	3.55914195e+02	3.55908023e+02	3.55901745e+02	3.55895367e+02	3.55888896e+02	3.55882339e+02	3.55875703e+02	3.55868995e+02	3.55862222e+02	3.55855390e+02	3.55848506e+02	3.55841578e+02	3.55834611e+02	3.55827612e+02	3.55820587e+02	3.55813542e+02	3.55806483e+02	3.55799415e+02	3.55792344e+02	3.55785273e+02	3.55778209e+02	3.55771156e+02	3.55764117e+02	3.55757097e+02	3.55750099e+02	3.55743128e+02	3.55736185e+02	3.55729275e+02	3.55722399e+02	3.55715562e+02	3.55708764e+02	3.55702008e+02	3.55695296e+02	3.55688631e+02	3.55682013e+02	3.55675444e+02	3.55668925e+02	3.55662458e+02	3.55656044e+02	3.55649684e+02	3.55643378e+02	3.55637127e+02	3.55630933e+02	3.55624795e+02	3.55618714e+02	3.55612690e+02	3.55606724e+02	3.55600815e+02	3.55594965e+02	3.55589173e+02	3.55583439e+02	3.55577763e+02	3.55572145e+02	3.55566586e+02	3.55561084e+02	3.55555640e+02	3.55550253e+02	3.55544924e+02	3.55539652e+02	3.55534437e+02	3.55529278e+02	3.55524175e+02	3.55519128e+02	3.55514137e+02	3.55509201e+02	3.55504319e+02	3.55499491e+02	3.55494718e+02	3.55489998e+02	3.55485330e+02	3.55480716e+02	3.55476153e+02	3.55471642e+02	3.55467183e+02	3.55462774e+02	3.55458415e+02	3.55454106e+02	3.55449846e+02	3.55445635e+02	3.55441473e+02	3.55437358e+02	3.55433291e+02	3.55429271e+02	3.55425297e+02	3.55421369e+02	3.55417487e+02	3.55413650e+02	3.55409857e+02	3.55406108e+02	3.55402403e+02	3.55398741e+02	3.55395122e+02	3.55391545e+02	3.55388010e+02	3.55384517e+02	3.55381064e+02	3.55377651e+02	3.55374279e+02	3.55370946e+02	3.55367652e+02	3.55364397e+02	3.55361180e+02	3.55358001e+02	3.55354859e+02	3.55351755e+02	3.55348687e+02	3.55345655e+02	3.55342659e+02	3.55339698e+02	3.55336772e+02	3.55333880e+02	3.55331023e+02	3.55328200e+02	3.55325410e+02	3.55322653e+02	3.55319928e+02	3.55317236e+02	3.55314575e+02	3.55311946e+02
10	21	4.01459781e+02	3.96129792e+02	3.91244607e+02	3.86758117e+02	3.82631924e+02	3.78836797e+02	3.75353433e+02	3.72172507e+02	3.69294044e+02	3.66726187e+02	3.64483504e+02	3.62584982e+02	3.61051837e+02	3.59905276e+02	3.59164289e+02	3.58843542e+02	3.58951411e+02	3.59488212e+02	3.60444700e+02	3.61800961e+02	3.63525839e+02	3.65577060e+02	3.67902191e+02	3.70440430e+02	3.73125020e+02	3.75885830e+02	3.78651428e+02	3.81350041e+02	3.83909190e+02	3.86254581e+02	3.88309599e+02	3.89997040e+02	3.91244169e+02	3.91990931e+02	3.92199754e+02	3.91864557e+02	3.91016575e+02	3.89725341e+02	3.88094256e+02	3.86251241e+02	3.84335812e+02	3.82484463e+02	3.80816435e+02	3.79421885e+02	3.78354092e+02	3.77626792e+02	3.77216942e+02	3.77072378e+02	3.77122976e+02	3.77293265e+02	3.77514176e+02	3.77731807e+02	3.77911863e+02	3.78039506e+02	3.78115492e+02	3.78150248e+02	3.78157821e+02	3.78151181e+02	3.78139670e+02	3.78128479e+02	3.78119496e+02	3.78112670e+02	3.78107216e+02	3.78102359e+02	3.78097602e+02	3.78092724e+02	3.78087665e+02	3.78082428e+02	3.78077030e+02	3.78071482e+02	3.78065793e+02	3.78059968e+02	3.78054013e+02	3.78047933e+02	3.78041735e+02	3.78035424e+02	3.78029007e+02	3.78022491e+02	3.78015883e+02	3.78009190e+02	3.78002419e+02	3.77995577e+02	3.77988671e+02	3.77981708e+02	3.77974694e+02	3.77967637e+02	3.77960543e+02	3.77953419e+02	3.77946270e+02	3.77939103e+02	3.77931923e+02	3.77924735e+02	3.77917546e+02	3.77910359e+02	3.77903180e+02	3.77896014e+02	3.77888863e+02	3.77881732e+02	3.77874626e+02	3.77867547e+02	3.77860498e+02	3.77853483e+02	3.77846504e+02	3.77839564e+02	3.77832665e+02	3.77825809e+02	3.77818999e+02	3.77812236e+02	3.77805522e+02	3.77798858e+02	3.77792245e+02	3.77785686e+02	3.77779180e+02	3.77772729e+02	3.77766333e+02	3.77759994e+02	3.77753712e+02	3.77747487e+02	3.77741320e+02	3.77735212e+02	3.77729162e+02	3.77723170e+02	3.77717238e+02	3.77711365e+02	3.77705550e+02	3.77699795e+02	3.77694099e+02	3.77688462e+02	3.77682883e+02	3.77677363e+02	3.77671901e+02	3.77666498e+02	3.77661152e+02	3.77655864e+02	3.77650633e+02	3.77645459e+02	3.77640342e+02	3.77635281e+02	3.77630276e+02	3.77625326e+02	3.77620431e+02	3.77615590e+02	3.77610804e+02	3.77606072e+02	3.77601392e+02	3.77596766e+02	3.77592192e+02	3.77587670e+02	3.77583199e+02	3.77578779e+02	3.77574410e+02	3.77570090e+02	3.77565820e+02	3.77561599e+02	3.77557427e+02	3.77553302e+02	3.77549225e+02	3.77545196e+02	3.77541212e+02	3.77537275e+02	3.77533384e+02	3.77529538e+02	3.77525736e+02	3.77521979e+02	3.77518265e+02	3.77514595e+02	3.77510967e+02	3.77507382e+02	3.77503839e+02	3.77500337e+02	3.77496876e+02	3.77493456e+02	3.77490076e+02	3.77486735e+02	3.77483434e+02	3.77480172e+02	3.77476947e+02	3.77473761e+02	3.77470612e+02	3.77467501e+02	3.77464425e+02	3.77461387e+02	3.77458384e+02	3.77455416e+02	3.77452483e+02	3.77449585e+02	3.77446722e+02	3.77443892e+02	3.77441095e+02	3.77438332e+02	3.77435601e+02	3.77432903e+02
10	22	4.23509597e+02	4.18034682e+02	4.13015816e+02	4.08405820e+02	4.04165408e+02	4.00264683e+02	3.96683930e+02	3.93413676e+02	3.90454051e+02	3.87813523e+02	3.85507166e+02	3.83554590e+02	3.81977693e+02	3.80798355e+02	3.80036162e+02	3.79706237e+02	3.79817212e+02	3.80369405e+02	3.81353282e+02	3.82748312e+02	3.84522386e+02	3.86631958e+02	3.89023033e+02	3.91633023e+02	3.94393235e+02	3.97231531e+02	4.00074467e+02	4.02848275e+02	4.05478492e+02	4.07888812e+02	4.10000566e+02	4.11734491e+02	4.13015923e+02	4.13783217e+02	4.13997813e+02	4.13653472e+02	4.12782269e+02	4.11455605e+02	4.09779669e+02	4.07885856e+02	4.05917506e+02	4.04014886e+02	4.02300568e+02	4.00867253e+02	3.99769751e+02	3.99022220e+02	3.98600999e+02	3.98452482e+02	3.98504586e+02	3.98679732e+02	3.98906916e+02	3.99130730e+02	3.99315921e+02	3.99447239e+02	3.99525459e+02	3.99561302e+02	3.99569204e+02	3.99562499e+02	3.99550790e+02	3.99539412e+02	3.99530305e+02	3.99523417e+02	3.99517940e+02	3.99513078e+02	3.99508319e+02	3.99503437e+02	3.99498368e+02	3.99493115e+02	3.99487696e+02	3.99482122e+02	3.99476402e+02	3.99470540e+02	3.99464543e+02	3.99458415e+02	3.99452162e+02	3.99445792e+02	3.99439309e+02	3.99432723e+02	3.99426038e+02	3.99419263e+02	3.99412404e+02	3.99405469e+02	3.99398465e+02	3.99391399e+02	3.99384278e+02	3.99377109e+02	3.99369898e+02	3.99362654e+02	3.99355381e+02	3.99348086e+02	3.99340774e+02	3.99333453e+02	3.99326127e+02	3.99318801e+02	3.99311480e+02	3.99304170e+02	3.99296874e+02	3.99289596e+02	3.99282341e+02	3.99275112e+02	3.99267912e+02	3.99260745e+02	3.99253614e+02	3.99246521e+02	3.99239469e+02	3.99232460e+02	3.99225496e+02	3.99218580e+02	3.99211712e+02	3.99204895e+02	3.99198130e+02	3.99191418e+02	3.99184761e+02	3.99178159e+02	3.99171614e+02	3.99165125e+02	3.99158694e+02	3.99152322e+02	3.99146009e+02	3.99139755e+02	3.99133560e+02	3.99127426e+02	3.99121351e+02	3.99115337e+02	3.99109383e+02	3.99103489e+02	3.99097655e+02	3.99091882e+02	3.99086168e+02	3.99080514e+02	3.99074920e+02	3.99069386e+02	3.99063911e+02	3.99058494e+02	3.99053136e+02	3.99047836e+02	3.99042595e+02	3.99037410e+02	3.99032283e+02	3.99027213e+02	3.99022198e+02	3.99017240e+02	3.99012337e+02	3.99007489e+02	3.99002696e+02	3.98997957e+02	3.98993271e+02	3.98988639e+02	3.98984059e+02	3.98979531e+02	3.98975055e+02	3.98970630e+02	3.98966256e+02	3.98961932e+02	3.98957658e+02	3.98953433e+02	3.98949256e+02	3.98945128e+02	3.98941048e+02	3.98937015e+02	3.98933028e+02	3.98929088e+02	3.98925194e+02	3.98921345e+02	3.98917541e+02	3.98913781e+02	3.98910065e+02	3.98906393e+02	3.98902763e+02	3.98899176e+02	3.98895631e+02	3.98892127e+02	3.98888665e+02	3.98885243e+02	3.98881861e+02	3.98878519e+02	3.98875216e+02	3.98871952e+02	3.98868727e+02	3.98865539e+02	3.98862389e+02	3.98859277e+02	3.98856200e+02	3.98853161e+02	3.98850157e+02	3.98847188e+02	3.98844255e+02	3.98841356e+02	3.98838492e+02	3.98835661e+02	3.98832864e+02	3.98830100e+02
11	23	4.24501512e+02	4.19020181e+02	4.13995403e+02	4.09379948e+02	4.05134490e+02	4.01229100e+02	3.97644045e+02	3.94369848e+02	3.91406641e+02	3.88762907e+02	3.86453742e+02	3.84498786e+02	3.82919965e+02	3.81739189e+02	3.80976071e+02	3.80645755e+02	3.80756883e+02	3.81309775e+02	3.82294882e+02	3.83691647e+02	3.85467921e+02	3.87580098e+02	3.89974116e+02	3.92587308e+02	3.95350895e+02	3.98192650e+02	4.01039042e+02	4.03816213e+02	4.06449612e+02	4.08862846e+02	4.10977153e+02	4.12713181e+02	4.13996179e+02	4.14764434e+02	4.14979338e+02	4.14634650e+02	4.13762480e+02	4.12434310e+02	4.10756455e+02	4.08860464e+02	4.06889845e+02	4.04985033e+02	4.03268747e+02	4.01833802e+02	4.00735076e+02	3.99986744e+02	3.99565120e+02	3.99416533e+02	3.99468814e+02	3.99644290e+02	3.99871872e+02	4.00096085e+02	4.00281633e+02	4.00413248e+02	4.00491705e+02	4.00527739e+02	4.00535803e+02	4.00529246e+02	4.00517683e+02	4.00506455e+02	4.00497504e+02	4.00490777e+02	4.00485467e+02	4.00480773e+02	4.00476186e+02	4.00471476e+02	4.00466580e+02	4.00461502e+02	4.00456256e+02	4.00450857e+02	4.00445309e+02	4.00439620e+02	4.00433793e+02	4.00427834e+02	4.00421748e+02	4.00415542e+02	4.00409222e+02	4.00402794e+02	4.00396265e+02	4.00389643e+02	4.00382933e+02	4.00376143e+02	4.00369281e+02	4.00362353e+02	4.00355366e+02	4.00348327e+02	4.00341243e+02	4.00334120e+02	4.00326966e+02	4.00319785e+02	4.00312585e+02	4.00305370e+02	4.00298147e+02	4.00290921e+02	4.00283696e+02	4.00276478e+02	4.00269271e+02	4.00262079e+02	4.00254907e+02	4.00247758e+02	4.00240635e+02	4.00233542e+02	4.00226483e+02	4.00219458e+02	4.00212473e+02	4.00205528e+02	4.00198626e+02	4.00191769e+02	4.00184959e+02	4.00178197e+02	4.00171485e+02	4.00164825e+02	4.00158217e+02	4.00151664e+02	4.00145165e+02	4.00138721e+02	4.00132334e+02	4.00126004e+02	4.00119731e+02	4.00113516e+02	4.00107360e+02	4.00101262e+02	4.00095224e+02	4.00089244e+02	4.00083324e+02	4.00077462e+02	4.00071661e+02	4.00065918e+02	4.00060234e+02	4.00054610e+02	4.00049044e+02	4.00043537e+02	4.00038089e+02	4.00032698e+02	4.00027366e+02	4.00022091e+02	4.00016873e+02	4.00011712e+02	4.00006608e+02	4.00001559e+02	3.99996567e+02	3.99991630e+02	3.99986748e+02	3.99981920e+02	3.99977146e+02	3.99972426e+02	3.99967759e+02	3.99963145e+02	3.99958583e+02	3.99954073e+02	3.99949614e+02	3.99945206e+02	3.99940848e+02	3.99936540e+02	3.99932282e+02	3.99928072e+02	3.99923911e+02	3.99919797e+02	3.99915731e+02	3.99911712e+02	3.99907740e+02	3.99903813e+02	3.99899932e+02	3.99896096e+02	3.99892305e+02	3.99888558e+02	3.99884854e+02	3.99881194e+02	3.99877576e+02	3.99874000e+02	3.99870466e+02	3.99866974e+02	3.99863522e+02	3.99860111e+02	3.99856740e+02	3.99853408e+02	3.99850116e+02	3.99846862e+02	3.99843646e+02	3.99840468e+02	3.99837328e+02	3.99834224e+02	3.99831157e+02	3.99828126e+02	3.99825131e+02	3.99822171e+02	3.99819247e+02	3.99816356e+02	3.99813500e+02	3.99810678e+02	3.99807888e+02	3.99805132e+02
12	24	4.26041894e+02	4.20550594e+02	4.15516626e+02	4.10892683e+02	4.06639376e+02	4.02726731e+02	3.99134986e+02	3.95854653e+02	3.92885872e+02	3.90237149e+02	3.87923615e+02	3.85964950e+02	3.84383130e+02	3.83200110e+02	3.82435545e+02	3.82104610e+02	3.82215964e+02	3.82769928e+02	3.83756933e+02	3.85156380e+02	3.86936054e+02	3.89052261e+02	3.91450834e+02	3.94068981e+02	3.96837791e+02	3.99684899e+02	4.02536635e+02	4.05319005e+02	4.07957321e+02	4.10375052e+02	4.12493294e+02	4.14232554e+02	4.15517949e+02	4.16287657e+02	4.16503001e+02	4.16157729e+02	4.15284010e+02	4.13953454e+02	4.12272567e+02	4.10373139e+02	4.08398938e+02	4.06490662e+02	4.04771257e+02	4.03333715e+02	4.02233017e+02	4.01483369e+02	4.01061043e+02	4.00912268e+02	4.00964741e+02	4.01140643e+02	4.01368752e+02	4.01593490e+02	4.01779495e+02	4.01911470e+02	4.01990192e+02	4.02026414e+02	4.02034618e+02	4.02028177e+02	4.02016724e+02	4.02005609e+02	4.01996779e+02	4.01990179e+02	4.01985001e+02	4.01980442e+02	4.01975992e+02	4.01971419e+02	4.01966661e+02	4.01961721e+02	4.01956614e+02	4.01951352e+02	4.01945941e+02	4.01940388e+02	4.01934695e+02	4.01928868e+02	4.01922913e+02	4.01916835e+02	4.01910641e+02	4.01904336e+02	4.01897928e+02	4.01891422e+02	4.01884826e+02	4.01878148e+02	4.01871393e+02	4.01864569e+02	4.01857683e+02	4.01850741e+02	4.01843751e+02	4.01836719e+02	4.01829651e+02	4.01822554e+02	4.01815434e+02	4.01808297e+02	4.01801148e+02	4.01793993e+02	4.01786836e+02	4.01779683e+02	4.01772539e+02	4.01765407e+02	4.01758292e+02	4.01751198e+02	4.01744128e+02	4.01737085e+02	4.01730074e+02	4.01723096e+02	4.01716154e+02	4.01709251e+02	4.01702390e+02	4.01695572e+02	4.01688799e+02	4.01682073e+02	4.01675396e+02	4.01668769e+02	4.01662193e+02	4.01655669e+02	4.01649200e+02	4.01642784e+02	4.01636424e+02	4.01630120e+02	4.01623873e+02	4.01617682e+02	4.01611549e+02	4.01605474e+02	4.01599458e+02	4.01593499e+02	4.01587599e+02	4.01581758e+02	4.01575975e+02	4.01570251e+02	4.01564586e+02	4.01558979e+02	4.01553430e+02	4.01547939e+02	4.01542507e+02	4.01537132e+02	4.01531814e+02	4.01526554e+02	4.01521351e+02	4.01516204e+02	4.01511113e+02	4.01506078e+02	4.01501098e+02	4.01496174e+02	4.01491304e+02	4.01486488e+02	4.01481726e+02	4.01477018e+02	4.01472362e+02	4.01467759e+02	4.01463207e+02	4.01458708e+02	4.01454259e+02	4.01449861e+02	4.01445513e+02	4.01441215e+02	4.01436965e+02	4.01432765e+02	4.01428613e+02	4.01424508e+02	4.01420451e+02	4.01416440e+02	4.01412476e+02	4.01408558e+02	4.01404685e+02	4.01400857e+02	4.01397073e+02	4.01393333e+02	4.01389637e+02	4.01385984e+02	4.01382373e+02	4.01378805e+02	4.01375278e+02	4.01371792e+02	4.01368347e+02	4.01364943e+02	4.01361578e+02	4.01358253e+02	4.01354966e+02	4.01351719e+02	4.01348509e+02	4.01345337e+02	4.01342203e+02	4.01339105e+02	4.01336043e+02	4.01333018e+02	4.01330029e+02	4.01327074e+02	4.01324155e+02	4.01321269e+02	4.01318418e+02	4.01315601e+02	4.01312817e+02	4.01310066e+02
12	25	4.46824074e+02	4.41199989e+02	4.36043538e+02	4.31306435e+02	4.26948475e+02	4.22939076e+02	4.19258099e+02	4.15895921e+02	4.12852775e+02	4.10137468e+02	4.07765592e+02	4.05757401e+02	4.04135493e+02	4.02922441e+02	4.02138447e+02	4.01799101e+02	4.01913301e+02	4.02481368e+02	4.03493468e+02	4.04928436e+02	4.06753185e+02	4.08922856e+02	4.11381850e+02	4.14065737e+02	4.16903834e+02	4.19821938e+02	4.22744533e+02	4.25595800e+02	4.28299231e+02	4.30776452e+02	4.32946677e+02	4.34728527e+02	4.36045352e+02	4.36833872e+02	4.37054504e+02	4.36700855e+02	4.35805860e+02	4.34442841e+02	4.32720860e+02	4.30774889e+02	4.28752201e+02	4.26796948e+02	4.25035131e+02	4.23562072e+02	4.22434155e+02	4.21665972e+02	4.21233230e+02	4.21080834e+02	4.21134689e+02	4.21315043e+02	4.21548904e+02	4.21779312e+02	4.21970027e+02	4.22105372e+02	4.22186147e+02	4.22223370e+02	4.22231883e+02	4.22225390e+02	4.22213763e+02	4.22202486e+02	4.22193552e+02	4.22186905e+02	4.22181718e+02	4.22177166e+02	4.22172727e+02	4.22168163e+02	4.22163410e+02	4.22158471e+02	4.22153360e+02	4.22148090e+02	4.22142668e+02	4.22137097e+02	4.22131383e+02	4.22125531e+02	4.22119545e+02	4.22113431e+02	4.22107196e+02	4.22100846e+02	4.22094386e+02	4.22087825e+02	4.22081168e+02	4.22074424e+02	4.22067598e+02	4.22060699e+02	4.22053733e+02	4.22046707e+02	4.22039629e+02	4.22032504e+02	4.22025341e+02	4.22018144e+02	4.22010921e+02	4.22003677e+02	4.21996419e+02	4.21989152e+02	4.21981881e+02	4.21974611e+02	4.21967348e+02	4.21960095e+02	4.21952858e+02	4.21945639e+02	4.21938443e+02	4.21931274e+02	4.21924135e+02	4.21917028e+02	4.21909957e+02	4.21902925e+02	4.21895933e+02	4.21888984e+02	4.21882081e+02	4.21875224e+02	4.21868416e+02	4.21861658e+02	4.21854952e+02	4.21848298e+02	4.21841699e+02	4.21835154e+02	4.21828666e+02	4.21822233e+02	4.21815859e+02	4.21809542e+02	4.21803283e+02	4.21797083e+02	4.21790941e+02	4.21784860e+02	4.21778837e+02	4.21772874e+02	4.21766971e+02	4.21761127e+02	4.21755343e+02	4.21749618e+02	4.21743953e+02	4.21738347e+02	4.21732800e+02	4.21727312e+02	4.21721882e+02	4.21716510e+02	4.21711197e+02	4.21705941e+02	4.21700742e+02	4.21695600e+02	4.21690515e+02	4.21685486e+02	4.21680512e+02	4.21675594e+02	4.21670731e+02	4.21665922e+02	4.21661167e+02	4.21656465e+02	4.21651817e+02	4.21647221e+02	4.21642677e+02	4.21638185e+02	4.21633744e+02	4.21629354e+02	4.21625014e+02	4.21620724e+02	4.21616483e+02	4.21612290e+02	4.21608146e+02	4.21604050e+02	4.21600001e+02	4.21595999e+02	4.21592043e+02	4.21588133e+02	4.21584268e+02	4.21580448e+02	4.21576673e+02	4.21572941e+02	4.21569253e+02	4.21565608e+02	4.21562006e+02	4.21558446e+02	4.21554927e+02	4.21551449e+02	4.21548012e+02	4.21544616e+02	4.21541259e+02	4.21537942e+02	4.21534663e+02	4.21531423e+02	4.21528221e+02	4.21525057e+02	4.21521930e+02	4.21518840e+02	4.21515786e+02	4.21512769e+02	4.21509786e+02	4.21506839e+02	4.21503927e+02	4.21501049e+02	4.21498205e+02	4.21495395e+02
12	26	4.67018446e+02	4.61268267e+02	4.55995501e+02	4.51150938e+02	4.46693598e+02	4.42592320e+02	4.38826606e+02	4.35386704e+02	4.32272940e+02	4.29494404e+02	4.27067126e+02	4.25011903e+02	4.23351927e+02	4.22110357e+02	4.21307912e+02	4.20960581e+02	4.21077483e+02	4.21658945e+02	4.22694876e+02	4.24163577e+02	4.26031133e+02	4.28251576e+02	4.30767948e+02	4.33514266e+02	4.36418161e+02	4.39403687e+02	4.42393575e+02	4.45310270e+02	4.48075539e+02	4.50609256e+02	4.52828848e+02	4.54651146e+02	4.55997819e+02	4.56804207e+02	4.57029865e+02	4.56668264e+02	4.55753069e+02	4.54359226e+02	4.52598225e+02	4.50608061e+02	4.48539332e+02	4.46539474e+02	4.44737386e+02	4.43230606e+02	4.42076847e+02	4.41291068e+02	4.40848441e+02	4.40692614e+02	4.40747791e+02	4.40932381e+02	4.41171713e+02	4.41407513e+02	4.41602711e+02	4.41741269e+02	4.41824003e+02	4.41862189e+02	4.41871006e+02	4.41864477e+02	4.41852699e+02	4.41841280e+02	4.41832262e+02	4.41825586e+02	4.41820404e+02	4.41815875e+02	4.41811463e+02	4.41806925e+02	4.41802193e+02	4.41797272e+02	4.41792176e+02	4.41786917e+02	4.41781502e+02	4.41775934e+02	4.41770219e+02	4.41764361e+02	4.41758366e+02	4.41752237e+02	4.41745983e+02	4.41739608e+02	4.41733120e+02	4.41726524e+02	4.41719829e+02	4.41713041e+02	4.41706168e+02	4.41699215e+02	4.41692192e+02	4.41685104e+02	4.41677960e+02	4.41670765e+02	4.41663527e+02	4.41656253e+02	4.41648948e+02	4.41641620e+02	4.41634273e+02	4.41626915e+02	4.41619550e+02	4.41612184e+02	4.41604821e+02	4.41597467e+02	4.41590127e+02	4.41582803e+02	4.41575501e+02	4.41568223e+02	4.41560974e+02	4.41553757e+02	4.41546574e+02	4.41539429e+02	4.41532324e+02	4.41525261e+02	4.41518243e+02	4.41511272e+02	4.41504349e+02	4.41497476e+02	4.41490654e+02	4.41483886e+02	4.41477171e+02	4.41470511e+02	4.41463908e+02	4.41457362e+02	4.41450873e+02	4.41444442e+02	4.41438070e+02	4.41431758e+02	4.41425505e+02	4.41419312e+02	4.41413179e+02	4.41407106e+02	4.41401094e+02	4.41395142e+02	4.41389250e+02	4.41383419e+02	4.41377648e+02	4.41371937e+02	4.41366285e+02	4.41360694e+02	4.41355162e+02	4.41349688e+02	4.41344274e+02	4.41338919e+02	4.41333621e+02	4.41328382e+02	4.41323199e+02	4.41318074e+02	4.41313006e+02	4.41307993e+02	4.41303037e+02	4.41298136e+02	4.41293290e+02	4.41288498e+02	4.41283760e+02	4.41279076e+02	4.41274444e+02	4.41269866e+02	4.41265339e+02	4.41260864e+02	4.41256440e+02	4.41252067e+02	4.41247744e+02	4.41243470e+02	4.41239246e+02	4.41235070e+02	4.41230943e+02	4.41226863e+02	4.41222830e+02	4.41218844e+02	4.41214904e+02	4.41211010e+02	4.41207161e+02	4.41203357e+02	4.41199597e+02	4.41195881e+02	4.41192209e+02	4.41188579e+02	4.41184991e+02	4.41181446e+02	4.41177942e+02	4.41174479e+02	4.41171057e+02	4.41167675e+02	4.41164332e+02	4.41161029e+02	4.41157765e+02	4.41154538e+02	4.41151350e+02	4.41148200e+02	4.41145086e+02	4.41142009e+02	4.41138969e+02	4.41135964e+02	4.41132995e+02	4.41130061e+02	4.41127161e+02	4.41124296e+02
13	26	4.48548235e+02	4.42913290e+02	4.37746825e+02	4.33000472e+02	4.28633960e+02	4.24616654e+02	4.20928386e+02	4.17559520e+02	4.14510300e+02	4.11789555e+02	4.09412916e+02	4.07400682e+02	4.05775505e+02	4.04560007e+02	4.03774434e+02	4.03434413e+02	4.03548858e+02	4.04118092e+02	4.05132258e+02	4.06570147e+02	4.08398600e+02	4.10572662e+02	4.13036616e+02	4.15725901e+02	4.18569687e+02	4.21493622e+02	4.24422038e+02	4.27278968e+02	4.29987754e+02	4.32469873e+02	4.34644383e+02	4.36429752e+02	4.37749185e+02	4.38539284e+02	4.38760392e+02	4.38406103e+02	4.37509415e+02	4.36143791e+02	4.34418502e+02	4.32468780e+02	4.30442185e+02	4.28483151e+02	4.26717930e+02	4.25242036e+02	4.24111965e+02	4.23342343e+02	4.22908829e+02	4.22756222e+02	4.22810281e+02	4.22991094e+02	4.23225524e+02	4.23456497e+02	4.23647705e+02	4.23783437e+02	4.23864495e+02	4.23901919e+02	4.23910580e+02	4.23904210e+02	4.23892699e+02	4.23881543e+02	4.23872737e+02	4.23866227e+02	4.23861182e+02	4.23856777e+02	4.23852486e+02	4.23848074e+02	4.23843473e+02	4.23838686e+02	4.23833729e+02	4.23828613e+02	4.23823345e+02	4.23817928e+02	4.23812367e+02	4.23806666e+02	4.23800830e+02	4.23794865e+02	4.23788776e+02	4.23782570e+02	4.23776252e+02	4.23769830e+02	4.23763310e+02	4.23756698e+02	4.23750003e+02	4.23743230e+02	4.23736387e+02	4.23729481e+02	4.23722519e+02	4.23715507e+02	4.23708452e+02	4.23701361e+02	4.23694240e+02	4.23687094e+02	4.23679931e+02	4.23672755e+02	4.23665572e+02	4.23658388e+02	4.23651206e+02	4.23644032e+02	4.23636870e+02	4.23629724e+02	4.23622599e+02	4.23615497e+02	4.23608422e+02	4.23601377e+02	4.23594366e+02	4.23587391e+02	4.23580455e+02	4.23573559e+02	4.23566706e+02	4.23559899e+02	4.23553138e+02	4.23546425e+02	4.23539763e+02	4.23533151e+02	4.23526592e+02	4.23520086e+02	4.23513635e+02	4.23507239e+02	4.23500899e+02	4.23494616e+02	4.23488389e+02	4.23482220e+02	4.23476109e+02	4.23470057e+02	4.23464062e+02	4.23458127e+02	4.23452249e+02	4.23446431e+02	4.23440672e+02	4.23434971e+02	4.23429328e+02	4.23423744e+02	4.23418219e+02	4.23412751e+02	4.23407342e+02	4.23401990e+02	4.23396695e+02	4.23391458e+02	4.23386277e+02	4.23381152e+02	4.23376084e+02	4.23371071e+02	4.23366113e+02	4.23361210e+02	4.23356362e+02	4.23351568e+02	4.23346827e+02	4.23342139e+02	4.23337504e+02	4.23332921e+02	4.23328390e+02	4.23323911e+02	4.23319482e+02	4.23315103e+02	4.23310774e+02	4.23306495e+02	4.23302265e+02	4.23298083e+02	4.23293949e+02	4.23289863e+02	4.23285824e+02	4.23281831e+02	4.23277885e+02	4.23273984e+02	4.23270128e+02	4.23266317e+02	4.23262550e+02	4.23258827e+02	4.23255147e+02	4.23251510e+02	4.23247915e+02	4.23244362e+02	4.23240851e+02	4.23237380e+02	4.23233951e+02	4.23230561e+02	4.23227211e+02	4.23223900e+02	4.23220628e+02	4.23217395e+02	4.23214199e+02	4.23211041e+02	4.23207920e+02	4.23204836e+02	4.23201788e+02	4.23198775e+02	4.23195799e+02	4.23192857e+02	4.23189950e+02	4.23187077e+02	4.23184239e+02	4.23181433e+02
13	27	4.68496218e+02	4.62736931e+02	4.57455768e+02	4.52603449e+02	4.48138936e+02	4.44031027e+02	4.40259199e+02	4.36813690e+02	4.33694832e+02	4.30911736e+02	4.28480464e+02	4.26421852e+02	4.24759135e+02	4.23515514e+02	4.22711746e+02	4.22363849e+02	4.22480959e+02	4.23063400e+02	4.24101065e+02	4.25572217e+02	4.27442880e+02	4.29667007e+02	4.32187541e+02	4.34938388e+02	4.37847056e+02	4.40837474e+02	4.43832246e+02	4.46753692e+02	4.49523454e+02	4.52061281e+02	4.54284470e+02	4.56109722e+02	4.57458586e+02	4.58266301e+02	4.58492362e+02	4.58130227e+02	4.57213617e+02	4.55817594e+02	4.54053823e+02	4.52060518e+02	4.49988517e+02	4.47985495e+02	4.46180558e+02	4.44671405e+02	4.43515846e+02	4.42728868e+02	4.42285602e+02	4.42129606e+02	4.42184961e+02	4.42369944e+02	4.42609762e+02	4.42846047e+02	4.43041667e+02	4.43180560e+02	4.43263542e+02	4.43301908e+02	4.43310862e+02	4.43304448e+02	4.43292779e+02	4.43281475e+02	4.43272578e+02	4.43266030e+02	4.43260982e+02	4.43256591e+02	4.43252318e+02	4.43247921e+02	4.43243333e+02	4.43238555e+02	4.43233604e+02	4.43228490e+02	4.43223220e+02	4.43217798e+02	4.43212227e+02	4.43206512e+02	4.43200658e+02	4.43194670e+02	4.43188554e+02	4.43182316e+02	4.43175962e+02	4.43169499e+02	4.43162933e+02	4.43156271e+02	4.43149520e+02	4.43142688e+02	4.43135782e+02	4.43128808e+02	4.43121773e+02	4.43114686e+02	4.43107551e+02	4.43100377e+02	4.43093169e+02	4.43085934e+02	4.43078678e+02	4.43071406e+02	4.43064125e+02	4.43056840e+02	4.43049555e+02	4.43042276e+02	4.43035007e+02	4.43027752e+02	4.43020517e+02	4.43013303e+02	4.43006116e+02	4.42998958e+02	4.42991832e+02	4.42984741e+02	4.42977689e+02	4.42970677e+02	4.42963707e+02	4.42956783e+02	4.42949905e+02	4.42943075e+02	4.42936295e+02	4.42929567e+02	4.42922891e+02	4.42916269e+02	4.42909701e+02	4.42903190e+02	4.42896734e+02	4.42890336e+02	4.42883995e+02	4.42877713e+02	4.42871489e+02	4.42865324e+02	4.42859219e+02	4.42853172e+02	4.42847185e+02	4.42841258e+02	4.42835390e+02	4.42829582e+02	4.42823833e+02	4.42818144e+02	4.42812514e+02	4.42806943e+02	4.42801431e+02	4.42795977e+02	4.42790582e+02	4.42785244e+02	4.42779965e+02	4.42774742e+02	4.42769577e+02	4.42764468e+02	4.42759415e+02	4.42754418e+02	4.42749477e+02	4.42744591e+02	4.42739759e+02	4.42734981e+02	4.42730257e+02	4.42725586e+02	4.42720967e+02	4.42716401e+02	4.42711887e+02	4.42707424e+02	4.42703012e+02	4.42698650e+02	4.42694338e+02	4.42690076e+02	4.42685862e+02	4.42681697e+02	4.42677579e+02	4.42673510e+02	4.42669487e+02	4.42665510e+02	4.42661580e+02	4.42657695e+02	4.42653855e+02	4.42650060e+02	4.42646308e+02	4.42642601e+02	4.42638937e+02	4.42635315e+02	4.42631735e+02	4.42628198e+02	4.42624702e+02	4.42621246e+02	4.42617831e+02	4.42614456e+02	4.42611121e+02	4.42607824e+02	4.42604567e+02	4.42601347e+02	4.42598166e+02	4.42595022e+02	4.42591914e+02	4.42588844e+02	4.42585809e+02	4.42582810e+02	4.42579847e+02	4.42576919e+02	4.42574025e+02	4.42571165e+02
14	28	4.70376152e+02	4.64605294e+02	4.59313462e+02	4.54451286e+02	4.49977659e+02	4.45861323e+02	4.42081725e+02	4.38629090e+02	4.35503758e+02	4.32714866e+02	4.30278517e+02	4.28215596e+02	4.26549394e+02	4.25303164e+02	4.24497712e+02	4.24149091e+02	4.24266459e+02	4.24850140e+02	4.25890004e+02	4.27364263e+02	4.29238868e+02	4.31467669e+02	4.33993484e+02	4.36750076e+02	4.39664801e+02	4.42661425e+02	4.45662392e+02	4.48589865e+02	4.51365326e+02	4.53908362e+02	4.56136108e+02	4.57965101e+02	4.59316735e+02	4.60126123e+02	4.60352679e+02	4.59989852e+02	4.59071427e+02	4.57672616e+02	4.55905308e+02	4.53907993e+02	4.51831815e+02	4.49824750e+02	4.48016171e+02	4.46503981e+02	4.45346110e+02	4.44557580e+02	4.44113474e+02	4.43957233e+02	4.44012784e+02	4.44198234e+02	4.44438635e+02	4.44675500e+02	4.44871621e+02	4.45010900e+02	4.45094159e+02	4.45132712e+02	4.45141796e+02	4.45135485e+02	4.45123912e+02	4.45112707e+02	4.45103917e+02	4.45097485e+02	4.45092559e+02	4.45088292e+02	4.45084147e+02	4.45079880e+02	4.45075422e+02	4.45070776e+02	4.45065957e+02	4.45060976e+02	4.45055839e+02	4.45050549e+02	4.45045111e+02	4.45039527e+02	4.45033803e+02	4.45027945e+02	4.45021956e+02	4.45015843e+02	4.45009612e+02	4.45003269e+02	4.44996821e+02	4.44990275e+02	4.44983637e+02	4.44976914e+02	4.44970115e+02	4.44963244e+02	4.44956310e+02	4.44949320e+02	4.44942279e+02	4.44935196e+02	4.44928076e+02	4.44920925e+02	4.44913750e+02	4.44906557e+02	4.44899352e+02	4.44892139e+02	4.44884923e+02	4.44877711e+02	4.44870506e+02	4.44863314e+02	4.44856137e+02	4.44848980e+02	4.44841847e+02	4.44834741e+02	4.44827665e+02	4.44820622e+02	4.44813616e+02	4.44806648e+02	4.44799721e+02	4.44792836e+02	4.44785997e+02	4.44779205e+02	4.44772461e+02	4.44765767e+02	4.44759124e+02	4.44752534e+02	4.44745997e+02	4.44739514e+02	4.44733087e+02	4.44726716e+02	4.44720402e+02	4.44714144e+02	4.44707945e+02	4.44701803e+02	4.44695720e+02	4.44689695e+02	4.44683729e+02	4.44677822e+02	4.44671974e+02	4.44666185e+02	4.44660454e+02	4.44654782e+02	4.44649169e+02	4.44643615e+02	4.44638118e+02	4.44632680e+02	4.44627300e+02	4.44621977e+02	4.44616711e+02	4.44611502e+02	4.44606350e+02	4.44601254e+02	4.44596214e+02	4.44591229e+02	4.44586300e+02	4.44581425e+02	4.44576604e+02	4.44571837e+02	4.44567123e+02	4.44562462e+02	4.44557854e+02	4.44553297e+02	4.44548793e+02	4.44544339e+02	4.44539936e+02	4.44535582e+02	4.44531279e+02	4.44527025e+02	4.44522819e+02	4.44518662e+02	4.44514552e+02	4.44510490e+02	4.44506474e+02	4.44502505e+02	4.44498581e+02	4.44494703e+02	4.44490870e+02	4.44487081e+02	4.44483336e+02	4.44479635e+02	4.44475976e+02	4.44472361e+02	4.44468787e+02	4.44465255e+02	4.44461764e+02	4.44458314e+02	4.44454905e+02	4.44451535e+02	4.44448205e+02	4.44444913e+02	4.44441660e+02	4.44438446e+02	4.44435269e+02	4.44432129e+02	4.44429027e+02	4.44425960e+02	4.44422930e+02	4.44419936e+02	4.44416977e+02	4.44414052e+02	4.44411162e+02	4.44408306e+02
14	29	4.89582696e+02	4.83694824e+02	4.78295053e+02	4.73333154e+02	4.68767303e+02	4.64565703e+02	4.60707469e+02	4.57182707e+02	4.53991841e+02	4.51144273e+02	4.48656510e+02	4.46549943e+02	4.44848414e+02	4.43575717e+02	4.42753142e+02	4.42397111e+02	4.42516985e+02	4.43113094e+02	4.44175072e+02	4.45680634e+02	4.47594961e+02	4.49870875e+02	4.52449935e+02	4.55264461e+02	4.58240243e+02	4.61299431e+02	4.64362843e+02	4.67351030e+02	4.70183872e+02	4.72779333e+02	4.75052887e+02	4.76919411e+02	4.78298741e+02	4.79124706e+02	4.79355922e+02	4.78985711e+02	4.78048535e+02	4.76621116e+02	4.74817592e+02	4.72779261e+02	4.70660353e+02	4.68611890e+02	4.66765934e+02	4.65222444e+02	4.64040586e+02	4.63235722e+02	4.62782435e+02	4.62623004e+02	4.62679773e+02	4.62869147e+02	4.63114617e+02	4.63356479e+02	4.63556751e+02	4.63699003e+02	4.63784072e+02	4.63823509e+02	4.63832868e+02	4.63826515e+02	4.63814792e+02	4.63803448e+02	4.63794572e+02	4.63788104e+02	4.63783175e+02	4.63778922e+02	4.63774794e+02	4.63770543e+02	4.63766098e+02	4.63761462e+02	4.63756650e+02	4.63751672e+02	4.63746535e+02	4.63741242e+02	4.63735797e+02	4.63730203e+02	4.63724465e+02	4.63718587e+02	4.63712575e+02	4.63706435e+02	4.63700173e+02	4.63693795e+02	4.63687307e+02	4.63680716e+02	4.63674030e+02	4.63667255e+02	4.63660399e+02	4.63653467e+02	4.63646469e+02	4.63639410e+02	4.63632298e+02	4.63625139e+02	4.63617940e+02	4.63610707e+02	4.63603448e+02	4.63596167e+02	4.63588871e+02	4.63581566e+02	4.63574256e+02	4.63566947e+02	4.63559644e+02	4.63552350e+02	4.63545072e+02	4.63537812e+02	4.63530574e+02	4.63523363e+02	4.63516181e+02	4.63509031e+02	4.63501917e+02	4.63494840e+02	4.63487804e+02	4.63480811e+02	4.63473863e+02	4.63466961e+02	4.63460108e+02	4.63453305e+02	4.63446553e+02	4.63439854e+02	4.63433208e+02	4.63426618e+02	4.63420083e+02	4.63413605e+02	4.63407183e+02	4.63400820e+02	4.63394515e+02	4.63388269e+02	4.63382081e+02	4.63375953e+02	4.63369885e+02	4.63363876e+02	4.63357926e+02	4.63352037e+02	4.63346207e+02	4.63340436e+02	4.63334725e+02	4.63329074e+02	4.63323481e+02	4.63317948e+02	4.63312473e+02	4.63307057e+02	4.63301699e+02	4.63296399e+02	4.63291156e+02	4.63285970e+02	4.63280841e+02	4.63275769e+02	4.63270752e+02	4.63265791e+02	4.63260885e+02	4.63256034e+02	4.63251237e+02	4.63246493e+02	4.63241803e+02	4.63237166e+02	4.63232582e+02	4.63228049e+02	4.63223568e+02	4.63219137e+02	4.63214758e+02	4.63210428e+02	4.63206148e+02	4.63201916e+02	4.63197734e+02	4.63193599e+02	4.63189512e+02	4.63185473e+02	4.63181479e+02	4.63177532e+02	4.63173631e+02	4.63169775e+02	4.63165964e+02	4.63162196e+02	4.63158473e+02	4.63154793e+02	4.63151156e+02	4.63147561e+02	4.63144008e+02	4.63140497e+02	4.63137027e+02	4.63133597e+02	4.63130208e+02	4.63126858e+02	4.63123547e+02	4.63120275e+02	4.63117042e+02	4.63113846e+02	4.63110689e+02	4.63107568e+02	4.63104484e+02	4.63101436e+02	4.63098424e+02	4.63095448e+02	4.63092506e+02	4.63089600e+02
14	30	5.08321926e+02	5.02322080e+02	4.96819020e+02	4.91761693e+02	4.87107589e+02	4.82824397e+02	4.78890913e+02	4.75297131e+02	4.72043554e+02	4.69139835e+02	4.66602873e+02	4.64454540e+02	4.62719205e+02	4.61421182e+02	4.60582222e+02	4.60219098e+02	4.60341371e+02	4.60949373e+02	4.62032513e+02	4.63568029e+02	4.65520368e+02	4.67841367e+02	4.70471380e+02	4.73341343e+02	4.76375555e+02	4.79494612e+02	4.82617779e+02	4.85664066e+02	4.88551818e+02	4.91197446e+02	4.93514837e+02	4.95417276e+02	4.96823109e+02	4.97664939e+02	4.97900613e+02	4.97523336e+02	4.96568219e+02	4.95113423e+02	4.93275244e+02	4.91197665e+02	4.89037866e+02	4.86949789e+02	4.85068067e+02	4.83494627e+02	4.82289815e+02	4.81469321e+02	4.81007251e+02	4.80844768e+02	4.80902704e+02	4.81095834e+02	4.81346156e+02	4.81592802e+02	4.81797048e+02	4.81942146e+02	4.82028950e+02	4.82069236e+02	4.82078860e+02	4.82072469e+02	4.82060606e+02	4.82049132e+02	4.82040176e+02	4.82033677e+02	4.82028749e+02	4.82024512e+02	4.82020404e+02	4.82016172e+02	4.82011743e+02	4.82007121e+02	4.82002319e+02	4.81997349e+02	4.81992217e+02	4.81986925e+02	4.81981478e+02	4.81975879e+02	4.81970131e+02	4.81964241e+02	4.81958212e+02	4.81952051e+02	4.81945764e+02	4.81939356e+02	4.81932835e+02	4.81926207e+02	4.81919479e+02	4.81912658e+02	4.81905752e+02	4.81898767e+02	4.81891711e+02	4.81884591e+02	4.81877413e+02	4.81870186e+02	4.81862916e+02	4.81855609e+02	4.81848272e+02	4.81840911e+02	4.81833532e+02	4.81826141e+02	4.81818744e+02	4.81811345e+02	4.81803950e+02	4.81796564e+02	4.81789191e+02	4.81781835e+02	4.81774500e+02	4.81767189e+02	4.81759908e+02	4.81752658e+02	4.81745442e+02	4.81738264e+02	4.81731126e+02	4.81724031e+02	4.81716980e+02	4.81709975e+02	4.81703019e+02	4.81696113e+02	4.81689258e+02	4.81682457e+02	4.81675709e+02	4.81669016e+02	4.81662380e+02	4.81655800e+02	4.81649278e+02	4.81642815e+02	4.81636410e+02	4.81630064e+02	4.81623778e+02	4.81617552e+02	4.81611387e+02	4.81605281e+02	4.81599236e+02	4.81593251e+02	4.81587327e+02	4.81581463e+02	4.81575660e+02	4.81569917e+02	4.81564233e+02	4.81558610e+02	4.81553046e+02	4.81547541e+02	4.81542095e+02	4.81536708e+02	4.81531380e+02	4.81526109e+02	4.81520896e+02	4.81515740e+02	4.81510641e+02	4.81505598e+02	4.81500611e+02	4.81495680e+02	4.81490804e+02	4.81485983e+02	4.81481215e+02	4.81476502e+02	4.81471842e+02	4.81467234e+02	4.81462679e+02	4.81458175e+02	4.81453723e+02	4.81449322e+02	4.81444971e+02	4.81440670e+02	4.81436418e+02	4.81432215e+02	4.81428060e+02	4.81423954e+02	4.81419895e+02	4.81415882e+02	4.81411916e+02	4.81407996e+02	4.81404122e+02	4.81400292e+02	4.81396507e+02	4.81392766e+02	4.81389069e+02	4.81385415e+02	4.81381803e+02	4.81378234e+02	4.81374706e+02	4.81371219e+02	4.81367774e+02	4.81364368e+02	4.81361003e+02	4.81357677e+02	4.81354390e+02	4.81351141e+02	4.81347931e+02	4.81344759e+02	4.81341624e+02	4.81338525e+02	4.81335464e+02	4.81332438e+02	4.81329448e+02	4.81326493e+02
15	31	5.10134350e+02	5.04123794e+02	4.98610858e+02	4.93544408e+02	4.88881867e+02	4.84590875e+02	4.80650199e+02	4.77049819e+02	4.73790249e+02	4.70881165e+02	4.68339503e+02	4.66187181e+02	4.64448619e+02	4.63148181e+02	4.62307660e+02	4.61943866e+02	4.62066378e+02	4.62675527e+02	4.63760700e+02	4.65299092e+02	4.67255079e+02	4.69580403e+02	4.72215302e+02	4.75090583e+02	4.78130399e+02	4.81255199e+02	4.84384099e+02	4.87435963e+02	4.90328988e+02	4.92979437e+02	4.95301043e+02	4.97206943e+02	4.98615338e+02	4.99458713e+02	4.99694844e+02	4.99316923e+02	4.98360123e+02	4.96902745e+02	4.95061288e+02	4.92979994e+02	4.90816326e+02	4.88724504e+02	4.86839408e+02	4.85263152e+02	4.84056198e+02	4.83234264e+02	4.82771412e+02	4.82608699e+02	4.82666812e+02	4.82860370e+02	4.83111229e+02	4.83358407e+02	4.83563113e+02	4.83708566e+02	4.83795621e+02	4.83836077e+02	4.83845819e+02	4.83839519e+02	4.83827741e+02	4.83816356e+02	4.83807497e+02	4.83801104e+02	4.83796286e+02	4.83792163e+02	4.83788172e+02	4.83784059e+02	4.83779751e+02	4.83775250e+02	4.83770572e+02	4.83765726e+02	4.83760718e+02	4.83755551e+02	4.83750228e+02	4.83744753e+02	4.83739129e+02	4.83733361e+02	4.83727454e+02	4.83721413e+02	4.83715244e+02	4.83708953e+02	4.83702546e+02	4.83696030e+02	4.83689412e+02	4.83682699e+02	4.83675897e+02	4.83669014e+02	4.83662056e+02	4.83655032e+02	4.83647948e+02	4.83640811e+02	4.83633628e+02	4.83626405e+02	4.83619149e+02	4.83611866e+02	4.83604563e+02	4.83597245e+02	4.83589918e+02	4.83582586e+02	4.83575256e+02	4.83567932e+02	4.83560618e+02	4.83553319e+02	4.83546039e+02	4.83538782e+02	4.83531551e+02	4.83524349e+02	4.83517180e+02	4.83510047e+02	4.83502952e+02	4.83495898e+02	4.83488886e+02	4.83481920e+02	4.83475000e+02	4.83468129e+02	4.83461308e+02	4.83454539e+02	4.83447822e+02	4.83441159e+02	4.83434552e+02	4.83428000e+02	4.83421505e+02	4.83415067e+02	4.83408687e+02	4.83402365e+02	4.83396102e+02	4.83389899e+02	4.83383754e+02	4.83377669e+02	4.83371644e+02	4.83365679e+02	4.83359773e+02	4.83353928e+02	4.83348142e+02	4.83342415e+02	4.83336748e+02	4.83331141e+02	4.83325592e+02	4.83320102e+02	4.83314671e+02	4.83309298e+02	4.83303983e+02	4.83298725e+02	4.83293525e+02	4.83288381e+02	4.83283294e+02	4.83278263e+02	4.83273288e+02	4.83268368e+02	4.83263503e+02	4.83258692e+02	4.83253934e+02	4.83249231e+02	4.83244580e+02	4.83239982e+02	4.83235436e+02	4.83230941e+02	4.83226498e+02	4.83222105e+02	4.83217763e+02	4.83213469e+02	4.83209226e+02	4.83205030e+02	4.83200883e+02	4.83196784e+02	4.83192732e+02	4.83188727e+02	4.83184768e+02	4.83180854e+02	4.83176986e+02	4.83173163e+02	4.83169384e+02	4.83165650e+02	4.83161958e+02	4.83158310e+02	4.83154704e+02	4.83151140e+02	4.83147618e+02	4.83144136e+02	4.83140696e+02	4.83137296e+02	4.83133935e+02	4.83130614e+02	4.83127332e+02	4.83124089e+02	4.83120883e+02	4.83117715e+02	4.83114584e+02	4.83111490e+02	4.83108433e+02	4.83105411e+02	4.83102426e+02	4.83099475e+02
16	32	5.12255248e+02	5.06232183e+02	5.00707709e+02	4.95630601e+02	4.90958203e+02	4.86658099e+02	4.82709019e+02	4.79100932e+02	4.75834360e+02	4.72919007e+02	4.70371853e+02	4.68214870e+02	4.66472537e+02	4.65169276e+02	4.64326931e+02	4.63962352e+02	4.64085139e+02	4.64695626e+02	4.65783173e+02	4.67324922e+02	4.69285166e+02	4.71615539e+02	4.74256143e+02	4.77137631e+02	4.80183990e+02	4.83315495e+02	4.86451088e+02	4.89509460e+02	4.92408639e+02	4.95064713e+02	4.97391239e+02	4.99301174e+02	5.00712555e+02	5.01557729e+02	5.01794385e+02	5.01415704e+02	5.00456931e+02	4.98996526e+02	4.97151232e+02	4.95065588e+02	4.92897390e+02	4.90801182e+02	4.88912133e+02	4.87332576e+02	4.86123105e+02	4.85299475e+02	4.84835696e+02	4.84672699e+02	4.84731003e+02	4.84925044e+02	4.85176511e+02	4.85424294e+02	4.85629517e+02	4.85775364e+02	4.85862692e+02	4.85903325e+02	4.85913182e+02	4.85906967e+02	4.85895265e+02	4.85883961e+02	4.85875190e+02	4.85868893e+02	4.85864179e+02	4.85860163e+02	4.85856282e+02	4.85852281e+02	4.85848087e+02	4.85843701e+02	4.85839138e+02	4.85834409e+02	4.85829519e+02	4.85824470e+02	4.85819265e+02	4.85813907e+02	4.85808400e+02	4.85802749e+02	4.85796957e+02	4.85791029e+02	4.85784973e+02	4.85778792e+02	4.85772494e+02	4.85766084e+02	4.85759570e+02	4.85752958e+02	4.85746255e+02	4.85739468e+02	4.85732605e+02	4.85725672e+02	4.85718676e+02	4.85711624e+02	4.85704523e+02	4.85697380e+02	4.85690201e+02	4.85682992e+02	4.85675760e+02	4.85668510e+02	4.85661249e+02	4.85653980e+02	4.85646711e+02	4.85639445e+02	4.85632187e+02	4.85624941e+02	4.85617712e+02	4.85610504e+02	4.85603320e+02	4.85596164e+02	4.85589038e+02	4.85581946e+02	4.85574891e+02	4.85567875e+02	4.85560899e+02	4.85553968e+02	4.85547081e+02	4.85540242e+02	4.85533452e+02	4.85526712e+02	4.85520023e+02	4.85513388e+02	4.85506806e+02	4.85500279e+02	4.85493808e+02	4.85487393e+02	4.85481035e+02	4.85474734e+02	4.85468492e+02	4.85462308e+02	4.85456182e+02	4.85450115e+02	4.85444108e+02	4.85438159e+02	4.85432270e+02	4.85426440e+02	4.85420669e+02	4.85414957e+02	4.85409304e+02	4.85403710e+02	4.85398174e+02	4.85392697e+02	4.85387278e+02	4.85381917e+02	4.85376613e+02	4.85371366e+02	4.85366177e+02	4.85361044e+02	4.85355967e+02	4.85350945e+02	4.85345979e+02	4.85341068e+02	4.85336212e+02	4.85331410e+02	4.85326661e+02	4.85321965e+02	4.85317322e+02	4.85312732e+02	4.85308193e+02	4.85303706e+02	4.85299269e+02	4.85294883e+02	4.85290547e+02	4.85286260e+02	4.85282023e+02	4.85277834e+02	4.85273693e+02	4.85269599e+02	4.85265552e+02	4.85261553e+02	4.85257599e+02	4.85253691e+02	4.85249828e+02	4.85246010e+02	4.85242236e+02	4.85238505e+02	4.85234819e+02	4.85231175e+02	4.85227573e+02	4.85224013e+02	4.85220495e+02	4.85217018e+02	4.85213581e+02	4.85210185e+02	4.85206828e+02	4.85203511e+02	4.85200232e+02	4.85196992e+02	4.85193790e+02	4.85190625e+02	4.85187498e+02	4.85184407e+02	4.85181353e+02	4.85178335e+02	4.85175352e+02	4.85172404e+02
16	33	5.30195968e+02	5.24068017e+02	5.18446791e+02	5.13280295e+02	5.08525230e+02	5.04148698e+02	5.00129132e+02	4.96456393e+02	4.93131078e+02	4.90163130e+02	4.87569890e+02	4.85373785e+02	4.83599784e+02	4.82272800e+02	4.81415107e+02	4.81043884e+02	4.81168918e+02	4.81790544e+02	4.82897913e+02	4.84467719e+02	4.86463569e+02	4.88836173e+02	4.91524503e+02	4.94457920e+02	4.97559007e+02	5.00746592e+02	5.03938157e+02	5.07050951e+02	5.10001563e+02	5.12704628e+02	5.15072215e+02	5.17015790e+02	5.18451995e+02	5.19312027e+02	5.19552860e+02	5.19167559e+02	5.18191977e+02	5.16705928e+02	5.14828171e+02	5.12705761e+02	5.10499260e+02	5.08365943e+02	5.06443390e+02	5.04835777e+02	5.03604804e+02	5.02766532e+02	5.02294524e+02	5.02128666e+02	5.02188061e+02	5.02385620e+02	5.02641630e+02	5.02893891e+02	5.03102835e+02	5.03251347e+02	5.03340299e+02	5.03381726e+02	5.03391830e+02	5.03385578e+02	5.03373745e+02	5.03362318e+02	5.03353472e+02	5.03347146e+02	5.03342433e+02	5.03338433e+02	5.03334572e+02	5.03330590e+02	5.03326412e+02	5.03322041e+02	5.03317491e+02	5.03312772e+02	5.03307889e+02	5.03302844e+02	5.03297641e+02	5.03292282e+02	5.03286771e+02	5.03281112e+02	5.03275309e+02	5.03269367e+02	5.03263292e+02	5.03257089e+02	5.03250765e+02	5.03244326e+02	5.03237779e+02	5.03231130e+02	5.03224386e+02	5.03217555e+02	5.03210644e+02	5.03203659e+02	5.03196608e+02	5.03189499e+02	5.03182337e+02	5.03175129e+02	5.03167883e+02	5.03160605e+02	5.03153300e+02	5.03145976e+02	5.03138637e+02	5.03131290e+02	5.03123939e+02	5.03116590e+02	5.03109248e+02	5.03101917e+02	5.03094601e+02	5.03087305e+02	5.03080031e+02	5.03072785e+02	5.03065568e+02	5.03058384e+02	5.03051237e+02	5.03044127e+02	5.03037059e+02	5.03030034e+02	5.03023054e+02	5.03016122e+02	5.03009238e+02	5.03002404e+02	5.02995622e+02	5.02988894e+02	5.02982219e+02	5.02975599e+02	5.02969036e+02	5.02962529e+02	5.02956080e+02	5.02949688e+02	5.02943355e+02	5.02937081e+02	5.02930866e+02	5.02924711e+02	5.02918616e+02	5.02912580e+02	5.02906604e+02	5.02900688e+02	5.02894831e+02	5.02889035e+02	5.02883298e+02	5.02877621e+02	5.02872003e+02	5.02866444e+02	5.02860945e+02	5.02855503e+02	5.02850120e+02	5.02844795e+02	5.02839528e+02	5.02834318e+02	5.02829165e+02	5.02824068e+02	5.02819028e+02	5.02814043e+02	5.02809114e+02	5.02804239e+02	5.02799419e+02	5.02794652e+02	5.02789940e+02	5.02785280e+02	5.02780673e+02	5.02776118e+02	5.02771615e+02	5.02767162e+02	5.02762761e+02	5.02758409e+02	5.02754108e+02	5.02749855e+02	5.02745652e+02	5.02741496e+02	5.02737389e+02	5.02733328e+02	5.02729315e+02	5.02725348e+02	5.02721426e+02	5.02717550e+02	5.02713719e+02	5.02709933e+02	5.02706190e+02	5.02702491e+02	5.02698835e+02	5.02695222e+02	5.02691650e+02	5.02688120e+02	5.02684632e+02	5.02681184e+02	5.02677777e+02	5.02674409e+02	5.02671081e+02	5.02667792e+02	5.02664541e+02	5.02661329e+02	5.02658154e+02	5.02655017e+02	5.02651916e+02	5.02648852e+02	5.02645824e+02	5.02642831e+02
16	34	5.47753606e+02	5.41524714e+02	5.35810375e+02	5.30557853e+02	5.25723229e+02	5.21273144e+02	5.17185741e+02	5.13450782e+02	5.10068934e+02	5.07050367e+02	5.04412775e+02	5.02179018e+02	5.00374542e+02	4.99024726e+02	4.98152262e+02	4.97774645e+02	4.97901842e+02	4.98534189e+02	4.99660634e+02	5.01257443e+02	5.03287559e+02	5.05700806e+02	5.08435068e+02	5.11418460e+02	5.14572220e+02	5.17813775e+02	5.21059207e+02	5.24224376e+02	5.27224488e+02	5.29972777e+02	5.32379879e+02	5.34355831e+02	5.35815927e+02	5.36690259e+02	5.36935110e+02	5.36543439e+02	5.35551682e+02	5.34040952e+02	5.32131954e+02	5.29974161e+02	5.27730798e+02	5.25561768e+02	5.23606972e+02	5.21972358e+02	5.20720692e+02	5.19868329e+02	5.19388402e+02	5.19219791e+02	5.19280239e+02	5.19481182e+02	5.19741566e+02	5.19998139e+02	5.20210666e+02	5.20361743e+02	5.20452259e+02	5.20494451e+02	5.20504795e+02	5.20498509e+02	5.20486551e+02	5.20475008e+02	5.20466092e+02	5.20459741e+02	5.20455031e+02	5.20451049e+02	5.20447209e+02	5.20443248e+02	5.20439089e+02	5.20434735e+02	5.20430200e+02	5.20425493e+02	5.20420620e+02	5.20415584e+02	5.20410386e+02	5.20405030e+02	5.20399518e+02	5.20393855e+02	5.20388044e+02	5.20382092e+02	5.20376003e+02	5.20369783e+02	5.20363438e+02	5.20356974e+02	5.20350398e+02	5.20343717e+02	5.20336938e+02	5.20330068e+02	5.20323114e+02	5.20316083e+02	5.20308983e+02	5.20301820e+02	5.20294602e+02	5.20287336e+02	5.20280028e+02	5.20272686e+02	5.20265314e+02	5.20257921e+02	5.20250510e+02	5.20243090e+02	5.20235664e+02	5.20228237e+02	5.20220816e+02	5.20213404e+02	5.20206007e+02	5.20198627e+02	5.20191270e+02	5.20183938e+02	5.20176636e+02	5.20169365e+02	5.20162131e+02	5.20154934e+02	5.20147777e+02	5.20140664e+02	5.20133595e+02	5.20126574e+02	5.20119601e+02	5.20112679e+02	5.20105808e+02	5.20098991e+02	5.20092228e+02	5.20085520e+02	5.20078869e+02	5.20072275e+02	5.20065738e+02	5.20059261e+02	5.20052842e+02	5.20046482e+02	5.20040182e+02	5.20033943e+02	5.20027763e+02	5.20021644e+02	5.20015585e+02	5.20009587e+02	5.20003650e+02	5.19997773e+02	5.19991956e+02	5.19986200e+02	5.19980503e+02	5.19974867e+02	5.19969290e+02	5.19963772e+02	5.19958314e+02	5.19952914e+02	5.19947572e+02	5.19942289e+02	5.19937063e+02	5.19931895e+02	5.19926783e+02	5.19921728e+02	5.19916729e+02	5.19911785e+02	5.19906897e+02	5.19902063e+02	5.19897284e+02	5.19892558e+02	5.19887886e+02	5.19883266e+02	5.19878699e+02	5.19874183e+02	5.19869719e+02	5.19865306e+02	5.19860944e+02	5.19856631e+02	5.19852368e+02	5.19848153e+02	5.19843987e+02	5.19839869e+02	5.19835799e+02	5.19831775e+02	5.19827798e+02	5.19823867e+02	5.19819982e+02	5.19816141e+02	5.19812345e+02	5.19808594e+02	5.19804886e+02	5.19801221e+02	5.19797599e+02	5.19794019e+02	5.19790480e+02	5.19786984e+02	5.19783528e+02	5.19780112e+02	5.19776737e+02	5.19773401e+02	5.19770104e+02	5.19766846e+02	5.19763626e+02	5.19760444e+02	5.19757299e+02	5.19754192e+02	5.19751120e+02	5.19748085e+02
17	35	5.49806387e+02	5.43565810e+02	5.37840693e+02	5.32578215e+02	5.27734384e+02	5.23275785e+02	5.19180533e+02	5.15438373e+02	5.12049984e+02	5.09025561e+02	5.06382839e+02	5.04144727e+02	5.02336728e+02	5.00984274e+02	5.00110106e+02	4.99731755e+02	4.99859209e+02	5.00492805e+02	5.01621466e+02	5.03221410e+02	5.05255503e+02	5.07673465e+02	5.10413055e+02	5.13402245e+02	5.16562115e+02	5.19809932e+02	5.23061615e+02	5.26232863e+02	5.29238723e+02	5.31992265e+02	5.34403961e+02	5.36383681e+02	5.37846565e+02	5.38722575e+02	5.38967915e+02	5.38575532e+02	5.37581929e+02	5.36068371e+02	5.34155785e+02	5.31993927e+02	5.29746330e+02	5.27573201e+02	5.25614709e+02	5.23977009e+02	5.22722990e+02	5.21869040e+02	5.21388244e+02	5.21219366e+02	5.21279988e+02	5.21481380e+02	5.21742329e+02	5.21999463e+02	5.22212470e+02	5.22363912e+02	5.22454680e+02	5.22497034e+02	5.22507483e+02	5.22501274e+02	5.22489384e+02	5.22477913e+02	5.22469077e+02	5.22462814e+02	5.22458199e+02	5.22454315e+02	5.22450577e+02	5.22446719e+02	5.22442666e+02	5.22438418e+02	5.22433991e+02	5.22429394e+02	5.22424631e+02	5.22419705e+02	5.22414619e+02	5.22409374e+02	5.22403973e+02	5.22398420e+02	5.22392720e+02	5.22386877e+02	5.22380896e+02	5.22374782e+02	5.22368542e+02	5.22362182e+02	5.22355707e+02	5.22349125e+02	5.22342443e+02	5.22335667e+02	5.22328805e+02	5.22321864e+02	5.22314851e+02	5.22307773e+02	5.22300637e+02	5.22293450e+02	5.22286218e+02	5.22278949e+02	5.22271649e+02	5.22264324e+02	5.22256980e+02	5.22249622e+02	5.22242257e+02	5.22234890e+02	5.22227525e+02	5.22220167e+02	5.22212821e+02	5.22205492e+02	5.22198182e+02	5.22190896e+02	5.22183637e+02	5.22176409e+02	5.22169214e+02	5.22162056e+02	5.22154937e+02	5.22147859e+02	5.22140824e+02	5.22133835e+02	5.22126894e+02	5.22120002e+02	5.22113160e+02	5.22106370e+02	5.22099634e+02	5.22092951e+02	5.22086325e+02	5.22079754e+02	5.22073240e+02	5.22066784e+02	5.22060386e+02	5.22054046e+02	5.22047766e+02	5.22041545e+02	5.22035383e+02	5.22029282e+02	5.22023240e+02	5.22017258e+02	5.22011336e+02	5.22005474e+02	5.21999672e+02	5.21993929e+02	5.21988246e+02	5.21982623e+02	5.21977058e+02	5.21971553e+02	5.21966106e+02	5.21960718e+02	5.21955387e+02	5.21950115e+02	5.21944899e+02	5.21939741e+02	5.21934639e+02	5.21929593e+02	5.21924603e+02	5.21919668e+02	5.21914789e+02	5.21909963e+02	5.21905192e+02	5.21900474e+02	5.21895809e+02	5.21891197e+02	5.21886637e+02	5.21882129e+02	5.21877672e+02	5.21873265e+02	5.21868909e+02	5.21864603e+02	5.21860345e+02	5.21856137e+02	5.21851977e+02	5.21847864e+02	5.21843799e+02	5.21839781e+02	5.21835810e+02	5.21831884e+02	5.21828003e+02	5.21824168e+02	5.21820377e+02	5.21816629e+02	5.21812926e+02	5.21809265e+02	5.21805648e+02	5.21802072e+02	5.21798538e+02	5.21795045e+02	5.21791593e+02	5.21788181e+02	5.21784810e+02	5.21781477e+02	5.21778184e+02	5.21774930e+02	5.21771713e+02	5.21768534e+02	5.21765393e+02	5.21762289e+02	5.21759221e+02	5.21756189e+02
16	36	5.81793386e+02	5.75373300e+02	5.69482596e+02	5.64067132e+02	5.59081817e+02	5.54492413e+02	5.50276523e+02	5.46423711e+02	5.42934783e+02	5.39820340e+02	5.37098741e+02	5.34793668e+02	5.32931468e+02	5.31538408e+02	5.30637965e+02	5.30248238e+02	5.30379530e+02	5.31032184e+02	5.32194762e+02	5.33842717e+02	5.35937738e+02	5.38427966e+02	5.41249227e+02	5.44327279e+02	5.47580804e+02	5.50924586e+02	5.54272048e+02	5.57536421e+02	5.60630291e+02	5.63464238e+02	5.65946190e+02	5.67983465e+02	5.69488814e+02	5.70390232e+02	5.70642696e+02	5.70238959e+02	5.69216565e+02	5.67659090e+02	5.65690917e+02	5.63466106e+02	5.61152923e+02	5.58916252e+02	5.56900384e+02	5.55214630e+02	5.53923771e+02	5.53044719e+02	5.52549795e+02	5.52375973e+02	5.52438414e+02	5.52645773e+02	5.52914442e+02	5.53179185e+02	5.53398500e+02	5.53554441e+02	5.53647922e+02	5.53691567e+02	5.53702370e+02	5.53696025e+02	5.53683834e+02	5.53672076e+02	5.53663033e+02	5.53656639e+02	5.53651942e+02	5.53647999e+02	5.53644206e+02	5.53640291e+02	5.53636177e+02	5.53631862e+02	5.53627362e+02	5.53622688e+02	5.53617843e+02	5.53612830e+02	5.53607651e+02	5.53602309e+02	5.53596805e+02	5.53591144e+02	5.53585330e+02	5.53579368e+02	5.53573263e+02	5.53567019e+02	5.53560644e+02	5.53554143e+02	5.53547523e+02	5.53540791e+02	5.53533954e+02	5.53527019e+02	5.53519993e+02	5.53512884e+02	5.53505699e+02	5.53498446e+02	5.53491131e+02	5.53483762e+02	5.53476345e+02	5.53468889e+02	5.53461398e+02	5.53453881e+02	5.53446342e+02	5.53438789e+02	5.53431226e+02	5.53423660e+02	5.53416095e+02	5.53408537e+02	5.53400990e+02	5.53393459e+02	5.53385947e+02	5.53378459e+02	5.53370999e+02	5.53363569e+02	5.53356173e+02	5.53348815e+02	5.53341496e+02	5.53334219e+02	5.53326986e+02	5.53319800e+02	5.53312663e+02	5.53305576e+02	5.53298540e+02	5.53291559e+02	5.53284631e+02	5.53277760e+02	5.53270945e+02	5.53264188e+02	5.53257490e+02	5.53250850e+02	5.53244271e+02	5.53237752e+02	5.53231294e+02	5.53224896e+02	5.53218560e+02	5.53212286e+02	5.53206073e+02	5.53199922e+02	5.53193832e+02	5.53187805e+02	5.53181839e+02	5.53175934e+02	5.53170091e+02	5.53164309e+02	5.53158588e+02	5.53152928e+02	5.53147328e+02	5.53141788e+02	5.53136308e+02	5.53130887e+02	5.53125525e+02	5.53120222e+02	5.53114978e+02	5.53109791e+02	5.53104661e+02	5.53099589e+02	5.53094573e+02	5.53089613e+02	5.53084708e+02	5.53079859e+02	5.53075065e+02	5.53070324e+02	5.53065637e+02	5.53061004e+02	5.53056423e+02	5.53051894e+02	5.53047417e+02	5.53042991e+02	5.53038616e+02	5.53034291e+02	5.53030016e+02	5.53025790e+02	5.53021613e+02	5.53017484e+02	5.53013403e+02	5.53009368e+02	5.53005381e+02	5.53001440e+02	5.52997544e+02	5.52993694e+02	5.52989889e+02	5.52986128e+02	5.52982411e+02	5.52978737e+02	5.52975106e+02	5.52971517e+02	5.52967971e+02	5.52964465e+02	5.52961001e+02	5.52957578e+02	5.52954195e+02	5.52950851e+02	5.52947546e+02	5.52944281e+02	5.52941054e+02	5.52937864e+02	5.52934713e+02	5.52931598e+02
18	36	5.52103665e+02	5.45850035e+02	5.40112879e+02	5.34839278e+02	5.29985161e+02	5.25517054e+02	5.21413032e+02	5.17662829e+02	5.14267133e+02	5.11236167e+02	5.08587713e+02	5.06344737e+02	5.04532801e+02	5.03177400e+02	5.02301326e+02	5.01922154e+02	5.02049894e+02	5.02684883e+02	5.03816019e+02	5.05419463e+02	5.07457996e+02	5.09881223e+02	5.12626764e+02	5.15622427e+02	5.18789121e+02	5.22043930e+02	5.25302592e+02	5.28480628e+02	5.31492904e+02	5.34252310e+02	5.36669135e+02	5.38653060e+02	5.40119053e+02	5.40996933e+02	5.41242815e+02	5.40849631e+02	5.39853962e+02	5.38337238e+02	5.36420639e+02	5.34254235e+02	5.32001901e+02	5.29824187e+02	5.27861560e+02	5.26220405e+02	5.24963749e+02	5.24108019e+02	5.23626243e+02	5.23457055e+02	5.23517863e+02	5.23719745e+02	5.23981315e+02	5.24239064e+02	5.24452595e+02	5.24604432e+02	5.24695469e+02	5.24737991e+02	5.24748543e+02	5.24742404e+02	5.24730575e+02	5.24719169e+02	5.24710408e+02	5.24704227e+02	5.24699701e+02	5.24695910e+02	5.24692267e+02	5.24688507e+02	5.24684554e+02	5.24680408e+02	5.24676083e+02	5.24671589e+02	5.24666931e+02	5.24662111e+02	5.24657130e+02	5.24651991e+02	5.24646696e+02	5.24641249e+02	5.24635654e+02	5.24629914e+02	5.24624036e+02	5.24618024e+02	5.24611884e+02	5.24605622e+02	5.24599244e+02	5.24592757e+02	5.24586168e+02	5.24579482e+02	5.24572708e+02	5.24565853e+02	5.24558923e+02	5.24551925e+02	5.24544867e+02	5.24537755e+02	5.24530597e+02	5.24523398e+02	5.24516166e+02	5.24508906e+02	5.24501624e+02	5.24494327e+02	5.24487020e+02	5.24479708e+02	5.24472396e+02	5.24465089e+02	5.24457792e+02	5.24450510e+02	5.24443245e+02	5.24436002e+02	5.24428784e+02	5.24421595e+02	5.24414438e+02	5.24407316e+02	5.24400231e+02	5.24393186e+02	5.24386183e+02	5.24379224e+02	5.24372312e+02	5.24365447e+02	5.24358632e+02	5.24351868e+02	5.24345155e+02	5.24338496e+02	5.24331892e+02	5.24325343e+02	5.24318849e+02	5.24312413e+02	5.24306033e+02	5.24299712e+02	5.24293449e+02	5.24287245e+02	5.24281099e+02	5.24275013e+02	5.24268986e+02	5.24263018e+02	5.24257110e+02	5.24251261e+02	5.24245471e+02	5.24239741e+02	5.24234070e+02	5.24228457e+02	5.24222904e+02	5.24217409e+02	5.24211972e+02	5.24206594e+02	5.24201273e+02	5.24196009e+02	5.24190802e+02	5.24185652e+02	5.24180559e+02	5.24175521e+02	5.24170539e+02	5.24165611e+02	5.24160739e+02	5.24155920e+02	5.24151156e+02	5.24146444e+02	5.24141786e+02	5.24137180e+02	5.24132626e+02	5.24128123e+02	5.24123671e+02	5.24119270e+02	5.24114919e+02	5.24110618e+02	5.24106366e+02	5.24102162e+02	5.24098006e+02	5.24093898e+02	5.24089838e+02	5.24085824e+02	5.24081856e+02	5.24077934e+02	5.24074058e+02	5.24070226e+02	5.24066438e+02	5.24062695e+02	5.24058995e+02	5.24055338e+02	5.24051723e+02	5.24048151e+02	5.24044620e+02	5.24041130e+02	5.24037681e+02	5.24034272e+02	5.24030903e+02	5.24027574e+02	5.24024283e+02	5.24021031e+02	5.24017817e+02	5.24014641e+02	5.24011502e+02	5.24008400e+02	5.24005334e+02	5.24002304e+02
17	36	5.66851292e+02	5.60514435e+02	5.54700505e+02	5.49355973e+02	5.44436257e+02	5.39907502e+02	5.35747547e+02	5.31946039e+02	5.28503728e+02	5.25431024e+02	5.22745997e+02	5.20471973e+02	5.18634905e+02	5.17260674e+02	5.16372416e+02	5.15987967e+02	5.16117483e+02	5.16761305e+02	5.17908162e+02	5.19533861e+02	5.21600638e+02	5.24057365e+02	5.26840766e+02	5.29877623e+02	5.33087732e+02	5.36387028e+02	5.39690090e+02	5.42911294e+02	5.45964367e+02	5.48761044e+02	5.51210431e+02	5.53221032e+02	5.54706703e+02	5.55596352e+02	5.55845525e+02	5.55447065e+02	5.54438033e+02	5.52900934e+02	5.50958548e+02	5.48762941e+02	5.46480184e+02	5.44272991e+02	5.42283745e+02	5.40620290e+02	5.39346533e+02	5.38479142e+02	5.37990793e+02	5.37819288e+02	5.37880913e+02	5.38085534e+02	5.38350654e+02	5.38611900e+02	5.38828324e+02	5.38982213e+02	5.39074472e+02	5.39117557e+02	5.39128235e+02	5.39121993e+02	5.39109984e+02	5.39098403e+02	5.39089501e+02	5.39083214e+02	5.39078604e+02	5.39074737e+02	5.39071020e+02	5.39067184e+02	5.39063150e+02	5.39058921e+02	5.39054509e+02	5.39049926e+02	5.39045176e+02	5.39040260e+02	5.39035181e+02	5.39029941e+02	5.39024543e+02	5.39018990e+02	5.39013286e+02	5.39007437e+02	5.39001446e+02	5.38995319e+02	5.38989063e+02	5.38982682e+02	5.38976185e+02	5.38969576e+02	5.38962864e+02	5.38956055e+02	5.38949156e+02	5.38942174e+02	5.38935118e+02	5.38927993e+02	5.38920808e+02	5.38913568e+02	5.38906282e+02	5.38898955e+02	5.38891595e+02	5.38884207e+02	5.38876798e+02	5.38869373e+02	5.38861939e+02	5.38854501e+02	5.38847063e+02	5.38839632e+02	5.38832211e+02	5.38824804e+02	5.38817417e+02	5.38810052e+02	5.38802714e+02	5.38795405e+02	5.38788129e+02	5.38780890e+02	5.38773688e+02	5.38766528e+02	5.38759411e+02	5.38752339e+02	5.38745315e+02	5.38738339e+02	5.38731415e+02	5.38724542e+02	5.38717723e+02	5.38710958e+02	5.38704249e+02	5.38697596e+02	5.38691001e+02	5.38684463e+02	5.38677984e+02	5.38671564e+02	5.38665204e+02	5.38658904e+02	5.38652663e+02	5.38646483e+02	5.38640363e+02	5.38634304e+02	5.38628306e+02	5.38622368e+02	5.38616490e+02	5.38610673e+02	5.38604916e+02	5.38599219e+02	5.38593582e+02	5.38588005e+02	5.38582487e+02	5.38577028e+02	5.38571627e+02	5.38566286e+02	5.38561002e+02	5.38555775e+02	5.38550606e+02	5.38545494e+02	5.38540438e+02	5.38535439e+02	5.38530494e+02	5.38525605e+02	5.38520771e+02	5.38515991e+02	5.38511265e+02	5.38506591e+02	5.38501971e+02	5.38497403e+02	5.38492887e+02	5.38488422e+02	5.38484008e+02	5.38479645e+02	5.38475331e+02	5.38471067e+02	5.38466852e+02	5.38462685e+02	5.38458566e+02	5.38454495e+02	5.38450470e+02	5.38446492e+02	5.38442560e+02	5.38438674e+02	5.38434833e+02	5.38431036e+02	5.38427283e+02	5.38423574e+02	5.38419908e+02	5.38416285e+02	5.38412704e+02	5.38409165e+02	5.38405667e+02	5.38402211e+02	5.38398794e+02	5.38395418e+02	5.38392081e+02	5.38388783e+02	5.38385524e+02	5.38382303e+02	5.38379120e+02	5.38375974e+02	5.38372865e+02	5.38369793e+02
17	37	5.83562554e+02	5.77132697e+02	5.71232981e+02	5.65809190e+02	5.60816176e+02	5.56219653e+02	5.51997199e+02	5.48138366e+02	5.44643969e+02	5.41524629e+02	5.38798739e+02	5.36490025e+02	5.34624880e+02	5.33229614e+02	5.32327746e+02	5.31937406e+02	5.32068914e+02	5.32722613e+02	5.33887046e+02	5.35537623e+02	5.37635970e+02	5.40130142e+02	5.42955861e+02	5.46038762e+02	5.49297399e+02	5.52646419e+02	5.55999110e+02	5.59268568e+02	5.62367246e+02	5.65205589e+02	5.67691384e+02	5.69731813e+02	5.71239495e+02	5.72142319e+02	5.72395194e+02	5.71990865e+02	5.70966930e+02	5.69407092e+02	5.67435922e+02	5.65207716e+02	5.62890996e+02	5.60650901e+02	5.58631947e+02	5.56943617e+02	5.55650794e+02	5.54770421e+02	5.54274776e+02	5.54100736e+02	5.54163329e+02	5.54371069e+02	5.54640219e+02	5.54905438e+02	5.55125163e+02	5.55281417e+02	5.55375118e+02	5.55418909e+02	5.55429808e+02	5.55423538e+02	5.55411415e+02	5.55399728e+02	5.55390764e+02	5.55384456e+02	5.55379851e+02	5.55376004e+02	5.55372310e+02	5.55368496e+02	5.55364484e+02	5.55360273e+02	5.55355880e+02	5.55351313e+02	5.55346577e+02	5.55341673e+02	5.55336605e+02	5.55331372e+02	5.55325979e+02	5.55320429e+02	5.55314725e+02	5.55308872e+02	5.55302874e+02	5.55296738e+02	5.55290469e+02	5.55284072e+02	5.55277555e+02	5.55270924e+02	5.55264185e+02	5.55257347e+02	5.55250415e+02	5.55243398e+02	5.55236303e+02	5.55229136e+02	5.55221905e+02	5.55214618e+02	5.55207280e+02	5.55199900e+02	5.55192484e+02	5.55185038e+02	5.55177568e+02	5.55170081e+02	5.55162583e+02	5.55155078e+02	5.55147572e+02	5.55140071e+02	5.55132579e+02	5.55125100e+02	5.55117639e+02	5.55110200e+02	5.55102787e+02	5.55095402e+02	5.55088049e+02	5.55080732e+02	5.55073453e+02	5.55066214e+02	5.55059018e+02	5.55051868e+02	5.55044764e+02	5.55037710e+02	5.55030706e+02	5.55023754e+02	5.55016856e+02	5.55010012e+02	5.55003224e+02	5.54996493e+02	5.54989820e+02	5.54983205e+02	5.54976649e+02	5.54970152e+02	5.54963715e+02	5.54957338e+02	5.54951023e+02	5.54944768e+02	5.54938573e+02	5.54932440e+02	5.54926369e+02	5.54920358e+02	5.54914408e+02	5.54908520e+02	5.54902692e+02	5.54896925e+02	5.54891218e+02	5.54885572e+02	5.54879985e+02	5.54874459e+02	5.54868991e+02	5.54863583e+02	5.54858234e+02	5.54852942e+02	5.54847709e+02	5.54842533e+02	5.54837414e+02	5.54832352e+02	5.54827346e+02	5.54822396e+02	5.54817501e+02	5.54812662e+02	5.54807876e+02	5.54803145e+02	5.54798466e+02	5.54793841e+02	5.54789269e+02	5.54784748e+02	5.54780279e+02	5.54775861e+02	5.54771493e+02	5.54767175e+02	5.54762907e+02	5.54758688e+02	5.54754518e+02	5.54750395e+02	5.54746320e+02	5.54742292e+02	5.54738311e+02	5.54734376e+02	5.54730487e+02	5.54726642e+02	5.54722842e+02	5.54719087e+02	5.54715375e+02	5.54711706e+02	5.54708081e+02	5.54704497e+02	5.54700955e+02	5.54697455e+02	5.54693996e+02	5.54690577e+02	5.54687198e+02	5.54683859e+02	5.54680559e+02	5.54677297e+02	5.54674074e+02	5.54670889e+02	5.54667742e+02	5.54664631e+02
18	37	5.68999543e+02	5.62650664e+02	5.56825647e+02	5.51470872e+02	5.46541683e+02	5.42004170e+02	5.37836138e+02	5.34027223e+02	5.30578181e+02	5.27499452e+02	5.24809147e+02	5.22530642e+02	5.20689949e+02	5.19313004e+02	5.18422991e+02	5.18037786e+02	5.18167566e+02	5.18812671e+02	5.19961807e+02	5.21590731e+02	5.23661597e+02	5.26123174e+02	5.28912055e+02	5.31954876e+02	5.35171270e+02	5.38477005e+02	5.41786496e+02	5.45013952e+02	5.48072935e+02	5.50875014e+02	5.53329126e+02	5.55343600e+02	5.56832136e+02	5.57723508e+02	5.57973182e+02	5.57573986e+02	5.56563052e+02	5.55023038e+02	5.53076959e+02	5.50877166e+02	5.48590048e+02	5.46378634e+02	5.44385581e+02	5.42718947e+02	5.41442763e+02	5.40573735e+02	5.40084485e+02	5.39912699e+02	5.39974498e+02	5.40179572e+02	5.40445267e+02	5.40707084e+02	5.40923994e+02	5.41078251e+02	5.41170761e+02	5.41214005e+02	5.41224782e+02	5.41218610e+02	5.41206662e+02	5.41195146e+02	5.41186318e+02	5.41180113e+02	5.41175589e+02	5.41171815e+02	5.41168193e+02	5.41164453e+02	5.41160518e+02	5.41156389e+02	5.41152079e+02	5.41147599e+02	5.41142953e+02	5.41138142e+02	5.41133168e+02	5.41128034e+02	5.41122741e+02	5.41117293e+02	5.41111695e+02	5.41105949e+02	5.41100062e+02	5.41094037e+02	5.41087882e+02	5.41081600e+02	5.41075200e+02	5.41068687e+02	5.41062069e+02	5.41055351e+02	5.41048541e+02	5.41041647e+02	5.41034675e+02	5.41027632e+02	5.41020526e+02	5.41013363e+02	5.41006151e+02	5.40998896e+02	5.40991605e+02	5.40984284e+02	5.40976939e+02	5.40969576e+02	5.40962202e+02	5.40954821e+02	5.40947438e+02	5.40940059e+02	5.40932688e+02	5.40925330e+02	5.40917989e+02	5.40910669e+02	5.40903374e+02	5.40896106e+02	5.40888869e+02	5.40881667e+02	5.40874502e+02	5.40867376e+02	5.40860292e+02	5.40853252e+02	5.40846258e+02	5.40839311e+02	5.40832414e+02	5.40825569e+02	5.40818775e+02	5.40812035e+02	5.40805349e+02	5.40798719e+02	5.40792145e+02	5.40785629e+02	5.40779170e+02	5.40772769e+02	5.40766428e+02	5.40760145e+02	5.40753922e+02	5.40747758e+02	5.40741654e+02	5.40735611e+02	5.40729627e+02	5.40723703e+02	5.40717839e+02	5.40712035e+02	5.40706291e+02	5.40700607e+02	5.40694982e+02	5.40689416e+02	5.40683909e+02	5.40678460e+02	5.40673070e+02	5.40667738e+02	5.40662464e+02	5.40657247e+02	5.40652087e+02	5.40646984e+02	5.40641937e+02	5.40636945e+02	5.40632009e+02	5.40627128e+02	5.40622301e+02	5.40617528e+02	5.40612809e+02	5.40608143e+02	5.40603529e+02	5.40598967e+02	5.40594458e+02	5.40589999e+02	5.40585591e+02	5.40581233e+02	5.40576925e+02	5.40572666e+02	5.40568456e+02	5.40564295e+02	5.40560181e+02	5.40556114e+02	5.40552095e+02	5.40548121e+02	5.40544194e+02	5.40540312e+02	5.40536475e+02	5.40532682e+02	5.40528934e+02	5.40525229e+02	5.40521567e+02	5.40517947e+02	5.40514370e+02	5.40510835e+02	5.40507340e+02	5.40503887e+02	5.40500474e+02	5.40497100e+02	5.40493767e+02	5.40490472e+02	5.40487216e+02	5.40483998e+02	5.40480818e+02	5.40477675e+02	5.40474569e+02	5.40471499e+02
18	38	5.85574271e+02	5.79133320e+02	5.73223369e+02	5.67790125e+02	5.62788367e+02	5.58183762e+02	5.53953853e+02	5.50088183e+02	5.46587575e+02	5.43462674e+02	5.40731913e+02	5.38419064e+02	5.36550572e+02	5.35152801e+02	5.34249315e+02	5.33858277e+02	5.33990029e+02	5.34644913e+02	5.35811450e+02	5.37465003e+02	5.39567125e+02	5.42065774e+02	5.44896551e+02	5.47984957e+02	5.51249395e+02	5.54604359e+02	5.57962984e+02	5.61238213e+02	5.64342347e+02	5.67185677e+02	5.69675832e+02	5.71719837e+02	5.73230165e+02	5.74134580e+02	5.74387918e+02	5.73982911e+02	5.72957221e+02	5.71394695e+02	5.69420118e+02	5.67188049e+02	5.64867307e+02	5.62623317e+02	5.60600852e+02	5.58909588e+02	5.57614528e+02	5.56732646e+02	5.56236172e+02	5.56061875e+02	5.56124631e+02	5.56332793e+02	5.56602477e+02	5.56868226e+02	5.57088403e+02	5.57245000e+02	5.57338936e+02	5.57382877e+02	5.57393873e+02	5.57387671e+02	5.57375609e+02	5.57363988e+02	5.57355097e+02	5.57348869e+02	5.57344351e+02	5.57340594e+02	5.57336993e+02	5.57333275e+02	5.57329360e+02	5.57325249e+02	5.57320956e+02	5.57316492e+02	5.57311859e+02	5.57307059e+02	5.57302095e+02	5.57296968e+02	5.57291680e+02	5.57286235e+02	5.57280636e+02	5.57274887e+02	5.57268994e+02	5.57262960e+02	5.57256792e+02	5.57250495e+02	5.57244076e+02	5.57237541e+02	5.57230897e+02	5.57224151e+02	5.57217309e+02	5.57210380e+02	5.57203370e+02	5.57196286e+02	5.57189136e+02	5.57181927e+02	5.57174665e+02	5.57167358e+02	5.57160012e+02	5.57152634e+02	5.57145230e+02	5.57137807e+02	5.57130369e+02	5.57122923e+02	5.57115474e+02	5.57108026e+02	5.57100586e+02	5.57093157e+02	5.57085744e+02	5.57078351e+02	5.57070982e+02	5.57063639e+02	5.57056327e+02	5.57049049e+02	5.57041807e+02	5.57034604e+02	5.57027442e+02	5.57020325e+02	5.57013253e+02	5.57006229e+02	5.56999254e+02	5.56992330e+02	5.56985459e+02	5.56978641e+02	5.56971878e+02	5.56965171e+02	5.56958520e+02	5.56951927e+02	5.56945392e+02	5.56938916e+02	5.56932498e+02	5.56926141e+02	5.56919843e+02	5.56913605e+02	5.56907428e+02	5.56901312e+02	5.56895256e+02	5.56889260e+02	5.56883325e+02	5.56877451e+02	5.56871637e+02	5.56865883e+02	5.56860189e+02	5.56854555e+02	5.56848980e+02	5.56843465e+02	5.56838009e+02	5.56832612e+02	5.56827273e+02	5.56821991e+02	5.56816768e+02	5.56811602e+02	5.56806492e+02	5.56801439e+02	5.56796442e+02	5.56791500e+02	5.56786614e+02	5.56781782e+02	5.56777004e+02	5.56772280e+02	5.56767610e+02	5.56762992e+02	5.56758426e+02	5.56753912e+02	5.56749449e+02	5.56745038e+02	5.56740676e+02	5.56736365e+02	5.56732102e+02	5.56727889e+02	5.56723724e+02	5.56719607e+02	5.56715538e+02	5.56711515e+02	5.56707539e+02	5.56703609e+02	5.56699724e+02	5.56695884e+02	5.56692089e+02	5.56688338e+02	5.56684631e+02	5.56680966e+02	5.56677345e+02	5.56673765e+02	5.56670227e+02	5.56666731e+02	5.56663275e+02	5.56659860e+02	5.56656485e+02	5.56653150e+02	5.56649853e+02	5.56646595e+02	5.56643375e+02	5.56640193e+02	5.56637049e+02	5.56633941e+02
19	39	5.87805282e+02	5.81352047e+02	5.75430767e+02	5.69987055e+02	5.64975617e+02	5.60362062e+02	5.56123900e+02	5.52250661e+02	5.48743175e+02	5.45612117e+02	5.42875961e+02	5.40558534e+02	5.38686338e+02	5.37285792e+02	5.36380513e+02	5.35988702e+02	5.36120723e+02	5.36776917e+02	5.37945782e+02	5.39602629e+02	5.41708929e+02	5.44212532e+02	5.47048908e+02	5.50143405e+02	5.53414264e+02	5.56775807e+02	5.60141000e+02	5.63422616e+02	5.66532788e+02	5.69381635e+02	5.71876615e+02	5.73924577e+02	5.75437829e+02	5.76344003e+02	5.76597850e+02	5.76192088e+02	5.75164452e+02	5.73598945e+02	5.71620590e+02	5.69384241e+02	5.67059039e+02	5.64810732e+02	5.62784374e+02	5.61089857e+02	5.59792313e+02	5.58908753e+02	5.58411355e+02	5.58236764e+02	5.58299693e+02	5.58508314e+02	5.58778579e+02	5.59044904e+02	5.59265571e+02	5.59422538e+02	5.59516725e+02	5.59560821e+02	5.59571911e+02	5.59565772e+02	5.59553766e+02	5.59542204e+02	5.59533380e+02	5.59527228e+02	5.59522791e+02	5.59519120e+02	5.59515608e+02	5.59511980e+02	5.59508159e+02	5.59504142e+02	5.59499945e+02	5.59495577e+02	5.59491043e+02	5.59486343e+02	5.59481479e+02	5.59476452e+02	5.59471265e+02	5.59465920e+02	5.59460421e+02	5.59454772e+02	5.59448978e+02	5.59443042e+02	5.59436971e+02	5.59430770e+02	5.59424444e+02	5.59418002e+02	5.59411448e+02	5.59404790e+02	5.59398035e+02	5.59391190e+02	5.59384262e+02	5.59377258e+02	5.59370185e+02	5.59363051e+02	5.59355862e+02	5.59348624e+02	5.59341346e+02	5.59334033e+02	5.59326692e+02	5.59319329e+02	5.59311949e+02	5.59304559e+02	5.59297163e+02	5.59289768e+02	5.59282377e+02	5.59274995e+02	5.59267628e+02	5.59260278e+02	5.59252950e+02	5.59245648e+02	5.59238374e+02	5.59231132e+02	5.59223925e+02	5.59216756e+02	5.59209626e+02	5.59202540e+02	5.59195497e+02	5.59188501e+02	5.59181554e+02	5.59174656e+02	5.59167809e+02	5.59161015e+02	5.59154275e+02	5.59147590e+02	5.59140960e+02	5.59134387e+02	5.59127871e+02	5.59121414e+02	5.59115014e+02	5.59108674e+02	5.59102393e+02	5.59096171e+02	5.59090009e+02	5.59083907e+02	5.59077865e+02	5.59071883e+02	5.59065961e+02	5.59060099e+02	5.59054297e+02	5.59048555e+02	5.59042873e+02	5.59037250e+02	5.59031686e+02	5.59026181e+02	5.59020734e+02	5.59015346e+02	5.59010016e+02	5.59004744e+02	5.58999529e+02	5.58994371e+02	5.58989270e+02	5.58984224e+02	5.58979234e+02	5.58974300e+02	5.58969421e+02	5.58964596e+02	5.58959824e+02	5.58955107e+02	5.58950442e+02	5.58945830e+02	5.58941270e+02	5.58936762e+02	5.58932305e+02	5.58927898e+02	5.58923542e+02	5.58919235e+02	5.58914978e+02	5.58910770e+02	5.58906609e+02	5.58902497e+02	5.58898431e+02	5.58894413e+02	5.58890441e+02	5.58886515e+02	5.58882634e+02	5.58878798e+02	5.58875006e+02	5.58871259e+02	5.58867555e+02	5.58863894e+02	5.58860276e+02	5.58856699e+02	5.58853165e+02	5.58849671e+02	5.58846219e+02	5.58842807e+02	5.58839434e+02	5.58836101e+02	5.58832807e+02	5.58829552e+02	5.58826335e+02	5.58823156e+02	5.58820014e+02	5.58816908e+02
18	40	6.17816297e+02	6.11199899e+02	6.05128108e+02	5.99545341e+02	5.94405301e+02	5.89672851e+02	5.85325036e+02	5.81351219e+02	5.77752349e+02	5.74539468e+02	5.71731617e+02	5.69353325e+02	5.67431863e+02	5.65994408e+02	5.65065247e+02	5.64663096e+02	5.64798606e+02	5.65472124e+02	5.66671817e+02	5.68372303e+02	5.70533984e+02	5.73103274e+02	5.76013885e+02	5.79189153e+02	5.82545139e+02	5.85993910e+02	5.89446161e+02	5.92812423e+02	5.96002593e+02	5.98924525e+02	6.01483363e+02	6.03583640e+02	6.05135492e+02	6.06064761e+02	6.06325083e+02	6.05909002e+02	6.04855197e+02	6.03249773e+02	6.01220892e+02	5.98927323e+02	5.96542509e+02	5.94236446e+02	5.92157938e+02	5.90419743e+02	5.89088716e+02	5.88182341e+02	5.87672103e+02	5.87493021e+02	5.87557605e+02	5.87771652e+02	5.88048936e+02	5.88322180e+02	5.88548585e+02	5.88709643e+02	5.88806299e+02	5.88851573e+02	5.88862988e+02	5.88856730e+02	5.88844455e+02	5.88832637e+02	5.88823629e+02	5.88817363e+02	5.88812858e+02	5.88809139e+02	5.88805584e+02	5.88801912e+02	5.88798041e+02	5.88793971e+02	5.88789716e+02	5.88785286e+02	5.88780685e+02	5.88775915e+02	5.88770976e+02	5.88765869e+02	5.88760598e+02	5.88755165e+02	5.88749572e+02	5.88743825e+02	5.88737927e+02	5.88731883e+02	5.88725699e+02	5.88719381e+02	5.88712934e+02	5.88706364e+02	5.88699680e+02	5.88692887e+02	5.88685993e+02	5.88679004e+02	5.88671929e+02	5.88664775e+02	5.88657548e+02	5.88650256e+02	5.88642907e+02	5.88635508e+02	5.88628064e+02	5.88620584e+02	5.88613073e+02	5.88605539e+02	5.88597986e+02	5.88590422e+02	5.88582851e+02	5.88575279e+02	5.88567711e+02	5.88560151e+02	5.88552605e+02	5.88545077e+02	5.88537571e+02	5.88530090e+02	5.88522637e+02	5.88515218e+02	5.88507833e+02	5.88500487e+02	5.88493181e+02	5.88485919e+02	5.88478702e+02	5.88471532e+02	5.88464412e+02	5.88457342e+02	5.88450325e+02	5.88443362e+02	5.88436454e+02	5.88429602e+02	5.88422807e+02	5.88416070e+02	5.88409392e+02	5.88402773e+02	5.88396214e+02	5.88389716e+02	5.88383278e+02	5.88376902e+02	5.88370586e+02	5.88364333e+02	5.88358140e+02	5.88352010e+02	5.88345941e+02	5.88339934e+02	5.88333988e+02	5.88328103e+02	5.88322280e+02	5.88316518e+02	5.88310817e+02	5.88305176e+02	5.88299595e+02	5.88294074e+02	5.88288613e+02	5.88283211e+02	5.88277867e+02	5.88272582e+02	5.88267356e+02	5.88262186e+02	5.88257074e+02	5.88252019e+02	5.88247020e+02	5.88242077e+02	5.88237189e+02	5.88232357e+02	5.88227578e+02	5.88222854e+02	5.88218183e+02	5.88213565e+02	5.88208999e+02	5.88204485e+02	5.88200023e+02	5.88195612e+02	5.88191251e+02	5.88186941e+02	5.88182680e+02	5.88178468e+02	5.88174304e+02	5.88170188e+02	5.88166120e+02	5.88162099e+02	5.88158125e+02	5.88154196e+02	5.88150313e+02	5.88146475e+02	5.88142682e+02	5.88138933e+02	5.88135228e+02	5.88131566e+02	5.88127946e+02	5.88124369e+02	5.88120833e+02	5.88117339e+02	5.88113886e+02	5.88110473e+02	5.88107100e+02	5.88103767e+02	5.88100473e+02	5.88097217e+02	5.88094000e+02	5.88090821e+02
20	40	5.90234988e+02	5.83768401e+02	5.77834804e+02	5.72379715e+02	5.67357754e+02	5.62734471e+02	5.58487338e+02	5.54605869e+02	5.51090908e+02	5.47953156e+02	5.45211136e+02	5.42888731e+02	5.41012507e+02	5.39608945e+02	5.38701716e+02	5.38309064e+02	5.38441376e+02	5.39098994e+02	5.40270389e+02	5.41930814e+02	5.44041654e+02	5.46550642e+02	5.49393103e+02	5.52494220e+02	5.55772056e+02	5.59140749e+02	5.62513079e+02	5.65801635e+02	5.68918368e+02	5.71773211e+02	5.74273432e+02	5.76325692e+02	5.77842121e+02	5.78750204e+02	5.79004601e+02	5.78598015e+02	5.77568259e+02	5.75999509e+02	5.74017043e+02	5.71776038e+02	5.69445985e+02	5.67192980e+02	5.65162385e+02	5.63464327e+02	5.62164078e+02	5.61278689e+02	5.60780280e+02	5.60605364e+02	5.60668473e+02	5.60877586e+02	5.61148475e+02	5.61415419e+02	5.61636612e+02	5.61793971e+02	5.61888421e+02	5.61932677e+02	5.61943860e+02	5.61937780e+02	5.61925824e+02	5.61914316e+02	5.61905554e+02	5.61899473e+02	5.61895113e+02	5.61891523e+02	5.61888096e+02	5.61884554e+02	5.61880820e+02	5.61876894e+02	5.61872788e+02	5.61868513e+02	5.61864073e+02	5.61859467e+02	5.61854699e+02	5.61849768e+02	5.61844677e+02	5.61839429e+02	5.61834026e+02	5.61828472e+02	5.61822772e+02	5.61816931e+02	5.61810952e+02	5.61804843e+02	5.61798608e+02	5.61792254e+02	5.61785787e+02	5.61779214e+02	5.61772542e+02	5.61765778e+02	5.61758929e+02	5.61752001e+02	5.61745002e+02	5.61737940e+02	5.61730820e+02	5.61723650e+02	5.61716437e+02	5.61709186e+02	5.61701905e+02	5.61694599e+02	5.61687275e+02	5.61679938e+02	5.61672594e+02	5.61665247e+02	5.61657904e+02	5.61650567e+02	5.61643243e+02	5.61635934e+02	5.61628646e+02	5.61621381e+02	5.61614143e+02	5.61606936e+02	5.61599762e+02	5.61592625e+02	5.61585525e+02	5.61578467e+02	5.61571453e+02	5.61564483e+02	5.61557561e+02	5.61550687e+02	5.61543863e+02	5.61537092e+02	5.61530373e+02	5.61523707e+02	5.61517097e+02	5.61510543e+02	5.61504045e+02	5.61497604e+02	5.61491221e+02	5.61484896e+02	5.61478630e+02	5.61472422e+02	5.61466274e+02	5.61460185e+02	5.61454156e+02	5.61448186e+02	5.61442276e+02	5.61436425e+02	5.61430634e+02	5.61424902e+02	5.61419229e+02	5.61413616e+02	5.61408061e+02	5.61402565e+02	5.61397127e+02	5.61391747e+02	5.61386425e+02	5.61381161e+02	5.61375953e+02	5.61370802e+02	5.61365707e+02	5.61360668e+02	5.61355685e+02	5.61350757e+02	5.61345883e+02	5.61341064e+02	5.61336298e+02	5.61331586e+02	5.61326926e+02	5.61322319e+02	5.61317764e+02	5.61313260e+02	5.61308808e+02	5.61304405e+02	5.61300053e+02	5.61295751e+02	5.61291497e+02	5.61287292e+02	5.61283136e+02	5.61279027e+02	5.61274965e+02	5.61270950e+02	5.61266981e+02	5.61263058e+02	5.61259180e+02	5.61255347e+02	5.61251558e+02	5.61247813e+02	5.61244112e+02	5.61240454e+02	5.61236838e+02	5.61233264e+02	5.61229732e+02	5.61226241e+02	5.61222790e+02	5.61219380e+02	5.61216010e+02	5.61212679e+02	5.61209387e+02	5.61206134e+02	5.61202918e+02	5.61199741e+02	5.61196600e+02	5.61193497e+02
19	40	6.03946882e+02	5.97405390e+02	5.91402697e+02	5.85883769e+02	5.80802769e+02	5.76124903e+02	5.71827429e+02	5.67899786e+02	5.64342871e+02	5.61167555e+02	5.58392619e+02	5.56042271e+02	5.54143428e+02	5.52722920e+02	5.51804725e+02	5.51407324e+02	5.51541234e+02	5.52206803e+02	5.53392346e+02	5.55072802e+02	5.57209062e+02	5.59748201e+02	5.62624737e+02	5.65762929e+02	5.69079840e+02	5.72488572e+02	5.75900862e+02	5.79228271e+02	5.82381722e+02	5.85270110e+02	5.87799640e+02	5.89875908e+02	5.91410048e+02	5.92328725e+02	5.92586084e+02	5.92174751e+02	5.91132971e+02	5.89545884e+02	5.87540211e+02	5.85272924e+02	5.82915491e+02	5.80635957e+02	5.78581406e+02	5.76863280e+02	5.75547642e+02	5.74651760e+02	5.74147437e+02	5.73970438e+02	5.74034285e+02	5.74245865e+02	5.74519952e+02	5.74790046e+02	5.75013845e+02	5.75173054e+02	5.75268608e+02	5.75313373e+02	5.75324672e+02	5.75318505e+02	5.75306389e+02	5.75294727e+02	5.75285842e+02	5.75279669e+02	5.75275237e+02	5.75271583e+02	5.75268093e+02	5.75264487e+02	5.75260685e+02	5.75256687e+02	5.75252508e+02	5.75248156e+02	5.75243636e+02	5.75238949e+02	5.75234096e+02	5.75229078e+02	5.75223898e+02	5.75218558e+02	5.75213061e+02	5.75207411e+02	5.75201613e+02	5.75195671e+02	5.75189591e+02	5.75183378e+02	5.75177038e+02	5.75170577e+02	5.75164002e+02	5.75157320e+02	5.75150538e+02	5.75143662e+02	5.75136701e+02	5.75129661e+02	5.75122549e+02	5.75115372e+02	5.75108139e+02	5.75100855e+02	5.75093527e+02	5.75086162e+02	5.75078767e+02	5.75071348e+02	5.75063910e+02	5.75056460e+02	5.75049003e+02	5.75041545e+02	5.75034090e+02	5.75026642e+02	5.75019208e+02	5.75011790e+02	5.75004393e+02	5.74997021e+02	5.74989677e+02	5.74982364e+02	5.74975085e+02	5.74967843e+02	5.74960642e+02	5.74953482e+02	5.74946366e+02	5.74939297e+02	5.74932276e+02	5.74925305e+02	5.74918385e+02	5.74911518e+02	5.74904705e+02	5.74897947e+02	5.74891245e+02	5.74884599e+02	5.74878012e+02	5.74871482e+02	5.74865011e+02	5.74858600e+02	5.74852248e+02	5.74845957e+02	5.74839725e+02	5.74833554e+02	5.74827444e+02	5.74821394e+02	5.74815405e+02	5.74809476e+02	5.74803608e+02	5.74797800e+02	5.74792052e+02	5.74786364e+02	5.74780736e+02	5.74775168e+02	5.74769659e+02	5.74764209e+02	5.74758817e+02	5.74753484e+02	5.74748209e+02	5.74742991e+02	5.74737830e+02	5.74732726e+02	5.74727679e+02	5.74722687e+02	5.74717751e+02	5.74712870e+02	5.74708043e+02	5.74703271e+02	5.74698552e+02	5.74693886e+02	5.74689273e+02	5.74684713e+02	5.74680204e+02	5.74675746e+02	5.74671339e+02	5.74666982e+02	5.74662675e+02	5.74658417e+02	5.74654209e+02	5.74650048e+02	5.74645935e+02	5.74641870e+02	5.74637852e+02	5.74633880e+02	5.74629953e+02	5.74626073e+02	5.74622237e+02	5.74618446e+02	5.74614699e+02	5.74610995e+02	5.74607334e+02	5.74603716e+02	5.74600141e+02	5.74596606e+02	5.74593114e+02	5.74589662e+02	5.74586250e+02	5.74582878e+02	5.74579546e+02	5.74576252e+02	5.74572998e+02	5.74569781e+02	5.74566602e+02	5.74563461e+02
19	41	6.19804892e+02	6.13177835e+02	6.07096211e+02	6.01504360e+02	5.96355921e+02	5.91615704e+02	5.87260727e+02	5.83280341e+02	5.79675504e+02	5.76457279e+02	5.73644747e+02	5.71262483e+02	5.69337806e+02	5.67897943e+02	5.66967227e+02	5.66564405e+02	5.66700149e+02	5.67374805e+02	5.68576518e+02	5.70279863e+02	5.72445170e+02	5.75018760e+02	5.77934231e+02	5.81114786e+02	5.84476345e+02	5.87930826e+02	5.91388778e+02	5.94760583e+02	5.97955993e+02	6.00882715e+02	6.03445741e+02	6.05549453e+02	6.07103844e+02	6.08034641e+02	6.08295406e+02	6.07878672e+02	6.06823179e+02	6.05215171e+02	6.03183014e+02	6.00885732e+02	5.98497051e+02	5.96187244e+02	5.94105359e+02	5.92364344e+02	5.91031165e+02	5.90123337e+02	5.89612300e+02	5.89432968e+02	5.89497705e+02	5.89712154e+02	5.89989948e+02	5.90263697e+02	5.90490532e+02	5.90651916e+02	5.90748795e+02	5.90794210e+02	5.90805713e+02	5.90799518e+02	5.90787297e+02	5.90775538e+02	5.90766596e+02	5.90760404e+02	5.90755978e+02	5.90752342e+02	5.90748874e+02	5.90745290e+02	5.90741509e+02	5.90737531e+02	5.90733371e+02	5.90729036e+02	5.90724532e+02	5.90719860e+02	5.90715019e+02	5.90710012e+02	5.90704841e+02	5.90699507e+02	5.90694015e+02	5.90688367e+02	5.90682568e+02	5.90676623e+02	5.90670536e+02	5.90664314e+02	5.90657961e+02	5.90651485e+02	5.90644892e+02	5.90638189e+02	5.90631383e+02	5.90624480e+02	5.90617489e+02	5.90610416e+02	5.90603268e+02	5.90596054e+02	5.90588779e+02	5.90581452e+02	5.90574078e+02	5.90566665e+02	5.90559220e+02	5.90551748e+02	5.90544256e+02	5.90536749e+02	5.90529235e+02	5.90521716e+02	5.90514200e+02	5.90506691e+02	5.90499193e+02	5.90491710e+02	5.90484248e+02	5.90476809e+02	5.90469398e+02	5.90462017e+02	5.90454670e+02	5.90447359e+02	5.90440088e+02	5.90432859e+02	5.90425673e+02	5.90418534e+02	5.90411443e+02	5.90404401e+02	5.90397411e+02	5.90390474e+02	5.90383591e+02	5.90376763e+02	5.90369991e+02	5.90363276e+02	5.90356619e+02	5.90350021e+02	5.90343482e+02	5.90337002e+02	5.90330583e+02	5.90324224e+02	5.90317926e+02	5.90311688e+02	5.90305512e+02	5.90299397e+02	5.90293343e+02	5.90287350e+02	5.90281418e+02	5.90275546e+02	5.90269736e+02	5.90263986e+02	5.90258297e+02	5.90252667e+02	5.90247098e+02	5.90241588e+02	5.90236137e+02	5.90230745e+02	5.90225412e+02	5.90220137e+02	5.90214919e+02	5.90209759e+02	5.90204656e+02	5.90199609e+02	5.90194618e+02	5.90189683e+02	5.90184803e+02	5.90179978e+02	5.90175207e+02	5.90170489e+02	5.90165825e+02	5.90161214e+02	5.90156655e+02	5.90152148e+02	5.90147692e+02	5.90143287e+02	5.90138932e+02	5.90134627e+02	5.90130372e+02	5.90126165e+02	5.90122007e+02	5.90117896e+02	5.90113833e+02	5.90109817e+02	5.90105848e+02	5.90101924e+02	5.90098045e+02	5.90094212e+02	5.90090423e+02	5.90086678e+02	5.90082977e+02	5.90079319e+02	5.90075704e+02	5.90072130e+02	5.90068599e+02	5.90065108e+02	5.90061659e+02	5.90058249e+02	5.90054880e+02	5.90051550e+02	5.90048259e+02	5.90045007e+02	5.90041793e+02	5.90038617e+02
20	41	6.06250024e+02	5.99696045e+02	5.93681834e+02	5.88152265e+02	5.83061424e+02	5.78374461e+02	5.74068596e+02	5.70133259e+02	5.66569352e+02	5.63387776e+02	5.60607357e+02	5.58252354e+02	5.56349744e+02	5.54926415e+02	5.54006397e+02	5.53608209e+02	5.53742392e+02	5.54409292e+02	5.55597202e+02	5.57281005e+02	5.59421511e+02	5.61965686e+02	5.64847912e+02	5.67992296e+02	5.71315732e+02	5.74731151e+02	5.78150116e+02	5.81484016e+02	5.84643603e+02	5.87537599e+02	5.90072031e+02	5.92152320e+02	5.93689431e+02	5.94609893e+02	5.94867767e+02	5.94455665e+02	5.93411903e+02	5.91821784e+02	5.89812268e+02	5.87540627e+02	5.85178658e+02	5.82894733e+02	5.80836221e+02	5.79114784e+02	5.77796618e+02	5.76899027e+02	5.76393760e+02	5.76216459e+02	5.76280476e+02	5.76492518e+02	5.76767191e+02	5.77037867e+02	5.77262159e+02	5.77421738e+02	5.77517540e+02	5.77562457e+02	5.77573846e+02	5.77567737e+02	5.77555672e+02	5.77544063e+02	5.77535240e+02	5.77529137e+02	5.77524782e+02	5.77521208e+02	5.77517801e+02	5.77514280e+02	5.77510565e+02	5.77506656e+02	5.77502567e+02	5.77498308e+02	5.77493881e+02	5.77489288e+02	5.77484530e+02	5.77479608e+02	5.77474523e+02	5.77469279e+02	5.77463878e+02	5.77458324e+02	5.77452621e+02	5.77446774e+02	5.77440786e+02	5.77434665e+02	5.77428416e+02	5.77422044e+02	5.77415557e+02	5.77408961e+02	5.77402262e+02	5.77395469e+02	5.77388587e+02	5.77381624e+02	5.77374587e+02	5.77367484e+02	5.77360321e+02	5.77353105e+02	5.77345844e+02	5.77338543e+02	5.77331209e+02	5.77323849e+02	5.77316468e+02	5.77309072e+02	5.77301668e+02	5.77294260e+02	5.77286853e+02	5.77279452e+02	5.77272062e+02	5.77264687e+02	5.77257331e+02	5.77249997e+02	5.77242690e+02	5.77235413e+02	5.77228169e+02	5.77220960e+02	5.77213790e+02	5.77206660e+02	5.77199573e+02	5.77192532e+02	5.77185537e+02	5.77178591e+02	5.77171696e+02	5.77164852e+02	5.77158061e+02	5.77151324e+02	5.77144642e+02	5.77138016e+02	5.77131447e+02	5.77124936e+02	5.77118482e+02	5.77112087e+02	5.77105752e+02	5.77099475e+02	5.77093258e+02	5.77087101e+02	5.77081005e+02	5.77074968e+02	5.77068991e+02	5.77063074e+02	5.77057217e+02	5.77051421e+02	5.77045684e+02	5.77040006e+02	5.77034389e+02	5.77028830e+02	5.77023330e+02	5.77017889e+02	5.77012506e+02	5.77007181e+02	5.77001914e+02	5.76996704e+02	5.76991551e+02	5.76986454e+02	5.76981414e+02	5.76976429e+02	5.76971499e+02	5.76966624e+02	5.76961804e+02	5.76957037e+02	5.76952324e+02	5.76947664e+02	5.76943056e+02	5.76938501e+02	5.76933997e+02	5.76929544e+02	5.76925142e+02	5.76920790e+02	5.76916487e+02	5.76912234e+02	5.76908029e+02	5.76903873e+02	5.76899764e+02	5.76895702e+02	5.76891688e+02	5.76887719e+02	5.76883797e+02	5.76879919e+02	5.76876087e+02	5.76872299e+02	5.76868555e+02	5.76864854e+02	5.76861197e+02	5.76857582e+02	5.76854009e+02	5.76850477e+02	5.76846987e+02	5.76843538e+02	5.76840128e+02	5.76836759e+02	5.76833429e+02	5.76830138e+02	5.76826886e+02	5.76823671e+02	5.76820495e+02	5.76817355e+02
20	42	6.21990977e+02	6.15352220e+02	6.09259805e+02	6.03657984e+02	5.98500324e+02	5.93751583e+02	5.89388745e+02	5.85401149e+02	5.81789761e+02	5.78565672e+02	5.75748001e+02	5.73361375e+02	5.71433169e+02	5.69990664e+02	5.69058239e+02	5.68654681e+02	5.68790680e+02	5.69466584e+02	5.70670514e+02	5.72376996e+02	5.74546282e+02	5.77124590e+02	5.80045393e+02	5.83231750e+02	5.86599423e+02	5.90060170e+02	5.93524376e+02	5.96902264e+02	6.00103424e+02	6.03035401e+02	6.05603021e+02	6.07710500e+02	6.09267676e+02	6.10200147e+02	6.10461395e+02	6.10043941e+02	6.08986592e+02	6.07375743e+02	6.05339987e+02	6.03038626e+02	6.00645696e+02	5.98331775e+02	5.96246181e+02	5.94502065e+02	5.93166518e+02	5.92257090e+02	5.91745170e+02	5.91565556e+02	5.91630455e+02	5.91845338e+02	5.92123683e+02	5.92397978e+02	5.92625278e+02	5.92787011e+02	5.92884126e+02	5.92929685e+02	5.92941275e+02	5.92935138e+02	5.92922968e+02	5.92911262e+02	5.92902382e+02	5.92896259e+02	5.92891908e+02	5.92888351e+02	5.92884965e+02	5.92881465e+02	5.92877771e+02	5.92873881e+02	5.92869809e+02	5.92865566e+02	5.92861155e+02	5.92856576e+02	5.92851830e+02	5.92846918e+02	5.92841842e+02	5.92836604e+02	5.92831207e+02	5.92825655e+02	5.92819951e+02	5.92814100e+02	5.92808107e+02	5.92801977e+02	5.92795715e+02	5.92789329e+02	5.92782824e+02	5.92776207e+02	5.92769486e+02	5.92762666e+02	5.92755755e+02	5.92748760e+02	5.92741688e+02	5.92734548e+02	5.92727345e+02	5.92720086e+02	5.92712780e+02	5.92705432e+02	5.92698049e+02	5.92690637e+02	5.92683203e+02	5.92675753e+02	5.92668291e+02	5.92660825e+02	5.92653358e+02	5.92645896e+02	5.92638444e+02	5.92631005e+02	5.92623585e+02	5.92616186e+02	5.92608813e+02	5.92601469e+02	5.92594157e+02	5.92586881e+02	5.92579642e+02	5.92572444e+02	5.92565288e+02	5.92558178e+02	5.92551114e+02	5.92544099e+02	5.92537134e+02	5.92530221e+02	5.92523361e+02	5.92516555e+02	5.92509805e+02	5.92503110e+02	5.92496473e+02	5.92489894e+02	5.92483373e+02	5.92476911e+02	5.92470508e+02	5.92464165e+02	5.92457882e+02	5.92451660e+02	5.92445498e+02	5.92439397e+02	5.92433356e+02	5.92427375e+02	5.92421456e+02	5.92415596e+02	5.92409798e+02	5.92404059e+02	5.92398380e+02	5.92392761e+02	5.92387202e+02	5.92381701e+02	5.92376260e+02	5.92370877e+02	5.92365552e+02	5.92360285e+02	5.92355076e+02	5.92349924e+02	5.92344828e+02	5.92339789e+02	5.92334805e+02	5.92329877e+02	5.92325004e+02	5.92320185e+02	5.92315420e+02	5.92310709e+02	5.92306051e+02	5.92301446e+02	5.92296892e+02	5.92292390e+02	5.92287940e+02	5.92283540e+02	5.92279190e+02	5.92274890e+02	5.92270639e+02	5.92266437e+02	5.92262283e+02	5.92258177e+02	5.92254118e+02	5.92250106e+02	5.92246140e+02	5.92242221e+02	5.92238346e+02	5.92234516e+02	5.92230731e+02	5.92226990e+02	5.92223292e+02	5.92219637e+02	5.92216025e+02	5.92212454e+02	5.92208926e+02	5.92205438e+02	5.92201992e+02	5.92198585e+02	5.92195219e+02	5.92191892e+02	5.92188603e+02	5.92185354e+02	5.92182142e+02	5.92178968e+02
20	43	6.37468918e+02	6.30747840e+02	6.24579487e+02	6.18907507e+02	6.13684963e+02	6.08876236e+02	6.04458074e+02	6.00419734e+02	5.96762239e+02	5.93496868e+02	5.90643026e+02	5.88225693e+02	5.86272633e+02	5.84811507e+02	5.83867035e+02	5.83458262e+02	5.83596024e+02	5.84280671e+02	5.85500159e+02	5.87228662e+02	5.89425893e+02	5.92037347e+02	5.94995608e+02	5.98222722e+02	6.01633351e+02	6.05138113e+02	6.08646249e+02	6.12066851e+02	6.15308379e+02	6.18277236e+02	6.20877083e+02	6.23010965e+02	6.24587625e+02	6.25531757e+02	6.25796281e+02	6.25373630e+02	6.24303088e+02	6.22672110e+02	6.20610873e+02	6.18280655e+02	6.15857660e+02	6.13514612e+02	6.11402721e+02	6.09636583e+02	6.08284159e+02	6.07363237e+02	6.06844858e+02	6.06662998e+02	6.06728754e+02	6.06946396e+02	6.07228307e+02	6.07506118e+02	6.07736339e+02	6.07900164e+02	6.07998553e+02	6.08044737e+02	6.08056523e+02	6.08050359e+02	6.08038088e+02	6.08026289e+02	6.08017353e+02	6.08011212e+02	6.08006867e+02	6.08003328e+02	6.07999963e+02	6.07996486e+02	6.07992812e+02	6.07988942e+02	6.07984889e+02	6.07980664e+02	6.07976269e+02	6.07971705e+02	6.07966973e+02	6.07962073e+02	6.07957007e+02	6.07951777e+02	6.07946386e+02	6.07940837e+02	6.07935135e+02	6.07929282e+02	6.07923285e+02	6.07917149e+02	6.07910878e+02	6.07904480e+02	6.07897960e+02	6.07891326e+02	6.07884583e+02	6.07877740e+02	6.07870802e+02	6.07863779e+02	6.07856675e+02	6.07849500e+02	6.07842260e+02	6.07834963e+02	6.07827615e+02	6.07820223e+02	6.07812793e+02	6.07805334e+02	6.07797849e+02	6.07790347e+02	6.07782832e+02	6.07775310e+02	6.07767787e+02	6.07760267e+02	6.07752755e+02	6.07745257e+02	6.07737775e+02	6.07730314e+02	6.07722878e+02	6.07715470e+02	6.07708094e+02	6.07700753e+02	6.07693449e+02	6.07686185e+02	6.07678963e+02	6.07671786e+02	6.07664656e+02	6.07657575e+02	6.07650543e+02	6.07643564e+02	6.07636637e+02	6.07629765e+02	6.07622949e+02	6.07616188e+02	6.07609486e+02	6.07602841e+02	6.07596255e+02	6.07589728e+02	6.07583261e+02	6.07576854e+02	6.07570508e+02	6.07564223e+02	6.07557998e+02	6.07551834e+02	6.07545732e+02	6.07539690e+02	6.07533710e+02	6.07527790e+02	6.07521932e+02	6.07516134e+02	6.07510396e+02	6.07504719e+02	6.07499102e+02	6.07493545e+02	6.07488047e+02	6.07482608e+02	6.07477228e+02	6.07471907e+02	6.07466643e+02	6.07461437e+02	6.07456288e+02	6.07451196e+02	6.07446161e+02	6.07441181e+02	6.07436257e+02	6.07431388e+02	6.07426573e+02	6.07421813e+02	6.07417106e+02	6.07412452e+02	6.07407851e+02	6.07403302e+02	6.07398805e+02	6.07394359e+02	6.07389964e+02	6.07385618e+02	6.07381323e+02	6.07377077e+02	6.07372879e+02	6.07368730e+02	6.07364629e+02	6.07360575e+02	6.07356567e+02	6.07352606e+02	6.07348691e+02	6.07344821e+02	6.07340996e+02	6.07337216e+02	6.07333479e+02	6.07329786e+02	6.07326136e+02	6.07322528e+02	6.07318962e+02	6.07315438e+02	6.07311956e+02	6.07308513e+02	6.07305111e+02	6.07301749e+02	6.07298427e+02	6.07295143e+02	6.07291898e+02	6.07288690e+02
20	44	6.52694355e+02	6.45893267e+02	6.39651109e+02	6.33910942e+02	6.28625337e+02	6.23758308e+02	6.19286376e+02	6.15198717e+02	6.11496412e+02	6.08190919e+02	6.05301921e+02	6.02854744e+02	6.00877527e+02	5.99398304e+02	5.98442123e+02	5.98028282e+02	5.98167758e+02	5.98860902e+02	6.00095510e+02	6.01845416e+02	6.04069807e+02	6.06713476e+02	6.09708143e+02	6.12974869e+02	6.16427248e+02	6.19974788e+02	6.23525621e+02	6.26987735e+02	6.30268498e+02	6.33273201e+02	6.35904369e+02	6.38063912e+02	6.39659507e+02	6.40614973e+02	6.40882681e+02	6.40454980e+02	6.39371616e+02	6.37721074e+02	6.35635072e+02	6.33276807e+02	6.30824593e+02	6.28453237e+02	6.26315787e+02	6.24528247e+02	6.23159419e+02	6.22227327e+02	6.21702670e+02	6.21518627e+02	6.21585216e+02	6.21805541e+02	6.22090918e+02	6.22372145e+02	6.22605206e+02	6.22771064e+02	6.22870694e+02	6.22917485e+02	6.22929462e+02	6.22923273e+02	6.22910904e+02	6.22899016e+02	6.22890027e+02	6.22883869e+02	6.22879530e+02	6.22876010e+02	6.22872667e+02	6.22869212e+02	6.22865560e+02	6.22861710e+02	6.22857677e+02	6.22853471e+02	6.22849093e+02	6.22844546e+02	6.22839828e+02	6.22834941e+02	6.22829887e+02	6.22824667e+02	6.22819284e+02	6.22813741e+02	6.22808041e+02	6.22802190e+02	6.22796191e+02	6.22790050e+02	6.22783773e+02	6.22777365e+02	6.22770832e+02	6.22764183e+02	6.22757422e+02	6.22750558e+02	6.22743597e+02	6.22736547e+02	6.22729415e+02	6.22722209e+02	6.22714935e+02	6.22707601e+02	6.22700214e+02	6.22692780e+02	6.22685308e+02	6.22677803e+02	6.22670272e+02	6.22662720e+02	6.22655155e+02	6.22647581e+02	6.22640004e+02	6.22632429e+02	6.22624861e+02	6.22617304e+02	6.22609764e+02	6.22602244e+02	6.22594747e+02	6.22587279e+02	6.22579841e+02	6.22572438e+02	6.22565071e+02	6.22557744e+02	6.22550459e+02	6.22543219e+02	6.22536025e+02	6.22528880e+02	6.22521784e+02	6.22514741e+02	6.22507751e+02	6.22500815e+02	6.22493935e+02	6.22487111e+02	6.22480345e+02	6.22473638e+02	6.22466989e+02	6.22460400e+02	6.22453871e+02	6.22447402e+02	6.22440995e+02	6.22434648e+02	6.22428363e+02	6.22422140e+02	6.22415978e+02	6.22409877e+02	6.22403838e+02	6.22397860e+02	6.22391944e+02	6.22386089e+02	6.22380295e+02	6.22374562e+02	6.22368889e+02	6.22363277e+02	6.22357725e+02	6.22352232e+02	6.22346798e+02	6.22341424e+02	6.22336108e+02	6.22330850e+02	6.22325650e+02	6.22320508e+02	6.22315422e+02	6.22310392e+02	6.22305419e+02	6.22300501e+02	6.22295639e+02	6.22290831e+02	6.22286077e+02	6.22281376e+02	6.22276729e+02	6.22272135e+02	6.22267593e+02	6.22263102e+02	6.22258663e+02	6.22254274e+02	6.22249936e+02	6.22245647e+02	6.22241407e+02	6.22237217e+02	6.22233074e+02	6.22228979e+02	6.22224932e+02	6.22220931e+02	6.22216977e+02	6.22213068e+02	6.22209205e+02	6.22205386e+02	6.22201612e+02	6.22197882e+02	6.22194195e+02	6.22190551e+02	6.22186950e+02	6.22183391e+02	6.22179873e+02	6.22176396e+02	6.22172960e+02	6.22169564e+02	6.22166208e+02	6.22162892e+02	6.22159614e+02	6.22156374e+02
22	44	6.26888325e+02	6.20223430e+02	6.14106904e+02	6.08482807e+02	6.03304547e+02	5.98536761e+02	5.94156359e+02	5.90152654e+02	5.86526629e+02	5.83289436e+02	5.80460284e+02	5.78063913e+02	5.76127821e+02	5.74679409e+02	5.73743166e+02	5.73337960e+02	5.73474528e+02	5.74153218e+02	5.75362099e+02	5.77075585e+02	5.79253757e+02	5.81842604e+02	5.84775316e+02	5.87974631e+02	5.91355962e+02	5.94830703e+02	5.98308878e+02	6.01700350e+02	6.04914350e+02	6.07858062e+02	6.10435940e+02	6.12551830e+02	6.14115221e+02	6.15051425e+02	6.15313744e+02	6.14894673e+02	6.13833170e+02	6.12215967e+02	6.10172158e+02	6.07861676e+02	6.05459243e+02	6.03136120e+02	6.01042225e+02	5.99291169e+02	5.97950319e+02	5.97037302e+02	5.96523396e+02	5.96343136e+02	5.96408380e+02	5.96624216e+02	5.96903775e+02	5.97179272e+02	5.97407589e+02	5.97570080e+02	5.97667699e+02	5.97713560e+02	5.97725321e+02	5.97719288e+02	5.97707204e+02	5.97695591e+02	5.97686821e+02	5.97680824e+02	5.97676612e+02	5.97673203e+02	5.97669969e+02	5.97666626e+02	5.97663093e+02	5.97659367e+02	5.97655463e+02	5.97651391e+02	5.97647152e+02	5.97642749e+02	5.97638180e+02	5.97633446e+02	5.97628550e+02	5.97623492e+02	5.97618275e+02	5.97612903e+02	5.97607378e+02	5.97601705e+02	5.97595888e+02	5.97589932e+02	5.97583843e+02	5.97577626e+02	5.97571288e+02	5.97564834e+02	5.97558272e+02	5.97551609e+02	5.97544850e+02	5.97538003e+02	5.97531076e+02	5.97524075e+02	5.97517007e+02	5.97509880e+02	5.97502700e+02	5.97495474e+02	5.97488209e+02	5.97480911e+02	5.97473586e+02	5.97466241e+02	5.97458880e+02	5.97451510e+02	5.97444137e+02	5.97436764e+02	5.97429397e+02	5.97422040e+02	5.97414697e+02	5.97407374e+02	5.97400072e+02	5.97392797e+02	5.97385551e+02	5.97378337e+02	5.97371158e+02	5.97364017e+02	5.97356916e+02	5.97349858e+02	5.97342844e+02	5.97335877e+02	5.97328958e+02	5.97322088e+02	5.97315270e+02	5.97308504e+02	5.97301792e+02	5.97295134e+02	5.97288532e+02	5.97281986e+02	5.97275497e+02	5.97269066e+02	5.97262693e+02	5.97256378e+02	5.97250123e+02	5.97243926e+02	5.97237789e+02	5.97231712e+02	5.97225694e+02	5.97219736e+02	5.97213837e+02	5.97207998e+02	5.97202219e+02	5.97196499e+02	5.97190838e+02	5.97185236e+02	5.97179693e+02	5.97174209e+02	5.97168783e+02	5.97163415e+02	5.97158105e+02	5.97152852e+02	5.97147655e+02	5.97142516e+02	5.97137433e+02	5.97132405e+02	5.97127433e+02	5.97122516e+02	5.97117653e+02	5.97112845e+02	5.97108090e+02	5.97103388e+02	5.97098739e+02	5.97094142e+02	5.97089598e+02	5.97085104e+02	5.97080662e+02	5.97076269e+02	5.97071927e+02	5.97067634e+02	5.97063390e+02	5.97059195e+02	5.97055048e+02	5.97050948e+02	5.97046895e+02	5.97042889e+02	5.97038929e+02	5.97035015e+02	5.97031145e+02	5.97027321e+02	5.97023541e+02	5.97019804e+02	5.97016111e+02	5.97012461e+02	5.97008853e+02	5.97005287e+02	5.97001763e+02	5.96998279e+02	5.96994836e+02	5.96991434e+02	5.96988071e+02	5.96984747e+02	5.96981463e+02	5.96978216e+02	5.96975008e+02	5.96971837e+02
21	45	6.54850442e+02	6.48038110e+02	6.41785579e+02	6.36035829e+02	6.30741361e+02	6.25866139e+02	6.21386651e+02	6.17292062e+02	6.13583460e+02	6.10272330e+02	6.07378393e+02	6.04927024e+02	6.02946414e+02	6.01464650e+02	6.00506827e+02	6.00092278e+02	6.00231999e+02	6.00926342e+02	6.02163081e+02	6.03916001e+02	6.06144216e+02	6.08792419e+02	6.11792211e+02	6.15064513e+02	6.18522767e+02	6.22076329e+02	6.25633173e+02	6.29101133e+02	6.32387421e+02	6.35397174e+02	6.38032757e+02	6.40195920e+02	6.41794191e+02	6.42751264e+02	6.43019436e+02	6.42591040e+02	6.41505892e+02	6.39852618e+02	6.37763155e+02	6.35400968e+02	6.32944669e+02	6.30569356e+02	6.28428339e+02	6.26637816e+02	6.25266711e+02	6.24333079e+02	6.23807571e+02	6.23623255e+02	6.23689996e+02	6.23910737e+02	6.24196641e+02	6.24478391e+02	6.24711895e+02	6.24878086e+02	6.24977939e+02	6.25024867e+02	6.25036924e+02	6.25030788e+02	6.25018464e+02	6.25006624e+02	6.24997692e+02	6.24991597e+02	6.24987328e+02	6.24983880e+02	6.24980614e+02	6.24977237e+02	6.24973665e+02	6.24969898e+02	6.24965949e+02	6.24961827e+02	6.24957537e+02	6.24953077e+02	6.24948449e+02	6.24943652e+02	6.24938689e+02	6.24933560e+02	6.24928268e+02	6.24922816e+02	6.24917207e+02	6.24911446e+02	6.24905538e+02	6.24899486e+02	6.24893296e+02	6.24886975e+02	6.24880529e+02	6.24873963e+02	6.24867285e+02	6.24860501e+02	6.24853619e+02	6.24846646e+02	6.24839589e+02	6.24832455e+02	6.24825252e+02	6.24817986e+02	6.24810665e+02	6.24803296e+02	6.24795886e+02	6.24788441e+02	6.24780967e+02	6.24773471e+02	6.24765959e+02	6.24758436e+02	6.24750909e+02	6.24743381e+02	6.24735859e+02	6.24728346e+02	6.24720848e+02	6.24713368e+02	6.24705911e+02	6.24698479e+02	6.24691077e+02	6.24683707e+02	6.24676373e+02	6.24669078e+02	6.24661823e+02	6.24654611e+02	6.24647445e+02	6.24640326e+02	6.24633256e+02	6.24626237e+02	6.24619270e+02	6.24612357e+02	6.24605498e+02	6.24598695e+02	6.24591949e+02	6.24585261e+02	6.24578630e+02	6.24572059e+02	6.24565547e+02	6.24559095e+02	6.24552703e+02	6.24546371e+02	6.24540101e+02	6.24533891e+02	6.24527742e+02	6.24521655e+02	6.24515628e+02	6.24509663e+02	6.24503758e+02	6.24497914e+02	6.24492131e+02	6.24486408e+02	6.24480746e+02	6.24475143e+02	6.24469600e+02	6.24464117e+02	6.24458692e+02	6.24453326e+02	6.24448018e+02	6.24442768e+02	6.24437576e+02	6.24432441e+02	6.24427362e+02	6.24422340e+02	6.24417374e+02	6.24412462e+02	6.24407606e+02	6.24402804e+02	6.24398056e+02	6.24393362e+02	6.24388720e+02	6.24384131e+02	6.24379594e+02	6.24375109e+02	6.24370675e+02	6.24366291e+02	6.24361957e+02	6.24357673e+02	6.24353438e+02	6.24349252e+02	6.24345114e+02	6.24341023e+02	6.24336979e+02	6.24332983e+02	6.24329032e+02	6.24325127e+02	6.24321267e+02	6.24317452e+02	6.24313682e+02	6.24309955e+02	6.24306271e+02	6.24302630e+02	6.24299032e+02	6.24295476e+02	6.24291961e+02	6.24288487e+02	6.24285054e+02	6.24281661e+02	6.24278308e+02	6.24274993e+02	6.24271718e+02	6.24268481e+02
22	46	6.57170511e+02	6.50346097e+02	6.44082423e+02	6.38322378e+02	6.33018389e+02	6.28134364e+02	6.23646759e+02	6.19544724e+02	6.15829358e+02	6.12512171e+02	6.09612928e+02	6.07157054e+02	6.05172800e+02	6.03688307e+02	6.02728719e+02	6.02313408e+02	6.02453391e+02	6.03149022e+02	6.04388049e+02	6.06144206e+02	6.08376529e+02	6.11029602e+02	6.14034899e+02	6.17313189e+02	6.20777756e+02	6.24337786e+02	6.27901086e+02	6.31375324e+02	6.34667547e+02	6.37682723e+02	6.40323047e+02	6.42490098e+02	6.44091241e+02	6.45050039e+02	6.45318706e+02	6.44889563e+02	6.43802494e+02	6.42146284e+02	6.40053099e+02	6.37686696e+02	6.35226005e+02	6.32846440e+02	6.30701586e+02	6.28907856e+02	6.27534300e+02	6.26599009e+02	6.26072584e+02	6.25887970e+02	6.25954870e+02	6.26176052e+02	6.26462517e+02	6.26744823e+02	6.26978798e+02	6.27145340e+02	6.27245427e+02	6.27292495e+02	6.27304632e+02	6.27298544e+02	6.27286262e+02	6.27274466e+02	6.27265585e+02	6.27259550e+02	6.27255347e+02	6.27251970e+02	6.27248776e+02	6.27245474e+02	6.27241979e+02	6.27238290e+02	6.27234421e+02	6.27230382e+02	6.27226175e+02	6.27221800e+02	6.27217257e+02	6.27212547e+02	6.27207670e+02	6.27202629e+02	6.27197425e+02	6.27192060e+02	6.27186540e+02	6.27180866e+02	6.27175044e+02	6.27169078e+02	6.27162974e+02	6.27156736e+02	6.27150372e+02	6.27143887e+02	6.27137289e+02	6.27130583e+02	6.27123777e+02	6.27116878e+02	6.27109893e+02	6.27102830e+02	6.27095695e+02	6.27088495e+02	6.27081238e+02	6.27073931e+02	6.27066580e+02	6.27059193e+02	6.27051775e+02	6.27044332e+02	6.27036872e+02	6.27029398e+02	6.27021918e+02	6.27014436e+02	6.27006958e+02	6.26999487e+02	6.26992029e+02	6.26984588e+02	6.26977167e+02	6.26969771e+02	6.26962403e+02	6.26955066e+02	6.26947763e+02	6.26940497e+02	6.26933271e+02	6.26926086e+02	6.26918946e+02	6.26911852e+02	6.26904806e+02	6.26897810e+02	6.26890865e+02	6.26883973e+02	6.26877134e+02	6.26870351e+02	6.26863623e+02	6.26856952e+02	6.26850339e+02	6.26843784e+02	6.26837287e+02	6.26830850e+02	6.26824473e+02	6.26818155e+02	6.26811898e+02	6.26805701e+02	6.26799565e+02	6.26793489e+02	6.26787474e+02	6.26781519e+02	6.26775625e+02	6.26769792e+02	6.26764018e+02	6.26758305e+02	6.26752651e+02	6.26747057e+02	6.26741523e+02	6.26736047e+02	6.26730631e+02	6.26725272e+02	6.26719972e+02	6.26714729e+02	6.26709543e+02	6.26704415e+02	6.26699342e+02	6.26694326e+02	6.26689366e+02	6.26684460e+02	6.26679609e+02	6.26674813e+02	6.26670070e+02	6.26665381e+02	6.26660744e+02	6.26656160e+02	6.26651627e+02	6.26647146e+02	6.26642716e+02	6.26638337e+02	6.26634007e+02	6.26629727e+02	6.26625496e+02	6.26621313e+02	6.26617178e+02	6.26613091e+02	6.26609051e+02	6.26605057e+02	6.26601110e+02	6.26597208e+02	6.26593351e+02	6.26589539e+02	6.26585771e+02	6.26582047e+02	6.26578366e+02	6.26574728e+02	6.26571132e+02	6.26567578e+02	6.26564066e+02	6.26560594e+02	6.26557163e+02	6.26553772e+02	6.26550421e+02	6.26547109e+02	6.26543836e+02	6.26540601e+02
20	46	6.82427078e+02	6.75472392e+02	6.69088547e+02	6.63217476e+02	6.57810809e+02	6.52831854e+02	6.48256698e+02	6.44074359e+02	6.40286028e+02	6.36903510e+02	6.33947022e+02	6.31442551e+02	6.29418959e+02	6.27904994e+02	6.26926335e+02	6.26502764e+02	6.26645529e+02	6.27354987e+02	6.28618622e+02	6.30409616e+02	6.32686149e+02	6.35391661e+02	6.38456221e+02	6.41798993e+02	6.45331519e+02	6.48961183e+02	6.52593983e+02	6.56135794e+02	6.59491877e+02	6.62565394e+02	6.65256691e+02	6.67465498e+02	6.69097446e+02	6.70074669e+02	6.70348491e+02	6.69911093e+02	6.68803114e+02	6.67115015e+02	6.64981472e+02	6.62569364e+02	6.60061056e+02	6.57635355e+02	6.55448839e+02	6.53620211e+02	6.52219894e+02	6.51266359e+02	6.50729651e+02	6.50541418e+02	6.50609606e+02	6.50835082e+02	6.51127113e+02	6.51414902e+02	6.51653415e+02	6.51823179e+02	6.51925190e+02	6.51973148e+02	6.51985493e+02	6.51979257e+02	6.51966704e+02	6.51954645e+02	6.51945557e+02	6.51939368e+02	6.51935045e+02	6.51931563e+02	6.51928266e+02	6.51924857e+02	6.51921249e+02	6.51917443e+02	6.51913452e+02	6.51909285e+02	6.51904945e+02	6.51900433e+02	6.51895749e+02	6.51890892e+02	6.51885865e+02	6.51880669e+02	6.51875305e+02	6.51869778e+02	6.51864090e+02	6.51858246e+02	6.51852249e+02	6.51846106e+02	6.51839821e+02	6.51833400e+02	6.51826850e+02	6.51820176e+02	6.51813387e+02	6.51806488e+02	6.51799488e+02	6.51792393e+02	6.51785211e+02	6.51777949e+02	6.51770615e+02	6.51763216e+02	6.51755760e+02	6.51748253e+02	6.51740702e+02	6.51733114e+02	6.51725497e+02	6.51717856e+02	6.51710197e+02	6.51702526e+02	6.51694850e+02	6.51687173e+02	6.51679500e+02	6.51671837e+02	6.51664188e+02	6.51656556e+02	6.51648948e+02	6.51641365e+02	6.51633812e+02	6.51626291e+02	6.51618807e+02	6.51611362e+02	6.51603958e+02	6.51596598e+02	6.51589284e+02	6.51582018e+02	6.51574802e+02	6.51567638e+02	6.51560527e+02	6.51553471e+02	6.51546471e+02	6.51539527e+02	6.51532641e+02	6.51525814e+02	6.51519047e+02	6.51512340e+02	6.51505693e+02	6.51499108e+02	6.51492584e+02	6.51486122e+02	6.51479723e+02	6.51473385e+02	6.51467110e+02	6.51460897e+02	6.51454747e+02	6.51448659e+02	6.51442634e+02	6.51436670e+02	6.51430769e+02	6.51424929e+02	6.51419151e+02	6.51413434e+02	6.51407778e+02	6.51402182e+02	6.51396648e+02	6.51391172e+02	6.51385757e+02	6.51380401e+02	6.51375103e+02	6.51369864e+02	6.51364683e+02	6.51359559e+02	6.51354492e+02	6.51349482e+02	6.51344528e+02	6.51339629e+02	6.51334786e+02	6.51329997e+02	6.51325262e+02	6.51320581e+02	6.51315954e+02	6.51311378e+02	6.51306855e+02	6.51302384e+02	6.51297964e+02	6.51293594e+02	6.51289275e+02	6.51285005e+02	6.51280784e+02	6.51276612e+02	6.51272488e+02	6.51268412e+02	6.51264383e+02	6.51260401e+02	6.51256465e+02	6.51252574e+02	6.51248729e+02	6.51244928e+02	6.51241172e+02	6.51237459e+02	6.51233790e+02	6.51230163e+02	6.51226579e+02	6.51223037e+02	6.51219536e+02	6.51216076e+02	6.51212656e+02	6.51209277e+02	6.51205937e+02	6.51202637e+02
22	47	6.71964410e+02	6.65063403e+02	6.58729075e+02	6.52903753e+02	6.47539396e+02	6.42599558e+02	6.38060479e+02	6.33911231e+02	6.30152967e+02	6.26797371e+02	6.23864473e+02	6.21380029e+02	6.19372649e+02	6.17870832e+02	6.16900035e+02	6.16479872e+02	6.16621495e+02	6.17325261e+02	6.18578762e+02	6.20355408e+02	6.22613731e+02	6.25297643e+02	6.28337792e+02	6.31654003e+02	6.35158535e+02	6.38759517e+02	6.42363690e+02	6.45877669e+02	6.49207450e+02	6.52256941e+02	6.54927248e+02	6.57118864e+02	6.58738134e+02	6.59707781e+02	6.59979496e+02	6.59545517e+02	6.58446173e+02	6.56771234e+02	6.54654341e+02	6.52261088e+02	6.49772424e+02	6.47365758e+02	6.45196436e+02	6.43382216e+02	6.41992956e+02	6.41046971e+02	6.40514535e+02	6.40327830e+02	6.40395527e+02	6.40619275e+02	6.40909057e+02	6.41194633e+02	6.41431325e+02	6.41599813e+02	6.41701085e+02	6.41748733e+02	6.41761052e+02	6.41754939e+02	6.41742562e+02	6.41730679e+02	6.41721747e+02	6.41715695e+02	6.41711497e+02	6.41708137e+02	6.41704964e+02	6.41701682e+02	6.41698207e+02	6.41694538e+02	6.41690688e+02	6.41686666e+02	6.41682476e+02	6.41678117e+02	6.41673589e+02	6.41668892e+02	6.41664027e+02	6.41658996e+02	6.41653800e+02	6.41648443e+02	6.41642926e+02	6.41637255e+02	6.41631433e+02	6.41625465e+02	6.41619356e+02	6.41613112e+02	6.41606738e+02	6.41600241e+02	6.41593627e+02	6.41586904e+02	6.41580078e+02	6.41573157e+02	6.41566147e+02	6.41559056e+02	6.41551891e+02	6.41544659e+02	6.41537368e+02	6.41530024e+02	6.41522634e+02	6.41515206e+02	6.41507745e+02	6.41500258e+02	6.41492751e+02	6.41485230e+02	6.41477701e+02	6.41470168e+02	6.41462638e+02	6.41455114e+02	6.41447602e+02	6.41440106e+02	6.41432629e+02	6.41425177e+02	6.41417751e+02	6.41410356e+02	6.41402995e+02	6.41395670e+02	6.41388385e+02	6.41381141e+02	6.41373941e+02	6.41366788e+02	6.41359682e+02	6.41352626e+02	6.41345621e+02	6.41338669e+02	6.41331770e+02	6.41324927e+02	6.41318140e+02	6.41311410e+02	6.41304738e+02	6.41298124e+02	6.41291569e+02	6.41285074e+02	6.41278638e+02	6.41272263e+02	6.41265949e+02	6.41259696e+02	6.41253503e+02	6.41247371e+02	6.41241301e+02	6.41235291e+02	6.41229343e+02	6.41223455e+02	6.41217628e+02	6.41211862e+02	6.41206156e+02	6.41200510e+02	6.41194924e+02	6.41189397e+02	6.41183930e+02	6.41178521e+02	6.41173171e+02	6.41167879e+02	6.41162645e+02	6.41157468e+02	6.41152348e+02	6.41147285e+02	6.41142278e+02	6.41137326e+02	6.41132430e+02	6.41127588e+02	6.41122801e+02	6.41118067e+02	6.41113387e+02	6.41108760e+02	6.41104185e+02	6.41099661e+02	6.41095190e+02	6.41090769e+02	6.41086398e+02	6.41082078e+02	6.41077806e+02	6.41073584e+02	6.41069411e+02	6.41065285e+02	6.41061207e+02	6.41057175e+02	6.41053191e+02	6.41049252e+02	6.41045359e+02	6.41041511e+02	6.41037707e+02	6.41033948e+02	6.41030232e+02	6.41026560e+02	6.41022930e+02	6.41019342e+02	6.41015797e+02	6.41012292e+02	6.41008829e+02	6.41005406e+02	6.41002023e+02	6.40998680e+02	6.40995376e+02	6.40992110e+02
22	48	6.86538195e+02	6.79562555e+02	6.73159381e+02	6.67270453e+02	6.61847271e+02	6.56853049e+02	6.52263813e+02	6.48068559e+02	6.44268496e+02	6.40875473e+02	6.37909781e+02	6.35397498e+02	6.33367585e+02	6.31848885e+02	6.30867167e+02	6.30442275e+02	6.30585497e+02	6.31297189e+02	6.32564795e+02	6.34361405e+02	6.36645063e+02	6.39359025e+02	6.42433134e+02	6.45786295e+02	6.49329771e+02	6.52970657e+02	6.56614657e+02	6.60167360e+02	6.63533740e+02	6.66616666e+02	6.69316190e+02	6.71531742e+02	6.73168675e+02	6.74148894e+02	6.74423578e+02	6.73984888e+02	6.72873582e+02	6.71180393e+02	6.69040399e+02	6.66620983e+02	6.64105062e+02	6.61671989e+02	6.59478825e+02	6.57644640e+02	6.56240078e+02	6.55283673e+02	6.54745379e+02	6.54556638e+02	6.54625111e+02	6.54851360e+02	6.55144374e+02	6.55433137e+02	6.55672477e+02	6.55842861e+02	6.55945289e+02	6.55993502e+02	6.56005999e+02	6.55999862e+02	6.55987393e+02	6.55975426e+02	6.55966444e+02	6.55960376e+02	6.55956185e+02	6.55952841e+02	6.55949689e+02	6.55946428e+02	6.55942974e+02	6.55939325e+02	6.55935494e+02	6.55931491e+02	6.55927318e+02	6.55922975e+02	6.55918463e+02	6.55913781e+02	6.55908929e+02	6.55903909e+02	6.55898723e+02	6.55893374e+02	6.55887863e+02	6.55882196e+02	6.55876376e+02	6.55870407e+02	6.55864295e+02	6.55858046e+02	6.55851664e+02	6.55845157e+02	6.55838531e+02	6.55831793e+02	6.55824949e+02	6.55818007e+02	6.55810974e+02	6.55803858e+02	6.55796665e+02	6.55789404e+02	6.55782080e+02	6.55774702e+02	6.55767276e+02	6.55759809e+02	6.55752308e+02	6.55744779e+02	6.55737228e+02	6.55729662e+02	6.55722086e+02	6.55714505e+02	6.55706925e+02	6.55699351e+02	6.55691787e+02	6.55684238e+02	6.55676708e+02	6.55669201e+02	6.55661721e+02	6.55654271e+02	6.55646853e+02	6.55639472e+02	6.55632130e+02	6.55624829e+02	6.55617572e+02	6.55610361e+02	6.55603197e+02	6.55596083e+02	6.55589020e+02	6.55582010e+02	6.55575054e+02	6.55568154e+02	6.55561309e+02	6.55554522e+02	6.55547792e+02	6.55541122e+02	6.55534510e+02	6.55527959e+02	6.55521468e+02	6.55515037e+02	6.55508668e+02	6.55502359e+02	6.55496112e+02	6.55489927e+02	6.55483803e+02	6.55477740e+02	6.55471739e+02	6.55465799e+02	6.55459920e+02	6.55454102e+02	6.55448345e+02	6.55442649e+02	6.55437013e+02	6.55431437e+02	6.55425920e+02	6.55420463e+02	6.55415065e+02	6.55409726e+02	6.55404444e+02	6.55399221e+02	6.55394055e+02	6.55388946e+02	6.55383894e+02	6.55378898e+02	6.55373957e+02	6.55369072e+02	6.55364241e+02	6.55359465e+02	6.55354742e+02	6.55350073e+02	6.55345457e+02	6.55340893e+02	6.55336380e+02	6.55331919e+02	6.55327509e+02	6.55323150e+02	6.55318840e+02	6.55314580e+02	6.55310368e+02	6.55306205e+02	6.55302090e+02	6.55298022e+02	6.55294001e+02	6.55290027e+02	6.55286099e+02	6.55282216e+02	6.55278378e+02	6.55274584e+02	6.55270835e+02	6.55267129e+02	6.55263467e+02	6.55259847e+02	6.55256269e+02	6.55252733e+02	6.55249238e+02	6.55245784e+02	6.55242371e+02	6.55238997e+02	6.55235663e+02	6.55232368e+02
20	48	7.11262894e+02	7.04162408e+02	6.97644069e+02	6.91648740e+02	6.86127157e+02	6.81041960e+02	6.76368820e+02	6.72096608e+02	6.68226619e+02	6.64770987e+02	6.61750435e+02	6.59191579e+02	6.57123967e+02	6.55577023e+02	6.54577028e+02	6.54144221e+02	6.54290109e+02	6.55015051e+02	6.56306240e+02	6.58136236e+02	6.60462264e+02	6.63226480e+02	6.66357383e+02	6.69772340e+02	6.73380944e+02	6.77088564e+02	6.80799169e+02	6.84416630e+02	6.87844210e+02	6.90983047e+02	6.93731421e+02	6.95986991e+02	6.97653446e+02	6.98651323e+02	6.98930947e+02	6.98484346e+02	6.97353001e+02	6.95629253e+02	6.93450582e+02	6.90987364e+02	6.88425811e+02	6.85948525e+02	6.83715435e+02	6.81847806e+02	6.80417599e+02	6.79443710e+02	6.78895563e+02	6.78703354e+02	6.78773061e+02	6.79003427e+02	6.79301776e+02	6.79595794e+02	6.79839484e+02	6.80012956e+02	6.80117230e+02	6.80166297e+02	6.80178994e+02	6.80172715e+02	6.80159988e+02	6.80147770e+02	6.80138590e+02	6.80132376e+02	6.80128070e+02	6.80124627e+02	6.80121377e+02	6.80118015e+02	6.80114454e+02	6.80110692e+02	6.80106745e+02	6.80102620e+02	6.80098321e+02	6.80093848e+02	6.80089201e+02	6.80084379e+02	6.80079383e+02	6.80074215e+02	6.80068877e+02	6.80063371e+02	6.80057701e+02	6.80051870e+02	6.80045882e+02	6.80039743e+02	6.80033458e+02	6.80027032e+02	6.80020471e+02	6.80013782e+02	6.80006973e+02	6.80000048e+02	6.79993017e+02	6.79985887e+02	6.79978664e+02	6.79971356e+02	6.79963971e+02	6.79956517e+02	6.79949000e+02	6.79941429e+02	6.79933810e+02	6.79926150e+02	6.79918456e+02	6.79910734e+02	6.79902992e+02	6.79895235e+02	6.79887469e+02	6.79879699e+02	6.79871932e+02	6.79864171e+02	6.79856422e+02	6.79848690e+02	6.79840978e+02	6.79833290e+02	6.79825631e+02	6.79818003e+02	6.79810411e+02	6.79802856e+02	6.79795342e+02	6.79787871e+02	6.79780446e+02	6.79773068e+02	6.79765741e+02	6.79758464e+02	6.79751241e+02	6.79744073e+02	6.79736960e+02	6.79729905e+02	6.79722908e+02	6.79715970e+02	6.79709092e+02	6.79702274e+02	6.79695518e+02	6.79688824e+02	6.79682191e+02	6.79675622e+02	6.79669115e+02	6.79662671e+02	6.79656290e+02	6.79649972e+02	6.79643718e+02	6.79637527e+02	6.79631399e+02	6.79625334e+02	6.79619332e+02	6.79613392e+02	6.79607515e+02	6.79601700e+02	6.79595947e+02	6.79590256e+02	6.79584626e+02	6.79579057e+02	6.79573548e+02	6.79568099e+02	6.79562710e+02	6.79557381e+02	6.79552110e+02	6.79546898e+02	6.79541743e+02	6.79536647e+02	6.79531607e+02	6.79526623e+02	6.79521696e+02	6.79516824e+02	6.79512008e+02	6.79507245e+02	6.79502537e+02	6.79497883e+02	6.79493281e+02	6.79488732e+02	6.79484236e+02	6.79479790e+02	6.79475396e+02	6.79471052e+02	6.79466758e+02	6.79462514e+02	6.79458318e+02	6.79454171e+02	6.79450072e+02	6.79446020e+02	6.79442016e+02	6.79438058e+02	6.79434146e+02	6.79430279e+02	6.79426457e+02	6.79422680e+02	6.79418947e+02	6.79415258e+02	6.79411611e+02	6.79408007e+02	6.79404446e+02	6.79400926e+02	6.79397447e+02	6.79394009e+02	6.79390611e+02	6.79387254e+02
24	48	6.62251066e+02	6.55400270e+02	6.49112259e+02	6.43329729e+02	6.38004948e+02	6.33101699e+02	6.28596365e+02	6.24478069e+02	6.20747929e+02	6.17417515e+02	6.14506682e+02	6.12040972e+02	6.10048756e+02	6.08558301e+02	6.07594858e+02	6.07177882e+02	6.07318438e+02	6.08016879e+02	6.09260901e+02	6.11024126e+02	6.13265416e+02	6.15929124e+02	6.18946439e+02	6.22237806e+02	6.25716154e+02	6.29290306e+02	6.32867703e+02	6.36355648e+02	6.39660828e+02	6.42687844e+02	6.45338518e+02	6.47514053e+02	6.49121464e+02	6.50084025e+02	6.50353768e+02	6.49922988e+02	6.48831720e+02	6.47169090e+02	6.45067772e+02	6.42692155e+02	6.40221865e+02	6.37833004e+02	6.35679763e+02	6.33879020e+02	6.32500103e+02	6.31561180e+02	6.31032738e+02	6.30847463e+02	6.30914700e+02	6.31136832e+02	6.31424509e+02	6.31708015e+02	6.31943003e+02	6.32110297e+02	6.32210878e+02	6.32258235e+02	6.32270529e+02	6.32264531e+02	6.32252319e+02	6.32240600e+02	6.32231814e+02	6.32225889e+02	6.32221808e+02	6.32218561e+02	6.32215504e+02	6.32212342e+02	6.32208991e+02	6.32205450e+02	6.32201732e+02	6.32197846e+02	6.32193796e+02	6.32189580e+02	6.32185198e+02	6.32180651e+02	6.32175939e+02	6.32171063e+02	6.32166025e+02	6.32160827e+02	6.32155472e+02	6.32149964e+02	6.32144306e+02	6.32138503e+02	6.32132560e+02	6.32126482e+02	6.32120275e+02	6.32113944e+02	6.32107497e+02	6.32100939e+02	6.32094278e+02	6.32087520e+02	6.32080673e+02	6.32073743e+02	6.32066737e+02	6.32059663e+02	6.32052528e+02	6.32045339e+02	6.32038101e+02	6.32030823e+02	6.32023510e+02	6.32016169e+02	6.32008806e+02	6.32001426e+02	6.31994036e+02	6.31986640e+02	6.31979244e+02	6.31971853e+02	6.31964470e+02	6.31957101e+02	6.31949750e+02	6.31942420e+02	6.31935115e+02	6.31927839e+02	6.31920594e+02	6.31913383e+02	6.31906210e+02	6.31899076e+02	6.31891984e+02	6.31884936e+02	6.31877934e+02	6.31870980e+02	6.31864075e+02	6.31857222e+02	6.31850420e+02	6.31843671e+02	6.31836977e+02	6.31830338e+02	6.31823755e+02	6.31817230e+02	6.31810761e+02	6.31804351e+02	6.31797999e+02	6.31791706e+02	6.31785472e+02	6.31779298e+02	6.31773183e+02	6.31767128e+02	6.31761133e+02	6.31755197e+02	6.31749321e+02	6.31743505e+02	6.31737749e+02	6.31732051e+02	6.31726413e+02	6.31720834e+02	6.31715314e+02	6.31709852e+02	6.31704448e+02	6.31699102e+02	6.31693814e+02	6.31688583e+02	6.31683408e+02	6.31678290e+02	6.31673228e+02	6.31668222e+02	6.31663271e+02	6.31658375e+02	6.31653533e+02	6.31648745e+02	6.31644010e+02	6.31639329e+02	6.31634700e+02	6.31630123e+02	6.31625597e+02	6.31621123e+02	6.31616699e+02	6.31612326e+02	6.31608002e+02	6.31603728e+02	6.31599502e+02	6.31595325e+02	6.31591196e+02	6.31587113e+02	6.31583078e+02	6.31579089e+02	6.31575146e+02	6.31571249e+02	6.31567396e+02	6.31563588e+02	6.31559824e+02	6.31556104e+02	6.31552426e+02	6.31548792e+02	6.31545199e+02	6.31541649e+02	6.31538139e+02	6.31534671e+02	6.31531243e+02	6.31527855e+02	6.31524506e+02	6.31521197e+02	6.31517926e+02	6.31514693e+02
22	49	7.00899873e+02	6.93851457e+02	6.87381150e+02	6.81430198e+02	6.75949656e+02	6.70902403e+02	6.66264258e+02	6.62024144e+02	6.58183321e+02	6.54753803e+02	6.51756133e+02	6.49216704e+02	6.47164818e+02	6.45629657e+02	6.44637288e+02	6.44207786e+02	6.44352567e+02	6.45071988e+02	6.46353346e+02	6.48169424e+02	6.50477788e+02	6.53221052e+02	6.56328275e+02	6.59717467e+02	6.63298918e+02	6.66978714e+02	6.70661551e+02	6.74252014e+02	6.77654081e+02	6.80769612e+02	6.83497624e+02	6.85736518e+02	6.87390674e+02	6.88381202e+02	6.88658782e+02	6.88215497e+02	6.87092528e+02	6.85381543e+02	6.83219023e+02	6.80774094e+02	6.78231595e+02	6.75772773e+02	6.73556360e+02	6.71702706e+02	6.70283224e+02	6.69316657e+02	6.68772653e+02	6.68581926e+02	6.68651155e+02	6.68879844e+02	6.69176010e+02	6.69467880e+02	6.69709802e+02	6.69882035e+02	6.69985591e+02	6.70034356e+02	6.70047026e+02	6.70040866e+02	6.70028309e+02	6.70016260e+02	6.70007230e+02	6.70001147e+02	6.69996962e+02	6.69993636e+02	6.69990505e+02	6.69987266e+02	6.69983833e+02	6.69980203e+02	6.69976392e+02	6.69972408e+02	6.69968254e+02	6.69963929e+02	6.69959433e+02	6.69954766e+02	6.69949928e+02	6.69944921e+02	6.69939746e+02	6.69934406e+02	6.69928903e+02	6.69923241e+02	6.69917424e+02	6.69911456e+02	6.69905343e+02	6.69899090e+02	6.69892703e+02	6.69886188e+02	6.69879551e+02	6.69872799e+02	6.69865939e+02	6.69858979e+02	6.69851926e+02	6.69844786e+02	6.69837568e+02	6.69830279e+02	6.69822925e+02	6.69815515e+02	6.69808055e+02	6.69800552e+02	6.69793013e+02	6.69785444e+02	6.69777852e+02	6.69770243e+02	6.69762622e+02	6.69754995e+02	6.69747368e+02	6.69739746e+02	6.69732133e+02	6.69724534e+02	6.69716952e+02	6.69709393e+02	6.69701860e+02	6.69694356e+02	6.69686885e+02	6.69679450e+02	6.69672053e+02	6.69664697e+02	6.69657384e+02	6.69650117e+02	6.69642898e+02	6.69635728e+02	6.69628610e+02	6.69621544e+02	6.69614532e+02	6.69607576e+02	6.69600676e+02	6.69593833e+02	6.69587049e+02	6.69580323e+02	6.69573657e+02	6.69567051e+02	6.69560506e+02	6.69554022e+02	6.69547599e+02	6.69541237e+02	6.69534938e+02	6.69528700e+02	6.69522524e+02	6.69516410e+02	6.69510357e+02	6.69504367e+02	6.69498438e+02	6.69492570e+02	6.69486764e+02	6.69481019e+02	6.69475334e+02	6.69469710e+02	6.69464146e+02	6.69458642e+02	6.69453198e+02	6.69447812e+02	6.69442485e+02	6.69437217e+02	6.69432006e+02	6.69426853e+02	6.69421757e+02	6.69416718e+02	6.69411734e+02	6.69406806e+02	6.69401934e+02	6.69397116e+02	6.69392353e+02	6.69387643e+02	6.69382986e+02	6.69378383e+02	6.69373831e+02	6.69369332e+02	6.69364883e+02	6.69360486e+02	6.69356138e+02	6.69351841e+02	6.69347593e+02	6.69343394e+02	6.69339243e+02	6.69335140e+02	6.69331084e+02	6.69327075e+02	6.69323112e+02	6.69319196e+02	6.69315324e+02	6.69311498e+02	6.69307716e+02	6.69303978e+02	6.69300284e+02	6.69296632e+02	6.69293023e+02	6.69289456e+02	6.69285931e+02	6.69282447e+02	6.69279004e+02	6.69275601e+02	6.69272238e+02	6.69268914e+02
23	49	6.88824539e+02	6.81837271e+02	6.75423371e+02	6.69524533e+02	6.64092188e+02	6.59089493e+02	6.54492444e+02	6.50290024e+02	6.46483449e+02	6.43084597e+02	6.40113797e+02	6.37597179e+02	6.35563757e+02	6.34042430e+02	6.33059013e+02	6.32633388e+02	6.32776863e+02	6.33489794e+02	6.34759601e+02	6.36559327e+02	6.38846938e+02	6.41565588e+02	6.44644994e+02	6.48003919e+02	6.51553470e+02	6.55200580e+02	6.58850794e+02	6.62409539e+02	6.65781630e+02	6.68869776e+02	6.71573862e+02	6.73793155e+02	6.75432852e+02	6.76414730e+02	6.76689890e+02	6.76250480e+02	6.75137325e+02	6.73441308e+02	6.71297731e+02	6.68874256e+02	6.66354106e+02	6.63916939e+02	6.61720081e+02	6.59882807e+02	6.58475885e+02	6.57517881e+02	6.56978703e+02	6.56789673e+02	6.56858297e+02	6.57084969e+02	6.57378521e+02	6.57667816e+02	6.57907607e+02	6.58078327e+02	6.58180978e+02	6.58229324e+02	6.58241895e+02	6.58235803e+02	6.58223371e+02	6.58211444e+02	6.58202510e+02	6.58196497e+02	6.58192367e+02	6.58189088e+02	6.58186003e+02	6.58182813e+02	6.58179431e+02	6.58175855e+02	6.58172099e+02	6.58168173e+02	6.58164079e+02	6.58159816e+02	6.58155385e+02	6.58150784e+02	6.58146015e+02	6.58141079e+02	6.58135977e+02	6.58130711e+02	6.58125285e+02	6.58119702e+02	6.58113965e+02	6.58108079e+02	6.58102050e+02	6.58095881e+02	6.58089580e+02	6.58083152e+02	6.58076603e+02	6.58069941e+02	6.58063172e+02	6.58056303e+02	6.58049341e+02	6.58042294e+02	6.58035168e+02	6.58027972e+02	6.58020712e+02	6.58013395e+02	6.58006028e+02	6.57998618e+02	6.57991172e+02	6.57983696e+02	6.57976197e+02	6.57968680e+02	6.57961151e+02	6.57953616e+02	6.57946080e+02	6.57938548e+02	6.57931025e+02	6.57923515e+02	6.57916022e+02	6.57908550e+02	6.57901104e+02	6.57893686e+02	6.57886300e+02	6.57878949e+02	6.57871635e+02	6.57864362e+02	6.57857131e+02	6.57849945e+02	6.57842806e+02	6.57835715e+02	6.57828674e+02	6.57821685e+02	6.57814750e+02	6.57807869e+02	6.57801043e+02	6.57794273e+02	6.57787561e+02	6.57780907e+02	6.57774311e+02	6.57767775e+02	6.57761299e+02	6.57754882e+02	6.57748526e+02	6.57742231e+02	6.57735996e+02	6.57729823e+02	6.57723710e+02	6.57717659e+02	6.57711668e+02	6.57705738e+02	6.57699869e+02	6.57694061e+02	6.57688313e+02	6.57682626e+02	6.57676998e+02	6.57671430e+02	6.57665922e+02	6.57660473e+02	6.57655082e+02	6.57649750e+02	6.57644475e+02	6.57639259e+02	6.57634099e+02	6.57628997e+02	6.57623950e+02	6.57618960e+02	6.57614025e+02	6.57609145e+02	6.57604320e+02	6.57599548e+02	6.57594831e+02	6.57590166e+02	6.57585555e+02	6.57580995e+02	6.57576487e+02	6.57572030e+02	6.57567624e+02	6.57563269e+02	6.57558963e+02	6.57554706e+02	6.57550498e+02	6.57546339e+02	6.57542227e+02	6.57538162e+02	6.57534145e+02	6.57530174e+02	6.57526248e+02	6.57522368e+02	6.57518533e+02	6.57514743e+02	6.57510996e+02	6.57507293e+02	6.57503633e+02	6.57500015e+02	6.57496440e+02	6.57492906e+02	6.57489414e+02	6.57485962e+02	6.57482551e+02	6.57479179e+02	6.57475847e+02	6.57472554e+02
22	50	7.15057067e+02	7.07937637e+02	7.01401823e+02	6.95390350e+02	6.89853837e+02	6.84754836e+02	6.80068967e+02	6.75785079e+02	6.71904483e+02	6.68439354e+02	6.65410481e+02	6.62844563e+02	6.60771236e+02	6.59220012e+02	6.58217251e+02	6.57783250e+02	6.57929552e+02	6.58656515e+02	6.59951293e+02	6.61786368e+02	6.64118838e+02	6.66890694e+02	6.70030231e+02	6.73454581e+02	6.77073087e+02	6.80790851e+02	6.84511584e+02	6.88138893e+02	6.91575783e+02	6.94723129e+02	6.97478941e+02	6.99740610e+02	7.01411573e+02	7.02412159e+02	7.02692565e+02	7.02244798e+02	7.01110447e+02	6.99382098e+02	6.97197597e+02	6.94727774e+02	6.92159339e+02	6.89675391e+02	6.87436293e+02	6.85563642e+02	6.84129600e+02	6.83153119e+02	6.82603542e+02	6.82410877e+02	6.82480845e+02	6.82711915e+02	6.83011156e+02	6.83306059e+02	6.83550501e+02	6.83724539e+02	6.83829195e+02	6.83878499e+02	6.83891339e+02	6.83885157e+02	6.83872513e+02	6.83860386e+02	6.83851310e+02	6.83845212e+02	6.83841034e+02	6.83837726e+02	6.83834616e+02	6.83831399e+02	6.83827987e+02	6.83824378e+02	6.83820587e+02	6.83816623e+02	6.83812487e+02	6.83808181e+02	6.83803702e+02	6.83799051e+02	6.83794228e+02	6.83789234e+02	6.83784072e+02	6.83778742e+02	6.83773247e+02	6.83767592e+02	6.83761780e+02	6.83755815e+02	6.83749702e+02	6.83743447e+02	6.83737056e+02	6.83730534e+02	6.83723888e+02	6.83717125e+02	6.83710252e+02	6.83703275e+02	6.83696203e+02	6.83689043e+02	6.83681801e+02	6.83674486e+02	6.83667105e+02	6.83659665e+02	6.83652172e+02	6.83644635e+02	6.83637060e+02	6.83629454e+02	6.83621823e+02	6.83614172e+02	6.83606509e+02	6.83598839e+02	6.83591167e+02	6.83583498e+02	6.83575838e+02	6.83568191e+02	6.83560560e+02	6.83552951e+02	6.83545367e+02	6.83537812e+02	6.83530289e+02	6.83522801e+02	6.83515352e+02	6.83507943e+02	6.83500577e+02	6.83493256e+02	6.83485983e+02	6.83478760e+02	6.83471587e+02	6.83464468e+02	6.83457402e+02	6.83450392e+02	6.83443438e+02	6.83436542e+02	6.83429704e+02	6.83422925e+02	6.83416206e+02	6.83409548e+02	6.83402950e+02	6.83396414e+02	6.83389939e+02	6.83383526e+02	6.83377176e+02	6.83370887e+02	6.83364661e+02	6.83358497e+02	6.83352395e+02	6.83346355e+02	6.83340378e+02	6.83334462e+02	6.83328608e+02	6.83322815e+02	6.83317084e+02	6.83311413e+02	6.83305803e+02	6.83300253e+02	6.83294764e+02	6.83289334e+02	6.83283962e+02	6.83278650e+02	6.83273396e+02	6.83268200e+02	6.83263062e+02	6.83257980e+02	6.83252955e+02	6.83247987e+02	6.83243074e+02	6.83238216e+02	6.83233412e+02	6.83228663e+02	6.83223968e+02	6.83219326e+02	6.83214736e+02	6.83210199e+02	6.83205713e+02	6.83201279e+02	6.83196896e+02	6.83192562e+02	6.83188279e+02	6.83184044e+02	6.83179859e+02	6.83175721e+02	6.83171631e+02	6.83167589e+02	6.83163593e+02	6.83159644e+02	6.83155740e+02	6.83151882e+02	6.83148068e+02	6.83144299e+02	6.83140574e+02	6.83136892e+02	6.83133252e+02	6.83129656e+02	6.83126101e+02	6.83122588e+02	6.83119116e+02	6.83115685e+02	6.83112294e+02	6.83108942e+02
24	50	6.91249248e+02	6.84249669e+02	6.77824413e+02	6.71915083e+02	6.66473035e+02	6.61461370e+02	6.56856047e+02	6.52646040e+02	6.48832571e+02	6.45427546e+02	6.42451339e+02	6.39930130e+02	6.37892993e+02	6.36368884e+02	6.35383668e+02	6.34957266e+02	6.35101008e+02	6.35815251e+02	6.37087389e+02	6.38890413e+02	6.41182208e+02	6.43905820e+02	6.46990834e+02	6.50355861e+02	6.53911843e+02	6.57565543e+02	6.61222335e+02	6.64787476e+02	6.68165613e+02	6.71259284e+02	6.73968200e+02	6.76191452e+02	6.77834074e+02	6.78817708e+02	6.79093370e+02	6.78653195e+02	6.77538081e+02	6.75839068e+02	6.73691696e+02	6.71263920e+02	6.68739292e+02	6.66297787e+02	6.64097015e+02	6.62256469e+02	6.60847045e+02	6.59887347e+02	6.59347227e+02	6.59157889e+02	6.59226670e+02	6.59453786e+02	6.59747903e+02	6.60037759e+02	6.60278023e+02	6.60449094e+02	6.60551975e+02	6.60600457e+02	6.60613101e+02	6.60607052e+02	6.60594653e+02	6.60582763e+02	6.60573874e+02	6.60567914e+02	6.60563841e+02	6.60560625e+02	6.60557605e+02	6.60554481e+02	6.60551168e+02	6.60547663e+02	6.60543979e+02	6.60540127e+02	6.60536108e+02	6.60531923e+02	6.60527569e+02	6.60523048e+02	6.60518359e+02	6.60513503e+02	6.60508482e+02	6.60503297e+02	6.60497952e+02	6.60492450e+02	6.60486794e+02	6.60480988e+02	6.60475038e+02	6.60468948e+02	6.60462725e+02	6.60456373e+02	6.60449900e+02	6.60443311e+02	6.60436614e+02	6.60429815e+02	6.60422922e+02	6.60415942e+02	6.60408882e+02	6.60401748e+02	6.60394549e+02	6.60387292e+02	6.60379982e+02	6.60372628e+02	6.60365235e+02	6.60357811e+02	6.60350361e+02	6.60342892e+02	6.60335409e+02	6.60327918e+02	6.60320424e+02	6.60312933e+02	6.60305448e+02	6.60297975e+02	6.60290518e+02	6.60283080e+02	6.60275667e+02	6.60268280e+02	6.60260924e+02	6.60253602e+02	6.60246315e+02	6.60239068e+02	6.60231862e+02	6.60224700e+02	6.60217584e+02	6.60210515e+02	6.60203495e+02	6.60196527e+02	6.60189610e+02	6.60182748e+02	6.60175939e+02	6.60169187e+02	6.60162491e+02	6.60155852e+02	6.60149271e+02	6.60142749e+02	6.60136286e+02	6.60129883e+02	6.60123540e+02	6.60117256e+02	6.60111033e+02	6.60104871e+02	6.60098769e+02	6.60092727e+02	6.60086746e+02	6.60080826e+02	6.60074966e+02	6.60069167e+02	6.60063427e+02	6.60057748e+02	6.60052128e+02	6.60046568e+02	6.60041066e+02	6.60035624e+02	6.60030240e+02	6.60024914e+02	6.60019646e+02	6.60014435e+02	6.60009281e+02	6.60004184e+02	6.59999143e+02	6.59994158e+02	6.59989228e+02	6.59984353e+02	6.59979532e+02	6.59974765e+02	6.59970052e+02	6.59965391e+02	6.59960784e+02	6.59956228e+02	6.59951724e+02	6.59947271e+02	6.59942868e+02	6.59938516e+02	6.59934213e+02	6.59929960e+02	6.59925755e+02	6.59921598e+02	6.59917489e+02	6.59913427e+02	6.59909412e+02	6.59905444e+02	6.59901521e+02	6.59897643e+02	6.59893811e+02	6.59890022e+02	6.59886278e+02	6.59882577e+02	6.59878919e+02	6.59875303e+02	6.59871730e+02	6.59868198e+02	6.59864707e+02	6.59861258e+02	6.59857848e+02	6.59854478e+02	6.59851148e+02	6.59847856e+02
23	50	7.03102749e+02	6.96043245e+02	6.89562710e+02	6.83602309e+02	6.78113029e+02	6.73057696e+02	6.68412100e+02	6.64165153e+02	6.60318120e+02	6.56883043e+02	6.53880504e+02	6.51336940e+02	6.49281708e+02	6.47744042e+02	6.46750053e+02	6.46319852e+02	6.46464874e+02	6.47185476e+02	6.48468935e+02	6.50287984e+02	6.52600117e+02	6.55347851e+02	6.58460126e+02	6.61854814e+02	6.65442058e+02	6.69127791e+02	6.72816553e+02	6.76412777e+02	6.79820291e+02	6.82940799e+02	6.85673163e+02	6.87915624e+02	6.89572416e+02	6.90564526e+02	6.90842560e+02	6.90398590e+02	6.89273857e+02	6.87560176e+02	6.85394240e+02	6.82945441e+02	6.80398910e+02	6.77936183e+02	6.75716248e+02	6.73859650e+02	6.72437917e+02	6.71469827e+02	6.70924980e+02	6.70733978e+02	6.70803353e+02	6.71032446e+02	6.71329125e+02	6.71621505e+02	6.71863858e+02	6.72036413e+02	6.72140182e+02	6.72189075e+02	6.72201817e+02	6.72195701e+02	6.72183181e+02	6.72171172e+02	6.72162190e+02	6.72156161e+02	6.72152036e+02	6.72148774e+02	6.72145710e+02	6.72142540e+02	6.72139177e+02	6.72135621e+02	6.72131884e+02	6.72127976e+02	6.72123900e+02	6.72119654e+02	6.72115238e+02	6.72110652e+02	6.72105897e+02	6.72100973e+02	6.72095881e+02	6.72090625e+02	6.72085206e+02	6.72079627e+02	6.72073894e+02	6.72068009e+02	6.72061978e+02	6.72055806e+02	6.72049499e+02	6.72043063e+02	6.72036504e+02	6.72029829e+02	6.72023044e+02	6.72016157e+02	6.72009175e+02	6.72002105e+02	6.71994955e+02	6.71987731e+02	6.71980442e+02	6.71973093e+02	6.71965693e+02	6.71958248e+02	6.71950765e+02	6.71943250e+02	6.71935710e+02	6.71928151e+02	6.71920578e+02	6.71912998e+02	6.71905415e+02	6.71897836e+02	6.71890264e+02	6.71882704e+02	6.71875160e+02	6.71867638e+02	6.71860139e+02	6.71852669e+02	6.71845230e+02	6.71837825e+02	6.71830457e+02	6.71823129e+02	6.71815844e+02	6.71808603e+02	6.71801409e+02	6.71794263e+02	6.71787167e+02	6.71780123e+02	6.71773132e+02	6.71766196e+02	6.71759315e+02	6.71752491e+02	6.71745725e+02	6.71739016e+02	6.71732367e+02	6.71725776e+02	6.71719246e+02	6.71712777e+02	6.71706368e+02	6.71700020e+02	6.71693733e+02	6.71687508e+02	6.71681344e+02	6.71675241e+02	6.71669200e+02	6.71663220e+02	6.71657302e+02	6.71651444e+02	6.71645648e+02	6.71639912e+02	6.71634236e+02	6.71628621e+02	6.71623065e+02	6.71617569e+02	6.71612133e+02	6.71606755e+02	6.71601435e+02	6.71596174e+02	6.71590970e+02	6.71585824e+02	6.71580734e+02	6.71575701e+02	6.71570723e+02	6.71565801e+02	6.71560935e+02	6.71556122e+02	6.71551364e+02	6.71546659e+02	6.71542008e+02	6.71537409e+02	6.71532862e+02	6.71528367e+02	6.71523923e+02	6.71519530e+02	6.71515187e+02	6.71510893e+02	6.71506649e+02	6.71502454e+02	6.71498306e+02	6.71494207e+02	6.71490155e+02	6.71486149e+02	6.71482190e+02	6.71478276e+02	6.71474408e+02	6.71470585e+02	6.71466806e+02	6.71463071e+02	6.71459379e+02	6.71455731e+02	6.71452124e+02	6.71448560e+02	6.71445037e+02	6.71441556e+02	6.71438115e+02	6.71434715e+02	6.71431354e+02	6.71428032e+02
23	51	7.17181791e+02	7.10051773e+02	7.03506192e+02	6.97485695e+02	6.91940837e+02	6.86834121e+02	6.82141137e+02	6.77850723e+02	6.73964198e+02	6.70493760e+02	6.67460237e+02	6.64890371e+02	6.62813849e+02	6.61260233e+02	6.60255924e+02	6.59821256e+02	6.59967788e+02	6.60695879e+02	6.61992663e+02	6.63830575e+02	6.66166645e+02	6.68942770e+02	6.72087131e+02	6.75516730e+02	6.79140768e+02	6.82864201e+02	6.86590592e+02	6.90223403e+02	6.93665495e+02	6.96817594e+02	6.99577561e+02	7.01842637e+02	7.03516118e+02	7.04518216e+02	7.04799055e+02	7.04350632e+02	7.03214599e+02	7.01483675e+02	6.99295912e+02	6.96822394e+02	6.94250110e+02	6.91762434e+02	6.89519973e+02	6.87644511e+02	6.86208321e+02	6.85230385e+02	6.84680003e+02	6.84487077e+02	6.84557185e+02	6.84788641e+02	6.85088374e+02	6.85383764e+02	6.85628619e+02	6.85802965e+02	6.85907826e+02	6.85957253e+02	6.85970163e+02	6.85964025e+02	6.85951418e+02	6.85939330e+02	6.85930301e+02	6.85924257e+02	6.85920139e+02	6.85916893e+02	6.85913849e+02	6.85910700e+02	6.85907358e+02	6.85903821e+02	6.85900104e+02	6.85896215e+02	6.85892156e+02	6.85887928e+02	6.85883529e+02	6.85878959e+02	6.85874217e+02	6.85869306e+02	6.85864226e+02	6.85858980e+02	6.85853569e+02	6.85847997e+02	6.85842268e+02	6.85836386e+02	6.85830355e+02	6.85824182e+02	6.85817870e+02	6.85811428e+02	6.85804860e+02	6.85798173e+02	6.85791375e+02	6.85784472e+02	6.85777472e+02	6.85770382e+02	6.85763208e+02	6.85755960e+02	6.85748643e+02	6.85741265e+02	6.85733833e+02	6.85726355e+02	6.85718836e+02	6.85711284e+02	6.85703706e+02	6.85696106e+02	6.85688492e+02	6.85680869e+02	6.85673242e+02	6.85665617e+02	6.85657998e+02	6.85650391e+02	6.85642799e+02	6.85635227e+02	6.85627679e+02	6.85620157e+02	6.85612667e+02	6.85605211e+02	6.85597791e+02	6.85590411e+02	6.85583072e+02	6.85575778e+02	6.85568531e+02	6.85561332e+02	6.85554183e+02	6.85547086e+02	6.85540042e+02	6.85533052e+02	6.85526118e+02	6.85519241e+02	6.85512422e+02	6.85505661e+02	6.85498959e+02	6.85492316e+02	6.85485734e+02	6.85479213e+02	6.85472753e+02	6.85466354e+02	6.85460017e+02	6.85453741e+02	6.85447528e+02	6.85441376e+02	6.85435285e+02	6.85429257e+02	6.85423290e+02	6.85417385e+02	6.85411541e+02	6.85405758e+02	6.85400036e+02	6.85394375e+02	6.85388773e+02	6.85383232e+02	6.85377751e+02	6.85372329e+02	6.85366965e+02	6.85361660e+02	6.85356414e+02	6.85351225e+02	6.85346093e+02	6.85341018e+02	6.85336000e+02	6.85331037e+02	6.85326130e+02	6.85321278e+02	6.85316480e+02	6.85311736e+02	6.85307046e+02	6.85302409e+02	6.85297825e+02	6.85293292e+02	6.85288811e+02	6.85284382e+02	6.85280003e+02	6.85275674e+02	6.85271394e+02	6.85267164e+02	6.85262982e+02	6.85258849e+02	6.85254763e+02	6.85250724e+02	6.85246732e+02	6.85242786e+02	6.85238885e+02	6.85235030e+02	6.85231220e+02	6.85227454e+02	6.85223732e+02	6.85220053e+02	6.85216416e+02	6.85212823e+02	6.85209271e+02	6.85205760e+02	6.85202291e+02	6.85198862e+02	6.85195473e+02	6.85192124e+02
24	51	7.05443447e+02	6.98372179e+02	6.91880793e+02	6.85910367e+02	6.80411815e+02	6.75347911e+02	6.70694411e+02	6.66440213e+02	6.62586593e+02	6.59145618e+02	6.56137911e+02	6.53589962e+02	6.51531180e+02	6.49990855e+02	6.48995147e+02	6.48564204e+02	6.48709481e+02	6.49431337e+02	6.50717023e+02	6.52539223e+02	6.54855354e+02	6.57607830e+02	6.60725464e+02	6.64125983e+02	6.67719372e+02	6.71411401e+02	6.75106449e+02	6.78708785e+02	6.82122076e+02	6.85247864e+02	6.87984843e+02	6.90231087e+02	6.91890674e+02	6.92884462e+02	6.93162976e+02	6.92718275e+02	6.91591671e+02	6.89875128e+02	6.87705565e+02	6.85252658e+02	6.82701847e+02	6.80234977e+02	6.78011303e+02	6.76151578e+02	6.74727456e+02	6.73757747e+02	6.73212001e+02	6.73020705e+02	6.73090231e+02	6.73319748e+02	6.73616969e+02	6.73909885e+02	6.74152691e+02	6.74325582e+02	6.74429573e+02	6.74478597e+02	6.74491410e+02	6.74485337e+02	6.74472849e+02	6.74460878e+02	6.74451940e+02	6.74445963e+02	6.74441895e+02	6.74438694e+02	6.74435694e+02	6.74432590e+02	6.74429296e+02	6.74425809e+02	6.74422144e+02	6.74418309e+02	6.74414307e+02	6.74410138e+02	6.74405799e+02	6.74401292e+02	6.74396616e+02	6.74391772e+02	6.74386761e+02	6.74381585e+02	6.74376247e+02	6.74370749e+02	6.74365096e+02	6.74359292e+02	6.74353340e+02	6.74347247e+02	6.74341018e+02	6.74334658e+02	6.74328175e+02	6.74321574e+02	6.74314861e+02	6.74308045e+02	6.74301133e+02	6.74294130e+02	6.74287046e+02	6.74279886e+02	6.74272658e+02	6.74265369e+02	6.74258027e+02	6.74250638e+02	6.74243209e+02	6.74235746e+02	6.74228257e+02	6.74220746e+02	6.74213220e+02	6.74205684e+02	6.74198145e+02	6.74190606e+02	6.74183074e+02	6.74175552e+02	6.74168045e+02	6.74160557e+02	6.74153092e+02	6.74145654e+02	6.74138245e+02	6.74130870e+02	6.74123530e+02	6.74116229e+02	6.74108970e+02	6.74101753e+02	6.74094583e+02	6.74087459e+02	6.74080385e+02	6.74073362e+02	6.74066391e+02	6.74059474e+02	6.74052612e+02	6.74045805e+02	6.74039055e+02	6.74032363e+02	6.74025729e+02	6.74019153e+02	6.74012637e+02	6.74006181e+02	6.73999786e+02	6.73993450e+02	6.73987176e+02	6.73980962e+02	6.73974809e+02	6.73968717e+02	6.73962686e+02	6.73956716e+02	6.73950807e+02	6.73944959e+02	6.73939171e+02	6.73933444e+02	6.73927776e+02	6.73922169e+02	6.73916621e+02	6.73911132e+02	6.73905703e+02	6.73900332e+02	6.73895019e+02	6.73889764e+02	6.73884566e+02	6.73879425e+02	6.73874341e+02	6.73869314e+02	6.73864342e+02	6.73859425e+02	6.73854563e+02	6.73849755e+02	6.73845002e+02	6.73840302e+02	6.73835655e+02	6.73831060e+02	6.73826517e+02	6.73822026e+02	6.73817586e+02	6.73813196e+02	6.73808857e+02	6.73804567e+02	6.73800326e+02	6.73796134e+02	6.73791990e+02	6.73787893e+02	6.73783844e+02	6.73779841e+02	6.73775885e+02	6.73771974e+02	6.73768108e+02	6.73764288e+02	6.73760511e+02	6.73756778e+02	6.73753089e+02	6.73749443e+02	6.73745839e+02	6.73742277e+02	6.73738756e+02	6.73735277e+02	6.73731838e+02	6.73728439e+02	6.73725080e+02	6.73721760e+02
24	52	7.19443623e+02	7.12302350e+02	7.05746387e+02	6.99716298e+02	6.94162570e+02	6.89047653e+02	6.84347106e+02	6.80049755e+02	6.76156927e+02	6.72680846e+02	6.69642379e+02	6.67068316e+02	6.64988398e+02	6.63432238e+02	6.62426285e+02	6.61990907e+02	6.62137683e+02	6.62866974e+02	6.64165889e+02	6.66006816e+02	6.68346711e+02	6.71127374e+02	6.74276862e+02	6.77712039e+02	6.81341957e+02	6.85071416e+02	6.88803820e+02	6.92442480e+02	6.95890099e+02	6.99047249e+02	7.01811632e+02	7.04080328e+02	7.05756483e+02	7.06760187e+02	7.07041486e+02	7.06592365e+02	7.05454541e+02	7.03720879e+02	7.01529647e+02	6.99052198e+02	6.96475820e+02	6.93984179e+02	6.91738141e+02	6.89859688e+02	6.88421212e+02	6.87441728e+02	6.86890488e+02	6.86697281e+02	6.86767533e+02	6.86999396e+02	6.87299648e+02	6.87595552e+02	6.87840841e+02	6.88015510e+02	6.88120584e+02	6.88170138e+02	6.88183117e+02	6.88177020e+02	6.88164447e+02	6.88152395e+02	6.88143410e+02	6.88137418e+02	6.88133356e+02	6.88130171e+02	6.88127190e+02	6.88124106e+02	6.88120831e+02	6.88117363e+02	6.88113717e+02	6.88109900e+02	6.88105916e+02	6.88101763e+02	6.88097441e+02	6.88092948e+02	6.88088286e+02	6.88083454e+02	6.88078454e+02	6.88073288e+02	6.88067958e+02	6.88062466e+02	6.88056818e+02	6.88051016e+02	6.88045065e+02	6.88038970e+02	6.88032736e+02	6.88026370e+02	6.88019878e+02	6.88013266e+02	6.88006541e+02	6.87999709e+02	6.87992778e+02	6.87985756e+02	6.87978649e+02	6.87971464e+02	6.87964210e+02	6.87956892e+02	6.87949519e+02	6.87942097e+02	6.87934634e+02	6.87927135e+02	6.87919607e+02	6.87912057e+02	6.87904490e+02	6.87896912e+02	6.87889329e+02	6.87881745e+02	6.87874167e+02	6.87866598e+02	6.87859044e+02	6.87851507e+02	6.87843993e+02	6.87836505e+02	6.87829045e+02	6.87821619e+02	6.87814228e+02	6.87806875e+02	6.87799564e+02	6.87792295e+02	6.87785072e+02	6.87777896e+02	6.87770769e+02	6.87763693e+02	6.87756670e+02	6.87749700e+02	6.87742785e+02	6.87735926e+02	6.87729124e+02	6.87722379e+02	6.87715693e+02	6.87709066e+02	6.87702499e+02	6.87695992e+02	6.87689546e+02	6.87683160e+02	6.87676835e+02	6.87670572e+02	6.87664369e+02	6.87658229e+02	6.87652149e+02	6.87646131e+02	6.87640174e+02	6.87634279e+02	6.87628444e+02	6.87622670e+02	6.87616956e+02	6.87611303e+02	6.87605710e+02	6.87600177e+02	6.87594703e+02	6.87589288e+02	6.87583931e+02	6.87578633e+02	6.87573393e+02	6.87568210e+02	6.87563085e+02	6.87558016e+02	6.87553003e+02	6.87548046e+02	6.87543144e+02	6.87538297e+02	6.87533504e+02	6.87528765e+02	6.87524080e+02	6.87519447e+02	6.87514867e+02	6.87510339e+02	6.87505862e+02	6.87501437e+02	6.87497061e+02	6.87492736e+02	6.87488460e+02	6.87484234e+02	6.87480055e+02	6.87475925e+02	6.87471842e+02	6.87467807e+02	6.87463818e+02	6.87459875e+02	6.87455977e+02	6.87452125e+02	6.87448317e+02	6.87444554e+02	6.87440834e+02	6.87437157e+02	6.87433524e+02	6.87429932e+02	6.87426383e+02	6.87422875e+02	6.87419407e+02	6.87415981e+02	6.87412594e+02	6.87409247e+02
24	53	7.33256322e+02	7.26046646e+02	7.19427583e+02	7.13339197e+02	7.07731554e+02	7.02566792e+02	6.97820274e+02	6.93480758e+02	6.89549619e+02	6.86039236e+02	6.82970711e+02	6.80371133e+02	6.78270562e+02	6.76698930e+02	6.75682966e+02	6.75243255e+02	6.75391496e+02	6.76128051e+02	6.77439892e+02	6.79299118e+02	6.81662233e+02	6.84470437e+02	6.87651050e+02	6.91120094e+02	6.94785704e+02	6.98551736e+02	7.02320643e+02	7.05994794e+02	7.09475956e+02	7.12663752e+02	7.15454912e+02	7.17745546e+02	7.19437890e+02	7.20451282e+02	7.20735303e+02	7.20281863e+02	7.19133075e+02	7.17382686e+02	7.15170280e+02	7.12668852e+02	7.10067492e+02	7.07551647e+02	7.05283757e+02	7.03387005e+02	7.01934503e+02	7.00945468e+02	7.00388859e+02	7.00193785e+02	7.00264748e+02	7.00498903e+02	7.00802117e+02	7.01100940e+02	7.01348656e+02	7.01525062e+02	7.01631195e+02	7.01681267e+02	7.01694409e+02	7.01688289e+02	7.01675631e+02	7.01663503e+02	7.01654472e+02	7.01648465e+02	7.01644409e+02	7.01641240e+02	7.01638279e+02	7.01635215e+02	7.01631960e+02	7.01628511e+02	7.01624884e+02	7.01621086e+02	7.01617119e+02	7.01612983e+02	7.01608677e+02	7.01604201e+02	7.01599553e+02	7.01594734e+02	7.01589746e+02	7.01584591e+02	7.01579270e+02	7.01573786e+02	7.01568143e+02	7.01562344e+02	7.01556395e+02	7.01550299e+02	7.01544063e+02	7.01537693e+02	7.01531193e+02	7.01524572e+02	7.01517835e+02	7.01510989e+02	7.01504043e+02	7.01497002e+02	7.01489874e+02	7.01482667e+02	7.01475387e+02	7.01468043e+02	7.01460641e+02	7.01453188e+02	7.01445692e+02	7.01438158e+02	7.01430595e+02	7.01423007e+02	7.01415401e+02	7.01407782e+02	7.01400158e+02	7.01392531e+02	7.01384909e+02	7.01377295e+02	7.01369695e+02	7.01362112e+02	7.01354550e+02	7.01347013e+02	7.01339506e+02	7.01332030e+02	7.01324589e+02	7.01317187e+02	7.01309824e+02	7.01302505e+02	7.01295231e+02	7.01288005e+02	7.01280827e+02	7.01273700e+02	7.01266625e+02	7.01259605e+02	7.01252639e+02	7.01245729e+02	7.01238876e+02	7.01232081e+02	7.01225345e+02	7.01218668e+02	7.01212051e+02	7.01205494e+02	7.01198999e+02	7.01192564e+02	7.01186191e+02	7.01179879e+02	7.01173629e+02	7.01167440e+02	7.01161314e+02	7.01155249e+02	7.01149246e+02	7.01143304e+02	7.01137424e+02	7.01131605e+02	7.01125846e+02	7.01120149e+02	7.01114512e+02	7.01108935e+02	7.01103418e+02	7.01097960e+02	7.01092562e+02	7.01087222e+02	7.01081940e+02	7.01076716e+02	7.01071550e+02	7.01066441e+02	7.01061389e+02	7.01056392e+02	7.01051452e+02	7.01046566e+02	7.01041735e+02	7.01036959e+02	7.01032237e+02	7.01027567e+02	7.01022951e+02	7.01018387e+02	7.01013875e+02	7.01009414e+02	7.01005004e+02	7.01000644e+02	7.00996334e+02	7.00992074e+02	7.00987863e+02	7.00983700e+02	7.00979584e+02	7.00975517e+02	7.00971496e+02	7.00967522e+02	7.00963593e+02	7.00959710e+02	7.00955872e+02	7.00952079e+02	7.00948330e+02	7.00944624e+02	7.00940961e+02	7.00937341e+02	7.00933764e+02	7.00930228e+02	7.00926733e+02	7.00923279e+02	7.00919865e+02	7.00916492e+02
25	53	7.21832762e+02	7.14679619e+02	7.08112706e+02	7.02072502e+02	6.96509417e+02	6.91385852e+02	6.86677328e+02	6.82372661e+02	6.78473186e+02	6.74991154e+02	6.71947472e+02	6.69368983e+02	6.67285483e+02	6.65726640e+02	6.64718952e+02	6.64282825e+02	6.64429859e+02	6.65160413e+02	6.66461575e+02	6.68305682e+02	6.70649612e+02	6.73435058e+02	6.76589953e+02	6.80031014e+02	6.83667132e+02	6.87402944e+02	6.91141690e+02	6.94786516e+02	6.98239964e+02	7.01402441e+02	7.04171480e+02	7.06443993e+02	7.08122967e+02	7.09128363e+02	7.09410146e+02	7.08960287e+02	7.07820572e+02	7.06084021e+02	7.03889128e+02	7.01407533e+02	6.98826836e+02	6.96331011e+02	6.94081199e+02	6.92199590e+02	6.90758700e+02	6.89777581e+02	6.89225432e+02	6.89031926e+02	6.89102328e+02	6.89334617e+02	6.89635413e+02	6.89931855e+02	6.90177599e+02	6.90352605e+02	6.90457900e+02	6.90507582e+02	6.90520630e+02	6.90514573e+02	6.90502029e+02	6.90490011e+02	6.90481067e+02	6.90475123e+02	6.90471115e+02	6.90467988e+02	6.90465068e+02	6.90462047e+02	6.90458837e+02	6.90455435e+02	6.90451857e+02	6.90448110e+02	6.90444197e+02	6.90440116e+02	6.90435868e+02	6.90431451e+02	6.90426864e+02	6.90422109e+02	6.90417187e+02	6.90412098e+02	6.90406846e+02	6.90401433e+02	6.90395862e+02	6.90390137e+02	6.90384263e+02	6.90378245e+02	6.90372087e+02	6.90365795e+02	6.90359376e+02	6.90352836e+02	6.90346181e+02	6.90339419e+02	6.90332556e+02	6.90325599e+02	6.90318556e+02	6.90311434e+02	6.90304240e+02	6.90296982e+02	6.90289665e+02	6.90282298e+02	6.90274888e+02	6.90267440e+02	6.90259962e+02	6.90252459e+02	6.90244938e+02	6.90237404e+02	6.90229863e+02	6.90222320e+02	6.90214781e+02	6.90207249e+02	6.90199730e+02	6.90192228e+02	6.90184747e+02	6.90177290e+02	6.90169861e+02	6.90162463e+02	6.90155100e+02	6.90147774e+02	6.90140487e+02	6.90133243e+02	6.90126043e+02	6.90118889e+02	6.90111784e+02	6.90104728e+02	6.90097724e+02	6.90090773e+02	6.90083875e+02	6.90077033e+02	6.90070248e+02	6.90063519e+02	6.90056848e+02	6.90050235e+02	6.90043682e+02	6.90037188e+02	6.90030754e+02	6.90024381e+02	6.90018068e+02	6.90011816e+02	6.90005624e+02	6.89999494e+02	6.89993424e+02	6.89987416e+02	6.89981468e+02	6.89975581e+02	6.89969755e+02	6.89963989e+02	6.89958284e+02	6.89952638e+02	6.89947052e+02	6.89941526e+02	6.89936059e+02	6.89930650e+02	6.89925300e+02	6.89920008e+02	6.89914774e+02	6.89909596e+02	6.89904476e+02	6.89899412e+02	6.89894405e+02	6.89889452e+02	6.89884555e+02	6.89879713e+02	6.89874924e+02	6.89870190e+02	6.89865508e+02	6.89860880e+02	6.89856304e+02	6.89851779e+02	6.89847306e+02	6.89842884e+02	6.89838512e+02	6.89834190e+02	6.89829917e+02	6.89825693e+02	6.89821518e+02	6.89817391e+02	6.89813311e+02	6.89809278e+02	6.89805291e+02	6.89801351e+02	6.89797456e+02	6.89793606e+02	6.89789800e+02	6.89786039e+02	6.89782321e+02	6.89778647e+02	6.89775015e+02	6.89771426e+02	6.89767878e+02	6.89764372e+02	6.89760906e+02	6.89757481e+02	6.89754096e+02	6.89750751e+02
24	54	7.46887796e+02	7.39611241e+02	7.32930487e+02	7.26785105e+02	7.21124750e+02	7.15911255e+02	7.11119793e+02	7.06739052e+02	7.02770457e+02	6.99226536e+02	6.96128626e+02	6.93504101e+02	6.91383338e+02	6.89796579e+02	6.88770828e+02	6.88326880e+02	6.88476553e+02	6.89220210e+02	6.90544690e+02	6.92421805e+02	6.94807623e+02	6.97642754e+02	7.00853798e+02	7.04355952e+02	7.08056459e+02	7.11858247e+02	7.15662843e+02	7.19371693e+02	7.22885649e+02	7.26103407e+02	7.28920746e+02	7.31232830e+02	7.32941000e+02	7.33963865e+02	7.34250547e+02	7.33792884e+02	7.32633377e+02	7.30866635e+02	7.28633528e+02	7.26108655e+02	7.23482870e+02	7.20943362e+02	7.18654108e+02	7.16739464e+02	7.15273251e+02	7.14274877e+02	7.13713020e+02	7.13516120e+02	7.13587777e+02	7.13824173e+02	7.14130283e+02	7.14431962e+02	7.14682050e+02	7.14860155e+02	7.14967324e+02	7.15017902e+02	7.15031202e+02	7.15025062e+02	7.15012322e+02	7.15000118e+02	7.14991043e+02	7.14985022e+02	7.14980972e+02	7.14977820e+02	7.14974878e+02	7.14971835e+02	7.14968599e+02	7.14965171e+02	7.14961562e+02	7.14957783e+02	7.14953834e+02	7.14949716e+02	7.14945428e+02	7.14940967e+02	7.14936334e+02	7.14931530e+02	7.14926555e+02	7.14921411e+02	7.14916100e+02	7.14910624e+02	7.14904988e+02	7.14899194e+02	7.14893247e+02	7.14887153e+02	7.14880916e+02	7.14874541e+02	7.14868037e+02	7.14861407e+02	7.14854660e+02	7.14847803e+02	7.14840841e+02	7.14833784e+02	7.14826637e+02	7.14819409e+02	7.14812106e+02	7.14804737e+02	7.14797307e+02	7.14789826e+02	7.14782299e+02	7.14774733e+02	7.14767135e+02	7.14759511e+02	7.14751867e+02	7.14744211e+02	7.14736546e+02	7.14728879e+02	7.14721214e+02	7.14713557e+02	7.14705913e+02	7.14698284e+02	7.14690677e+02	7.14683094e+02	7.14675539e+02	7.14668016e+02	7.14660528e+02	7.14653077e+02	7.14645666e+02	7.14638298e+02	7.14630975e+02	7.14623699e+02	7.14616472e+02	7.14609296e+02	7.14602171e+02	7.14595101e+02	7.14588086e+02	7.14581127e+02	7.14574225e+02	7.14567381e+02	7.14560596e+02	7.14553871e+02	7.14547205e+02	7.14540601e+02	7.14534057e+02	7.14527575e+02	7.14521154e+02	7.14514796e+02	7.14508499e+02	7.14502265e+02	7.14496092e+02	7.14489982e+02	7.14483934e+02	7.14477947e+02	7.14472023e+02	7.14466159e+02	7.14460358e+02	7.14454617e+02	7.14448937e+02	7.14443318e+02	7.14437759e+02	7.14432260e+02	7.14426820e+02	7.14421440e+02	7.14416118e+02	7.14410855e+02	7.14405649e+02	7.14400501e+02	7.14395410e+02	7.14390375e+02	7.14385397e+02	7.14380474e+02	7.14375607e+02	7.14370794e+02	7.14366035e+02	7.14361330e+02	7.14356678e+02	7.14352079e+02	7.14347532e+02	7.14343037e+02	7.14338594e+02	7.14334201e+02	7.14329858e+02	7.14325565e+02	7.14321321e+02	7.14317126e+02	7.14312980e+02	7.14308881e+02	7.14304829e+02	7.14300824e+02	7.14296866e+02	7.14292953e+02	7.14289086e+02	7.14285263e+02	7.14281485e+02	7.14277751e+02	7.14274061e+02	7.14270413e+02	7.14266808e+02	7.14263245e+02	7.14259723e+02	7.14256243e+02	7.14252803e+02	7.14249403e+02
26	54	7.24340234e+02	7.17174653e+02	7.10596267e+02	7.04545463e+02	6.98972576e+02	6.93839948e+02	6.89123066e+02	6.84810733e+02	6.80904292e+02	6.77416024e+02	6.74366879e+02	6.71783752e+02	6.69696498e+02	6.68134845e+02	6.67125339e+02	6.66688427e+02	6.66835729e+02	6.67567608e+02	6.68871124e+02	6.70718562e+02	6.73066718e+02	6.75857178e+02	6.79017737e+02	6.82464961e+02	6.86107575e+02	6.89850043e+02	6.93595434e+02	6.97246721e+02	7.00706275e+02	7.03874333e+02	7.06648249e+02	7.08924760e+02	7.10606688e+02	7.11613855e+02	7.11896143e+02	7.11445511e+02	7.10303814e+02	7.08564234e+02	7.06365505e+02	7.03879563e+02	7.01294338e+02	6.98794128e+02	6.96540360e+02	6.94655441e+02	6.93212021e+02	6.92229185e+02	6.91676082e+02	6.91482261e+02	6.91552817e+02	6.91785550e+02	6.92086913e+02	6.92383916e+02	6.92630133e+02	6.92805488e+02	6.92911010e+02	6.92960824e+02	6.92973941e+02	6.92967919e+02	6.92955403e+02	6.92943416e+02	6.92934511e+02	6.92928613e+02	6.92924657e+02	6.92921585e+02	6.92918723e+02	6.92915762e+02	6.92912614e+02	6.92909277e+02	6.92905764e+02	6.92902084e+02	6.92898240e+02	6.92894230e+02	6.92890053e+02	6.92885708e+02	6.92881195e+02	6.92876514e+02	6.92871666e+02	6.92866653e+02	6.92861476e+02	6.92856138e+02	6.92850643e+02	6.92844993e+02	6.92839194e+02	6.92833249e+02	6.92827164e+02	6.92820945e+02	6.92814597e+02	6.92808127e+02	6.92801541e+02	6.92794846e+02	6.92788048e+02	6.92781156e+02	6.92774175e+02	6.92767114e+02	6.92759978e+02	6.92752777e+02	6.92745516e+02	6.92738202e+02	6.92730843e+02	6.92723445e+02	6.92716015e+02	6.92708558e+02	6.92701081e+02	6.92693590e+02	6.92686090e+02	6.92678586e+02	6.92671085e+02	6.92663589e+02	6.92656105e+02	6.92648636e+02	6.92641186e+02	6.92633759e+02	6.92626359e+02	6.92618990e+02	6.92611653e+02	6.92604352e+02	6.92597089e+02	6.92589868e+02	6.92582690e+02	6.92575558e+02	6.92568473e+02	6.92561436e+02	6.92554451e+02	6.92547517e+02	6.92540637e+02	6.92533811e+02	6.92527041e+02	6.92520327e+02	6.92513670e+02	6.92507071e+02	6.92500531e+02	6.92494049e+02	6.92487627e+02	6.92481265e+02	6.92474963e+02	6.92468721e+02	6.92462540e+02	6.92456419e+02	6.92450359e+02	6.92444359e+02	6.92438420e+02	6.92432541e+02	6.92426723e+02	6.92420964e+02	6.92415266e+02	6.92409627e+02	6.92404048e+02	6.92398528e+02	6.92393067e+02	6.92387664e+02	6.92382320e+02	6.92377033e+02	6.92371804e+02	6.92366632e+02	6.92361516e+02	6.92356457e+02	6.92351454e+02	6.92346506e+02	6.92341613e+02	6.92336774e+02	6.92331990e+02	6.92327259e+02	6.92322581e+02	6.92317956e+02	6.92313383e+02	6.92308862e+02	6.92304392e+02	6.92299972e+02	6.92295603e+02	6.92291284e+02	6.92287014e+02	6.92282793e+02	6.92278620e+02	6.92274495e+02	6.92270417e+02	6.92266386e+02	6.92262402e+02	6.92258463e+02	6.92254570e+02	6.92250722e+02	6.92246919e+02	6.92243159e+02	6.92239443e+02	6.92235770e+02	6.92232140e+02	6.92228552e+02	6.92225006e+02	6.92221501e+02	6.92218037e+02	6.92214613e+02	6.92211230e+02	6.92207886e+02
25	54	7.35570798e+02	7.28349730e+02	7.21720160e+02	7.15622067e+02	7.10005447e+02	7.04832385e+02	7.00078213e+02	6.95731676e+02	6.91794159e+02	6.88278064e+02	6.85204536e+02	6.82600711e+02	6.80496703e+02	6.78922496e+02	6.77904868e+02	6.77464438e+02	6.77612926e+02	6.78350694e+02	6.79664692e+02	6.81526968e+02	6.83893955e+02	6.86706750e+02	6.89892552e+02	6.93367241e+02	6.97038801e+02	7.00810929e+02	7.04585922e+02	7.08265991e+02	7.11752746e+02	7.14945653e+02	7.17741282e+02	7.20035579e+02	7.21730628e+02	7.22745644e+02	7.23030129e+02	7.22575981e+02	7.21425380e+02	7.19672219e+02	7.17456301e+02	7.14950893e+02	7.12345388e+02	7.09825530e+02	7.07554019e+02	7.05654237e+02	7.04199421e+02	7.03208816e+02	7.02651336e+02	7.02455976e+02	7.02527083e+02	7.02761647e+02	7.03065384e+02	7.03364725e+02	7.03612878e+02	7.03789608e+02	7.03895954e+02	7.03946150e+02	7.03959358e+02	7.03953278e+02	7.03940650e+02	7.03928555e+02	7.03919565e+02	7.03913605e+02	7.03909603e+02	7.03906491e+02	7.03903589e+02	7.03900588e+02	7.03897396e+02	7.03894013e+02	7.03890453e+02	7.03886724e+02	7.03882828e+02	7.03878764e+02	7.03874532e+02	7.03870130e+02	7.03865557e+02	7.03860815e+02	7.03855904e+02	7.03850826e+02	7.03845582e+02	7.03840176e+02	7.03834611e+02	7.03828889e+02	7.03823017e+02	7.03816998e+02	7.03810837e+02	7.03804541e+02	7.03798115e+02	7.03791566e+02	7.03784900e+02	7.03778124e+02	7.03771245e+02	7.03764270e+02	7.03757207e+02	7.03750063e+02	7.03742844e+02	7.03735559e+02	7.03728215e+02	7.03720818e+02	7.03713375e+02	7.03705893e+02	7.03698380e+02	7.03690840e+02	7.03683280e+02	7.03675706e+02	7.03668124e+02	7.03660540e+02	7.03652957e+02	7.03645381e+02	7.03637817e+02	7.03630269e+02	7.03622740e+02	7.03615236e+02	7.03607759e+02	7.03600313e+02	7.03592900e+02	7.03585525e+02	7.03578188e+02	7.03570894e+02	7.03563644e+02	7.03556440e+02	7.03549284e+02	7.03542178e+02	7.03535123e+02	7.03528122e+02	7.03521174e+02	7.03514282e+02	7.03507446e+02	7.03500667e+02	7.03493947e+02	7.03487285e+02	7.03480682e+02	7.03474139e+02	7.03467656e+02	7.03461234e+02	7.03454873e+02	7.03448573e+02	7.03442334e+02	7.03436157e+02	7.03430041e+02	7.03423986e+02	7.03417992e+02	7.03412060e+02	7.03406188e+02	7.03400378e+02	7.03394628e+02	7.03388938e+02	7.03383309e+02	7.03377739e+02	7.03372229e+02	7.03366779e+02	7.03361387e+02	7.03356053e+02	7.03350778e+02	7.03345560e+02	7.03340400e+02	7.03335296e+02	7.03330249e+02	7.03325258e+02	7.03320322e+02	7.03315442e+02	7.03310616e+02	7.03305844e+02	7.03301126e+02	7.03296461e+02	7.03291848e+02	7.03287288e+02	7.03282780e+02	7.03278323e+02	7.03273916e+02	7.03269560e+02	7.03265254e+02	7.03260997e+02	7.03256789e+02	7.03252629e+02	7.03248516e+02	7.03244452e+02	7.03240434e+02	7.03236462e+02	7.03232536e+02	7.03228656e+02	7.03224821e+02	7.03221030e+02	7.03217283e+02	7.03213579e+02	7.03209919e+02	7.03206301e+02	7.03202725e+02	7.03199191e+02	7.03195699e+02	7.03192247e+02	7.03188835e+02	7.03185463e+02
25	55	7.49131961e+02	7.41844463e+02	7.35153614e+02	7.28998905e+02	7.23329926e+02	7.18108457e+02	7.13309641e+02	7.08922155e+02	7.04947432e+02	7.01398024e+02	6.98295307e+02	6.95666702e+02	6.93542637e+02	6.91953404e+02	6.90926054e+02	6.90481415e+02	6.90631326e+02	6.91376149e+02	6.92702700e+02	6.94582747e+02	6.96972284e+02	6.99811826e+02	7.03027855e+02	7.06535433e+02	7.10241655e+02	7.14049302e+02	7.17859744e+02	7.21574280e+02	7.25093610e+02	7.28316278e+02	7.31137911e+02	7.33453513e+02	7.35164284e+02	7.36188709e+02	7.36475837e+02	7.36017495e+02	7.34856246e+02	7.33086840e+02	7.30850359e+02	7.28321663e+02	7.25691896e+02	7.23148533e+02	7.20855800e+02	7.18938246e+02	7.17469809e+02	7.16469928e+02	7.15907234e+02	7.15710060e+02	7.15781857e+02	7.16018647e+02	7.16325259e+02	7.16627436e+02	7.16877944e+02	7.17056362e+02	7.17163735e+02	7.17214434e+02	7.17227800e+02	7.17221697e+02	7.17208987e+02	7.17196817e+02	7.17187782e+02	7.17181808e+02	7.17177811e+02	7.17174715e+02	7.17171832e+02	7.17168850e+02	7.17165678e+02	7.17162314e+02	7.17158772e+02	7.17155061e+02	7.17151182e+02	7.17147136e+02	7.17142920e+02	7.17138533e+02	7.17133975e+02	7.17129247e+02	7.17124348e+02	7.17119281e+02	7.17114047e+02	7.17108649e+02	7.17103090e+02	7.17097373e+02	7.17091503e+02	7.17085485e+02	7.17079323e+02	7.17073024e+02	7.17066592e+02	7.17060035e+02	7.17053359e+02	7.17046571e+02	7.17039678e+02	7.17032687e+02	7.17025606e+02	7.17018441e+02	7.17011200e+02	7.17003890e+02	7.16996519e+02	7.16989093e+02	7.16981620e+02	7.16974106e+02	7.16966559e+02	7.16958984e+02	7.16951387e+02	7.16943776e+02	7.16936154e+02	7.16928529e+02	7.16920905e+02	7.16913286e+02	7.16905679e+02	7.16898086e+02	7.16890513e+02	7.16882963e+02	7.16875439e+02	7.16867946e+02	7.16860486e+02	7.16853063e+02	7.16845679e+02	7.16838336e+02	7.16831037e+02	7.16823784e+02	7.16816580e+02	7.16809425e+02	7.16802321e+02	7.16795271e+02	7.16788274e+02	7.16781333e+02	7.16774449e+02	7.16767622e+02	7.16760853e+02	7.16754142e+02	7.16747492e+02	7.16740902e+02	7.16734372e+02	7.16727902e+02	7.16721495e+02	7.16715148e+02	7.16708863e+02	7.16702640e+02	7.16696478e+02	7.16690378e+02	7.16684340e+02	7.16678363e+02	7.16672448e+02	7.16666594e+02	7.16660801e+02	7.16655068e+02	7.16649397e+02	7.16643785e+02	7.16638234e+02	7.16632742e+02	7.16627309e+02	7.16621935e+02	7.16616620e+02	7.16611363e+02	7.16606163e+02	7.16601021e+02	7.16595936e+02	7.16590907e+02	7.16585934e+02	7.16581016e+02	7.16576154e+02	7.16571345e+02	7.16566591e+02	7.16561891e+02	7.16557244e+02	7.16552649e+02	7.16548106e+02	7.16543615e+02	7.16539175e+02	7.16534786e+02	7.16530447e+02	7.16526158e+02	7.16521917e+02	7.16517726e+02	7.16513582e+02	7.16509486e+02	7.16505438e+02	7.16501436e+02	7.16497480e+02	7.16493571e+02	7.16489706e+02	7.16485886e+02	7.16482111e+02	7.16478379e+02	7.16474691e+02	7.16471045e+02	7.16467443e+02	7.16463882e+02	7.16460362e+02	7.16456884e+02	7.16453446e+02	7.16450049e+02
26	55	7.38003226e+02	7.30770206e+02	7.24129610e+02	7.18021331e+02	7.12395290e+02	7.07213520e+02	7.02451315e+02	6.98097412e+02	6.94153201e+02	6.90631114e+02	6.87552335e+02	6.84944053e+02	6.82836438e+02	6.81259530e+02	6.80240154e+02	6.79798970e+02	6.79947716e+02	6.80686757e+02	6.82003018e+02	6.83868495e+02	6.86239544e+02	6.89057156e+02	6.92248402e+02	6.95729014e+02	6.99406816e+02	7.03185342e+02	7.06966720e+02	7.10652997e+02	7.14145621e+02	7.17343891e+02	7.20144207e+02	7.22442346e+02	7.24140233e+02	7.25156952e+02	7.25441923e+02	7.24987032e+02	7.23834526e+02	7.22078455e+02	7.19858850e+02	7.17349266e+02	7.14739410e+02	7.12215338e+02	7.09940025e+02	7.08037064e+02	7.06579815e+02	7.05587563e+02	7.05029166e+02	7.04833503e+02	7.04904759e+02	7.05139750e+02	7.05444032e+02	7.05743913e+02	7.05992521e+02	7.06169588e+02	7.06276153e+02	7.06326476e+02	7.06339751e+02	7.06333707e+02	7.06321107e+02	7.06309042e+02	7.06300090e+02	7.06294176e+02	7.06290225e+02	7.06287168e+02	7.06284324e+02	7.06281381e+02	7.06278252e+02	7.06274932e+02	7.06271436e+02	7.06267774e+02	7.06263946e+02	7.06259952e+02	7.06255790e+02	7.06251460e+02	7.06246960e+02	7.06242292e+02	7.06237455e+02	7.06232452e+02	7.06227283e+02	7.06221952e+02	7.06216462e+02	7.06210816e+02	7.06205018e+02	7.06199073e+02	7.06192986e+02	7.06186762e+02	7.06180407e+02	7.06173928e+02	7.06167331e+02	7.06160622e+02	7.06153809e+02	7.06146899e+02	7.06139899e+02	7.06132816e+02	7.06125657e+02	7.06118429e+02	7.06111140e+02	7.06103797e+02	7.06096407e+02	7.06088975e+02	7.06081510e+02	7.06074017e+02	7.06066502e+02	7.06058972e+02	7.06051431e+02	7.06043886e+02	7.06036342e+02	7.06028803e+02	7.06021274e+02	7.06013759e+02	7.06006263e+02	7.05998790e+02	7.05991343e+02	7.05983925e+02	7.05976539e+02	7.05969190e+02	7.05961878e+02	7.05954608e+02	7.05947380e+02	7.05940198e+02	7.05933063e+02	7.05925977e+02	7.05918941e+02	7.05911958e+02	7.05905028e+02	7.05898152e+02	7.05891332e+02	7.05884569e+02	7.05877863e+02	7.05871215e+02	7.05864626e+02	7.05858096e+02	7.05851626e+02	7.05845215e+02	7.05838866e+02	7.05832577e+02	7.05826348e+02	7.05820181e+02	7.05814074e+02	7.05808029e+02	7.05802044e+02	7.05796120e+02	7.05790257e+02	7.05784454e+02	7.05778712e+02	7.05773029e+02	7.05767407e+02	7.05761844e+02	7.05756341e+02	7.05750896e+02	7.05745510e+02	7.05740183e+02	7.05734913e+02	7.05729700e+02	7.05724545e+02	7.05719447e+02	7.05714404e+02	7.05709418e+02	7.05704487e+02	7.05699610e+02	7.05694788e+02	7.05690021e+02	7.05685306e+02	7.05680645e+02	7.05676036e+02	7.05671480e+02	7.05666975e+02	7.05662521e+02	7.05658118e+02	7.05653764e+02	7.05649461e+02	7.05645207e+02	7.05641001e+02	7.05636844e+02	7.05632734e+02	7.05628672e+02	7.05624656e+02	7.05620687e+02	7.05616764e+02	7.05612885e+02	7.05609052e+02	7.05605263e+02	7.05601518e+02	7.05597817e+02	7.05594158e+02	7.05590542e+02	7.05586968e+02	7.05583436e+02	7.05579944e+02	7.05576494e+02	7.05573084e+02	7.05569713e+02
26	56	7.51493571e+02	7.44194574e+02	7.37493118e+02	7.31328609e+02	7.25650567e+02	7.20420719e+02	7.15614175e+02	7.11219602e+02	7.07238439e+02	7.03683267e+02	7.00575498e+02	6.97942605e+02	6.95815069e+02	6.94223238e+02	6.93194207e+02	6.92748842e+02	6.92899002e+02	6.93645049e+02	6.94973777e+02	6.96856904e+02	6.99250349e+02	7.02094525e+02	7.05315792e+02	7.08829068e+02	7.12541297e+02	7.16355097e+02	7.20171683e+02	7.23892192e+02	7.27417169e+02	7.30644996e+02	7.33471139e+02	7.35790438e+02	7.37503939e+02	7.38530002e+02	7.38817598e+02	7.38358541e+02	7.37195460e+02	7.35423254e+02	7.33183226e+02	7.30650513e+02	7.28016561e+02	7.25469143e+02	7.23172753e+02	7.21252141e+02	7.19781364e+02	7.18779898e+02	7.18216323e+02	7.18018857e+02	7.18090798e+02	7.18327999e+02	7.18635137e+02	7.18937833e+02	7.19188781e+02	7.19367522e+02	7.19475108e+02	7.19525930e+02	7.19539361e+02	7.19533293e+02	7.19520611e+02	7.19508471e+02	7.19499474e+02	7.19493546e+02	7.19489599e+02	7.19486557e+02	7.19483731e+02	7.19480807e+02	7.19477696e+02	7.19474394e+02	7.19470916e+02	7.19467271e+02	7.19463460e+02	7.19459482e+02	7.19455336e+02	7.19451021e+02	7.19446536e+02	7.19441880e+02	7.19437056e+02	7.19432063e+02	7.19426904e+02	7.19421581e+02	7.19416097e+02	7.19410455e+02	7.19404660e+02	7.19398715e+02	7.19392627e+02	7.19386400e+02	7.19380040e+02	7.19373553e+02	7.19366946e+02	7.19360226e+02	7.19353399e+02	7.19346473e+02	7.19339454e+02	7.19332351e+02	7.19325170e+02	7.19317918e+02	7.19310603e+02	7.19303232e+02	7.19295811e+02	7.19288349e+02	7.19280850e+02	7.19273322e+02	7.19265772e+02	7.19258204e+02	7.19250625e+02	7.19243040e+02	7.19235454e+02	7.19227873e+02	7.19220301e+02	7.19212743e+02	7.19205203e+02	7.19197684e+02	7.19190191e+02	7.19182727e+02	7.19175295e+02	7.19167898e+02	7.19160539e+02	7.19153221e+02	7.19145945e+02	7.19138715e+02	7.19131531e+02	7.19124397e+02	7.19117313e+02	7.19110281e+02	7.19103303e+02	7.19096379e+02	7.19089511e+02	7.19082700e+02	7.19075946e+02	7.19069250e+02	7.19062614e+02	7.19056036e+02	7.19049519e+02	7.19043063e+02	7.19036667e+02	7.19030331e+02	7.19024057e+02	7.19017844e+02	7.19011693e+02	7.19005603e+02	7.18999574e+02	7.18993606e+02	7.18987699e+02	7.18981853e+02	7.18976068e+02	7.18970344e+02	7.18964679e+02	7.18959075e+02	7.18953530e+02	7.18948045e+02	7.18942619e+02	7.18937251e+02	7.18931942e+02	7.18926690e+02	7.18921496e+02	7.18916359e+02	7.18911279e+02	7.18906255e+02	7.18901286e+02	7.18896373e+02	7.18891515e+02	7.18886711e+02	7.18881962e+02	7.18877265e+02	7.18872622e+02	7.18868031e+02	7.18863492e+02	7.18859004e+02	7.18854568e+02	7.18850182e+02	7.18845846e+02	7.18841559e+02	7.18837322e+02	7.18833133e+02	7.18828993e+02	7.18824900e+02	7.18820854e+02	7.18816854e+02	7.18812901e+02	7.18808994e+02	7.18805131e+02	7.18801314e+02	7.18797540e+02	7.18793811e+02	7.18790125e+02	7.18786481e+02	7.18782880e+02	7.18779321e+02	7.18775804e+02	7.18772327e+02	7.18768891e+02	7.18765495e+02
28	56	7.29677934e+02	7.22485947e+02	7.15883202e+02	7.09809894e+02	7.04216194e+02	6.99064325e+02	6.94329697e+02	6.90001088e+02	6.86079860e+02	6.82578352e+02	6.79517606e+02	6.76924632e+02	6.74829409e+02	6.73261786e+02	6.72248420e+02	6.71809840e+02	6.71957713e+02	6.72692403e+02	6.74000916e+02	6.75855425e+02	6.78212553e+02	6.81013654e+02	6.84186238e+02	6.87646547e+02	6.91302950e+02	6.95059549e+02	6.98819044e+02	7.02484045e+02	7.05956563e+02	7.09136466e+02	7.11920735e+02	7.14205732e+02	7.15893927e+02	7.16904853e+02	7.17188212e+02	7.16735932e+02	7.15590025e+02	7.13844011e+02	7.11637132e+02	7.09141959e+02	7.06547117e+02	7.04037593e+02	7.01775420e+02	6.99883470e+02	6.98434671e+02	6.97448186e+02	6.96893053e+02	6.96698554e+02	6.96769431e+02	6.97003099e+02	6.97305658e+02	6.97603844e+02	6.97851056e+02	6.98027144e+02	6.98133141e+02	6.98183223e+02	6.98196475e+02	6.98190521e+02	6.98178052e+02	6.98166118e+02	6.98157282e+02	6.98151469e+02	6.98147610e+02	6.98144644e+02	6.98141892e+02	6.98139045e+02	6.98136014e+02	6.98132798e+02	6.98129409e+02	6.98125857e+02	6.98122143e+02	6.98118266e+02	6.98114224e+02	6.98110017e+02	6.98105644e+02	6.98101104e+02	6.98096399e+02	6.98091529e+02	6.98086496e+02	6.98081302e+02	6.98075951e+02	6.98070444e+02	6.98064788e+02	6.98058985e+02	6.98053040e+02	6.98046959e+02	6.98040747e+02	6.98034411e+02	6.98027957e+02	6.98021390e+02	6.98014719e+02	6.98007949e+02	6.98001088e+02	6.97994143e+02	6.97987121e+02	6.97980029e+02	6.97972874e+02	6.97965663e+02	6.97958402e+02	6.97951099e+02	6.97943761e+02	6.97936392e+02	6.97929000e+02	6.97921590e+02	6.97914168e+02	6.97906740e+02	6.97899310e+02	6.97891883e+02	6.97884465e+02	6.97877058e+02	6.97869669e+02	6.97862300e+02	6.97854955e+02	6.97847637e+02	6.97840350e+02	6.97833097e+02	6.97825880e+02	6.97818703e+02	6.97811566e+02	6.97804473e+02	6.97797426e+02	6.97790426e+02	6.97783474e+02	6.97776574e+02	6.97769725e+02	6.97762929e+02	6.97756187e+02	6.97749500e+02	6.97742869e+02	6.97736295e+02	6.97729778e+02	6.97723319e+02	6.97716919e+02	6.97710577e+02	6.97704295e+02	6.97698072e+02	6.97691908e+02	6.97685805e+02	6.97679761e+02	6.97673777e+02	6.97667852e+02	6.97661988e+02	6.97656183e+02	6.97650438e+02	6.97644752e+02	6.97639125e+02	6.97633557e+02	6.97628048e+02	6.97622598e+02	6.97617205e+02	6.97611870e+02	6.97606593e+02	6.97601372e+02	6.97596208e+02	6.97591101e+02	6.97586049e+02	6.97581053e+02	6.97576112e+02	6.97571226e+02	6.97566394e+02	6.97561616e+02	6.97556891e+02	6.97552219e+02	6.97547599e+02	6.97543031e+02	6.97538515e+02	6.97534049e+02	6.97529634e+02	6.97525270e+02	6.97520954e+02	6.97516688e+02	6.97512471e+02	6.97508302e+02	6.97504180e+02	6.97500106e+02	6.97496078e+02	6.97492097e+02	6.97488161e+02	6.97484271e+02	6.97480425e+02	6.97476624e+02	6.97472867e+02	6.97469153e+02	6.97465483e+02	6.97461855e+02	6.97458269e+02	6.97454724e+02	6.97451221e+02	6.97447759e+02	6.97444337e+02	6.97440955e+02	6.97437612e+02
26	57	7.64816699e+02	7.57453122e+02	7.50692093e+02	7.44472546e+02	7.38743602e+02	7.33466695e+02	7.28616750e+02	7.24182369e+02	7.20165036e+02	7.16577478e+02	7.13441332e+02	7.10784350e+02	7.08637316e+02	7.07030876e+02	7.05992394e+02	7.05542938e+02	7.05694480e+02	7.06447386e+02	7.07788319e+02	7.09688720e+02	7.12104088e+02	7.14974266e+02	7.18224918e+02	7.21770167e+02	7.25516093e+02	7.29364422e+02	7.33215470e+02	7.36969486e+02	7.40526131e+02	7.43782890e+02	7.46634313e+02	7.48974324e+02	7.50703108e+02	7.51738319e+02	7.52028483e+02	7.51565348e+02	7.50391916e+02	7.48603918e+02	7.46343900e+02	7.43788546e+02	7.41131008e+02	7.38560739e+02	7.36243717e+02	7.34305828e+02	7.32821810e+02	7.31811325e+02	7.31242681e+02	7.31043452e+02	7.31116063e+02	7.31355428e+02	7.31665361e+02	7.31970813e+02	7.32224050e+02	7.32404432e+02	7.32513016e+02	7.32564326e+02	7.32577910e+02	7.32571821e+02	7.32559059e+02	7.32546845e+02	7.32537805e+02	7.32531861e+02	7.32527920e+02	7.32524892e+02	7.32522084e+02	7.32519180e+02	7.32516087e+02	7.32512803e+02	7.32509344e+02	7.32505716e+02	7.32501922e+02	7.32497962e+02	7.32493832e+02	7.32489532e+02	7.32485061e+02	7.32480420e+02	7.32475608e+02	7.32470627e+02	7.32465478e+02	7.32460163e+02	7.32454686e+02	7.32449050e+02	7.32443258e+02	7.32437316e+02	7.32431227e+02	7.32424998e+02	7.32418634e+02	7.32412141e+02	7.32405526e+02	7.32398796e+02	7.32391956e+02	7.32385016e+02	7.32377980e+02	7.32370858e+02	7.32363656e+02	7.32356382e+02	7.32349042e+02	7.32341645e+02	7.32334196e+02	7.32326704e+02	7.32319174e+02	7.32311613e+02	7.32304028e+02	7.32296424e+02	7.32288808e+02	7.32281185e+02	7.32273560e+02	7.32265938e+02	7.32258325e+02	7.32250725e+02	7.32243142e+02	7.32235579e+02	7.32228042e+02	7.32220533e+02	7.32213056e+02	7.32205613e+02	7.32198208e+02	7.32190844e+02	7.32183522e+02	7.32176245e+02	7.32169015e+02	7.32161833e+02	7.32154702e+02	7.32147624e+02	7.32140598e+02	7.32133628e+02	7.32126713e+02	7.32119855e+02	7.32113054e+02	7.32106313e+02	7.32099630e+02	7.32093007e+02	7.32086444e+02	7.32079942e+02	7.32073501e+02	7.32067121e+02	7.32060803e+02	7.32054546e+02	7.32048350e+02	7.32042217e+02	7.32036144e+02	7.32030134e+02	7.32024185e+02	7.32018297e+02	7.32012470e+02	7.32006704e+02	7.32000999e+02	7.31995354e+02	7.31989770e+02	7.31984245e+02	7.31978779e+02	7.31973372e+02	7.31968025e+02	7.31962735e+02	7.31957503e+02	7.31952329e+02	7.31947212e+02	7.31942151e+02	7.31937147e+02	7.31932198e+02	7.31927304e+02	7.31922465e+02	7.31917681e+02	7.31912950e+02	7.31908273e+02	7.31903648e+02	7.31899076e+02	7.31894556e+02	7.31890087e+02	7.31885669e+02	7.31881302e+02	7.31876984e+02	7.31872716e+02	7.31868496e+02	7.31864325e+02	7.31860203e+02	7.31856127e+02	7.31852099e+02	7.31848117e+02	7.31844180e+02	7.31840290e+02	7.31836445e+02	7.31832644e+02	7.31828887e+02	7.31825174e+02	7.31821504e+02	7.31817876e+02	7.31814291e+02	7.31810748e+02	7.31807246e+02	7.31803785e+02	7.31800365e+02
27	57	7.53964776e+02	7.46653765e+02	7.39941226e+02	7.33766479e+02	7.28078968e+02	7.22840366e+02	7.18025749e+02	7.13623770e+02	7.09635880e+02	7.06074683e+02	7.02961637e+02	7.00324264e+02	6.98193103e+02	6.96598555e+02	6.95567768e+02	6.95121645e+02	6.95272064e+02	6.96019391e+02	6.97350393e+02	6.99236737e+02	7.01634264e+02	7.04483282e+02	7.07710020e+02	7.11229249e+02	7.14947753e+02	7.18767982e+02	7.22590985e+02	7.26317734e+02	7.29848610e+02	7.33081827e+02	7.35912680e+02	7.38235841e+02	7.39952194e+02	7.40979968e+02	7.41268052e+02	7.40808246e+02	7.39643250e+02	7.37868118e+02	7.35624384e+02	7.33087471e+02	7.30449145e+02	7.27897491e+02	7.25597278e+02	7.23673468e+02	7.22200246e+02	7.21197121e+02	7.20632623e+02	7.20434852e+02	7.20506940e+02	7.20744569e+02	7.21052253e+02	7.21355490e+02	7.21606892e+02	7.21785970e+02	7.21893774e+02	7.21944721e+02	7.21958216e+02	7.21952183e+02	7.21939526e+02	7.21927414e+02	7.21918452e+02	7.21912566e+02	7.21908668e+02	7.21905677e+02	7.21902906e+02	7.21900039e+02	7.21896986e+02	7.21893745e+02	7.21890329e+02	7.21886747e+02	7.21883001e+02	7.21879090e+02	7.21875012e+02	7.21870766e+02	7.21866350e+02	7.21861766e+02	7.21857013e+02	7.21852092e+02	7.21847006e+02	7.21841755e+02	7.21836344e+02	7.21830775e+02	7.21825052e+02	7.21819179e+02	7.21813162e+02	7.21807005e+02	7.21800714e+02	7.21794296e+02	7.21787757e+02	7.21781102e+02	7.21774340e+02	7.21767477e+02	7.21760520e+02	7.21753476e+02	7.21746353e+02	7.21739158e+02	7.21731897e+02	7.21724579e+02	7.21717210e+02	7.21709797e+02	7.21702346e+02	7.21694864e+02	7.21687358e+02	7.21679832e+02	7.21672294e+02	7.21664749e+02	7.21657201e+02	7.21649656e+02	7.21642119e+02	7.21634594e+02	7.21627085e+02	7.21619597e+02	7.21612133e+02	7.21604697e+02	7.21597291e+02	7.21589920e+02	7.21582586e+02	7.21575291e+02	7.21568038e+02	7.21560828e+02	7.21553666e+02	7.21546551e+02	7.21539486e+02	7.21532472e+02	7.21525510e+02	7.21518603e+02	7.21511750e+02	7.21504954e+02	7.21498215e+02	7.21491533e+02	7.21484909e+02	7.21478345e+02	7.21471840e+02	7.21465395e+02	7.21459010e+02	7.21452685e+02	7.21446421e+02	7.21440218e+02	7.21434076e+02	7.21427995e+02	7.21421974e+02	7.21416015e+02	7.21410116e+02	7.21404278e+02	7.21398500e+02	7.21392782e+02	7.21387125e+02	7.21381527e+02	7.21375989e+02	7.21370509e+02	7.21365089e+02	7.21359727e+02	7.21354423e+02	7.21349176e+02	7.21343987e+02	7.21338855e+02	7.21333779e+02	7.21328760e+02	7.21323796e+02	7.21318887e+02	7.21314032e+02	7.21309232e+02	7.21304486e+02	7.21299793e+02	7.21295153e+02	7.21290565e+02	7.21286030e+02	7.21281545e+02	7.21277111e+02	7.21272728e+02	7.21268395e+02	7.21264111e+02	7.21259877e+02	7.21255690e+02	7.21251552e+02	7.21247461e+02	7.21243418e+02	7.21239420e+02	7.21235469e+02	7.21231564e+02	7.21227703e+02	7.21223888e+02	7.21220116e+02	7.21216388e+02	7.21212704e+02	7.21209062e+02	7.21205463e+02	7.21201905e+02	7.21198389e+02	7.21194914e+02	7.21191479e+02	7.21188085e+02
26	58	7.77977814e+02	7.70550991e+02	7.63731621e+02	7.57458173e+02	7.51679381e+02	7.46356387e+02	7.41463939e+02	7.36990572e+02	7.32937817e+02	7.29318543e+02	7.26154607e+02	7.23474033e+02	7.21307904e+02	7.19687159e+02	7.18639421e+02	7.18185958e+02	7.18338855e+02	7.19098477e+02	7.20451361e+02	7.22368681e+02	7.24805518e+02	7.27701160e+02	7.30980590e+02	7.34557150e+02	7.38336078e+02	7.42218221e+02	7.46103019e+02	7.49889850e+02	7.53477507e+02	7.56762601e+02	7.59638781e+02	7.61999075e+02	7.63742827e+02	7.64786995e+02	7.65079676e+02	7.64612547e+02	7.63428978e+02	7.61625514e+02	7.59345919e+02	7.56768393e+02	7.54087756e+02	7.51495109e+02	7.49157882e+02	7.47203073e+02	7.45706086e+02	7.44686771e+02	7.44113162e+02	7.43912206e+02	7.43985473e+02	7.44226956e+02	7.44539628e+02	7.44847779e+02	7.45103259e+02	7.45285246e+02	7.45394809e+02	7.45446598e+02	7.45460331e+02	7.45454221e+02	7.45441381e+02	7.45429095e+02	7.45420013e+02	7.45414056e+02	7.45410119e+02	7.45407107e+02	7.45404317e+02	7.45401431e+02	7.45398357e+02	7.45395092e+02	7.45391650e+02	7.45388041e+02	7.45384265e+02	7.45380321e+02	7.45376208e+02	7.45371924e+02	7.45367469e+02	7.45362842e+02	7.45358043e+02	7.45353074e+02	7.45347936e+02	7.45342631e+02	7.45337162e+02	7.45331532e+02	7.45325745e+02	7.45319805e+02	7.45313718e+02	7.45307488e+02	7.45301121e+02	7.45294623e+02	7.45288001e+02	7.45281262e+02	7.45274411e+02	7.45267457e+02	7.45260407e+02	7.45253267e+02	7.45246046e+02	7.45238751e+02	7.45231388e+02	7.45223966e+02	7.45216490e+02	7.45208970e+02	7.45201410e+02	7.45193818e+02	7.45186199e+02	7.45178562e+02	7.45170910e+02	7.45163250e+02	7.45155587e+02	7.45147927e+02	7.45140274e+02	7.45132633e+02	7.45125008e+02	7.45117404e+02	7.45109824e+02	7.45102272e+02	7.45094751e+02	7.45087264e+02	7.45079815e+02	7.45072405e+02	7.45065038e+02	7.45057716e+02	7.45050440e+02	7.45043213e+02	7.45036037e+02	7.45028912e+02	7.45021841e+02	7.45014825e+02	7.45007865e+02	7.45000962e+02	7.44994116e+02	7.44987329e+02	7.44980602e+02	7.44973934e+02	7.44967327e+02	7.44960781e+02	7.44954296e+02	7.44947873e+02	7.44941511e+02	7.44935211e+02	7.44928973e+02	7.44922797e+02	7.44916683e+02	7.44910631e+02	7.44904640e+02	7.44898712e+02	7.44892844e+02	7.44887038e+02	7.44881293e+02	7.44875609e+02	7.44869985e+02	7.44864422e+02	7.44858918e+02	7.44853473e+02	7.44848088e+02	7.44842761e+02	7.44837493e+02	7.44832282e+02	7.44827129e+02	7.44822033e+02	7.44816993e+02	7.44812009e+02	7.44807081e+02	7.44802208e+02	7.44797390e+02	7.44792626e+02	7.44787916e+02	7.44783259e+02	7.44778654e+02	7.44774102e+02	7.44769602e+02	7.44765153e+02	7.44760754e+02	7.44756406e+02	7.44752108e+02	7.44747858e+02	7.44743658e+02	7.44739506e+02	7.44735402e+02	7.44731345e+02	7.44727335e+02	7.44723371e+02	7.44719453e+02	7.44715580e+02	7.44711752e+02	7.44707969e+02	7.44704230e+02	7.44700534e+02	7.44696881e+02	7.44693271e+02	7.44689702e+02	7.44686176e+02	7.44682690e+02	7.44679245e+02
28	58	7.56538343e+02	7.49214841e+02	7.42490779e+02	7.36305387e+02	7.30608031e+02	7.25360327e+02	7.20537316e+02	7.16127638e+02	7.12132752e+02	7.08565293e+02	7.05446759e+02	7.02804728e+02	7.00669796e+02	6.99072425e+02	6.98039812e+02	6.97592900e+02	6.97743589e+02	6.98492245e+02	6.99825611e+02	7.01715300e+02	7.04117072e+02	7.06971123e+02	7.10203549e+02	7.13728968e+02	7.17453994e+02	7.21280908e+02	7.25110583e+02	7.28843820e+02	7.32380827e+02	7.35619647e+02	7.38455398e+02	7.40782572e+02	7.42501890e+02	7.43531443e+02	7.43820032e+02	7.43359447e+02	7.42192460e+02	7.40414284e+02	7.38166694e+02	7.35625415e+02	7.32982539e+02	7.30426479e+02	7.28122290e+02	7.26195154e+02	7.24719388e+02	7.23714537e+02	7.23149078e+02	7.22950986e+02	7.23023227e+02	7.23261297e+02	7.23569547e+02	7.23873343e+02	7.24125217e+02	7.24304641e+02	7.24412670e+02	7.24463744e+02	7.24477303e+02	7.24471302e+02	7.24458667e+02	7.24446580e+02	7.24437652e+02	7.24431807e+02	7.24427954e+02	7.24425014e+02	7.24422296e+02	7.24419483e+02	7.24416487e+02	7.24413303e+02	7.24409947e+02	7.24406427e+02	7.24402744e+02	7.24398897e+02	7.24394884e+02	7.24390705e+02	7.24386357e+02	7.24381842e+02	7.24377158e+02	7.24372307e+02	7.24367291e+02	7.24362111e+02	7.24356770e+02	7.24351272e+02	7.24345619e+02	7.24339816e+02	7.24333868e+02	7.24327779e+02	7.24321556e+02	7.24315205e+02	7.24308731e+02	7.24302140e+02	7.24295441e+02	7.24288639e+02	7.24281742e+02	7.24274756e+02	7.24267690e+02	7.24260550e+02	7.24253343e+02	7.24246076e+02	7.24238757e+02	7.24231392e+02	7.24223987e+02	7.24216550e+02	7.24209087e+02	7.24201603e+02	7.24194104e+02	7.24186597e+02	7.24179086e+02	7.24171576e+02	7.24164072e+02	7.24156579e+02	7.24149102e+02	7.24141643e+02	7.24134207e+02	7.24126798e+02	7.24119418e+02	7.24112072e+02	7.24104761e+02	7.24097488e+02	7.24090256e+02	7.24083068e+02	7.24075925e+02	7.24068829e+02	7.24061781e+02	7.24054784e+02	7.24047839e+02	7.24040948e+02	7.24034110e+02	7.24027328e+02	7.24020602e+02	7.24013933e+02	7.24007322e+02	7.24000770e+02	7.23994276e+02	7.23987842e+02	7.23981467e+02	7.23975153e+02	7.23968898e+02	7.23962704e+02	7.23956571e+02	7.23950498e+02	7.23944486e+02	7.23938534e+02	7.23932642e+02	7.23926811e+02	7.23921040e+02	7.23915329e+02	7.23909678e+02	7.23904086e+02	7.23898553e+02	7.23893079e+02	7.23887664e+02	7.23882307e+02	7.23877007e+02	7.23871766e+02	7.23866581e+02	7.23861453e+02	7.23856381e+02	7.23851366e+02	7.23846405e+02	7.23841500e+02	7.23836649e+02	7.23831853e+02	7.23827110e+02	7.23822420e+02	7.23817783e+02	7.23813198e+02	7.23808665e+02	7.23804183e+02	7.23799752e+02	7.23795371e+02	7.23791040e+02	7.23786758e+02	7.23782526e+02	7.23778342e+02	7.23774205e+02	7.23770116e+02	7.23766074e+02	7.23762079e+02	7.23758130e+02	7.23754226e+02	7.23750367e+02	7.23746553e+02	7.23742783e+02	7.23739056e+02	7.23735373e+02	7.23731732e+02	7.23728134e+02	7.23724578e+02	7.23721063e+02	7.23717589e+02	7.23714155e+02	7.23710762e+02
27	59	7.80318059e+02	7.72880055e+02	7.66050369e+02	7.59767391e+02	7.53979786e+02	7.48648645e+02	7.43748682e+02	7.39268422e+02	7.35209405e+02	7.31584524e+02	7.28415677e+02	7.25730933e+02	7.23561429e+02	7.21938156e+02	7.20888783e+02	7.20434615e+02	7.20587753e+02	7.21348566e+02	7.22703567e+02	7.24623881e+02	7.27064518e+02	7.29964666e+02	7.33249189e+02	7.36831291e+02	7.40616059e+02	7.44504187e+02	7.48394957e+02	7.52187597e+02	7.55780745e+02	7.59070855e+02	7.61951420e+02	7.64315309e+02	7.66061715e+02	7.67107476e+02	7.67400611e+02	7.66932786e+02	7.65747435e+02	7.63941248e+02	7.61658202e+02	7.59076769e+02	7.56392060e+02	7.53795471e+02	7.51454687e+02	7.49496902e+02	7.47997640e+02	7.46976781e+02	7.46402315e+02	7.46201074e+02	7.46274479e+02	7.46516361e+02	7.46829542e+02	7.47138198e+02	7.47394103e+02	7.47576404e+02	7.47686171e+02	7.47738078e+02	7.47751872e+02	7.47745795e+02	7.47732979e+02	7.47720722e+02	7.47711674e+02	7.47705759e+02	7.47701869e+02	7.47698907e+02	7.47696171e+02	7.47693341e+02	7.47690323e+02	7.47687117e+02	7.47683736e+02	7.47680189e+02	7.47676476e+02	7.47672598e+02	7.47668551e+02	7.47664336e+02	7.47659949e+02	7.47655392e+02	7.47650664e+02	7.47645766e+02	7.47640700e+02	7.47635467e+02	7.47630070e+02	7.47624513e+02	7.47618798e+02	7.47612930e+02	7.47606913e+02	7.47600754e+02	7.47594456e+02	7.47588027e+02	7.47581473e+02	7.47574799e+02	7.47568014e+02	7.47561124e+02	7.47554135e+02	7.47547056e+02	7.47539894e+02	7.47532656e+02	7.47525349e+02	7.47517980e+02	7.47510557e+02	7.47503087e+02	7.47495576e+02	7.47488031e+02	7.47480458e+02	7.47472863e+02	7.47465254e+02	7.47457634e+02	7.47450010e+02	7.47442387e+02	7.47434770e+02	7.47427163e+02	7.47419572e+02	7.47411999e+02	7.47404449e+02	7.47396926e+02	7.47389433e+02	7.47381972e+02	7.47374549e+02	7.47367163e+02	7.47359820e+02	7.47352520e+02	7.47345266e+02	7.47338059e+02	7.47330902e+02	7.47323797e+02	7.47316744e+02	7.47309745e+02	7.47302801e+02	7.47295914e+02	7.47289084e+02	7.47282312e+02	7.47275598e+02	7.47268944e+02	7.47262350e+02	7.47255816e+02	7.47249343e+02	7.47242931e+02	7.47236580e+02	7.47230291e+02	7.47224063e+02	7.47217897e+02	7.47211792e+02	7.47205749e+02	7.47199767e+02	7.47193847e+02	7.47187987e+02	7.47182189e+02	7.47176452e+02	7.47170774e+02	7.47165158e+02	7.47159600e+02	7.47154103e+02	7.47148665e+02	7.47143285e+02	7.47137964e+02	7.47132701e+02	7.47127496e+02	7.47122348e+02	7.47117257e+02	7.47112222e+02	7.47107243e+02	7.47102319e+02	7.47097451e+02	7.47092637e+02	7.47087877e+02	7.47083170e+02	7.47078517e+02	7.47073916e+02	7.47069367e+02	7.47064870e+02	7.47060425e+02	7.47056029e+02	7.47051684e+02	7.47047389e+02	7.47043143e+02	7.47038945e+02	7.47034796e+02	7.47030694e+02	7.47026640e+02	7.47022632e+02	7.47018671e+02	7.47014755e+02	7.47010884e+02	7.47007059e+02	7.47003278e+02	7.46999540e+02	7.46995847e+02	7.46992196e+02	7.46988587e+02	7.46985021e+02	7.46981496e+02	7.46978012e+02	7.46974569e+02
28	59	7.69726627e+02	7.62339407e+02	7.55556569e+02	7.49316872e+02	7.43569295e+02	7.38275160e+02	7.33409327e+02	7.28960373e+02	7.24929800e+02	7.21330388e+02	7.18183856e+02	7.15518057e+02	7.13363887e+02	7.11752103e+02	7.10710165e+02	7.10259216e+02	7.10411270e+02	7.11166692e+02	7.12512099e+02	7.14418832e+02	7.16842234e+02	7.19721939e+02	7.22983358e+02	7.26540323e+02	7.30298596e+02	7.34159578e+02	7.38023254e+02	7.41789550e+02	7.45357802e+02	7.48625168e+02	7.51485861e+02	7.53833470e+02	7.55567867e+02	7.56606444e+02	7.56897567e+02	7.56432959e+02	7.55255758e+02	7.53462001e+02	7.51194687e+02	7.48631069e+02	7.45964921e+02	7.43386315e+02	7.41061769e+02	7.39117587e+02	7.37628755e+02	7.36615005e+02	7.36044545e+02	7.35844712e+02	7.35917612e+02	7.36157817e+02	7.36468824e+02	7.36775339e+02	7.37029471e+02	7.37210512e+02	7.37319525e+02	7.37371080e+02	7.37384788e+02	7.37378764e+02	7.37366049e+02	7.37353889e+02	7.37344917e+02	7.37339056e+02	7.37335208e+02	7.37332281e+02	7.37329579e+02	7.37326785e+02	7.37323805e+02	7.37320639e+02	7.37317299e+02	7.37313795e+02	7.37310128e+02	7.37306297e+02	7.37302300e+02	7.37298134e+02	7.37293801e+02	7.37289298e+02	7.37284626e+02	7.37279786e+02	7.37274779e+02	7.37269608e+02	7.37264273e+02	7.37258780e+02	7.37253130e+02	7.37247329e+02	7.37241381e+02	7.37235291e+02	7.37229064e+02	7.37222706e+02	7.37216224e+02	7.37209624e+02	7.37202913e+02	7.37196097e+02	7.37189184e+02	7.37182180e+02	7.37175094e+02	7.37167932e+02	7.37160701e+02	7.37153409e+02	7.37146063e+02	7.37138669e+02	7.37131234e+02	7.37123765e+02	7.37116268e+02	7.37108750e+02	7.37101215e+02	7.37093671e+02	7.37086121e+02	7.37078572e+02	7.37071028e+02	7.37063495e+02	7.37055975e+02	7.37048474e+02	7.37040995e+02	7.37033542e+02	7.37026118e+02	7.37018727e+02	7.37011371e+02	7.37004053e+02	7.36996776e+02	7.36989542e+02	7.36982353e+02	7.36975211e+02	7.36968118e+02	7.36961075e+02	7.36954084e+02	7.36947146e+02	7.36940263e+02	7.36933435e+02	7.36926664e+02	7.36919950e+02	7.36913293e+02	7.36906696e+02	7.36900157e+02	7.36893679e+02	7.36887260e+02	7.36880901e+02	7.36874603e+02	7.36868366e+02	7.36862190e+02	7.36856074e+02	7.36850019e+02	7.36844025e+02	7.36838092e+02	7.36832220e+02	7.36826408e+02	7.36820656e+02	7.36814965e+02	7.36809333e+02	7.36803761e+02	7.36798248e+02	7.36792794e+02	7.36787399e+02	7.36782062e+02	7.36776782e+02	7.36771561e+02	7.36766396e+02	7.36761288e+02	7.36756236e+02	7.36751240e+02	7.36746300e+02	7.36741414e+02	7.36736583e+02	7.36731806e+02	7.36727083e+02	7.36722412e+02	7.36717794e+02	7.36713228e+02	7.36708714e+02	7.36704251e+02	7.36699839e+02	7.36695477e+02	7.36691165e+02	7.36686902e+02	7.36682687e+02	7.36678521e+02	7.36674403e+02	7.36670332e+02	7.36666308e+02	7.36662330e+02	7.36658398e+02	7.36654511e+02	7.36650670e+02	7.36646872e+02	7.36643119e+02	7.36639409e+02	7.36635743e+02	7.36632118e+02	7.36628537e+02	7.36624996e+02	7.36621497e+02	7.36618039e+02	7.36614621e+02
28	60	7.82760032e+02	7.75310376e+02	7.68469943e+02	7.62177036e+02	7.56380248e+02	7.51040617e+02	7.46132824e+02	7.41645384e+02	7.37579842e+02	7.33949120e+02	7.30775153e+02	7.28086065e+02	7.25913044e+02	7.24287138e+02	7.23236062e+02	7.22781158e+02	7.22934548e+02	7.23696601e+02	7.25053806e+02	7.26977241e+02	7.29421836e+02	7.32326680e+02	7.35616509e+02	7.39204384e+02	7.42995236e+02	7.46889598e+02	7.50786592e+02	7.54585283e+02	7.58184150e+02	7.61479487e+02	7.64364621e+02	7.66732254e+02	7.68481425e+02	7.69528845e+02	7.69822452e+02	7.69353901e+02	7.68166692e+02	7.66357667e+02	7.64071026e+02	7.61485519e+02	7.58796568e+02	7.56195869e+02	7.53851377e+02	7.51890490e+02	7.50388856e+02	7.49366387e+02	7.48791025e+02	7.48589487e+02	7.48663034e+02	7.48905329e+02	7.49219039e+02	7.49528217e+02	7.49784562e+02	7.49967188e+02	7.50077166e+02	7.50129192e+02	7.50143047e+02	7.50137001e+02	7.50124208e+02	7.50111976e+02	7.50102961e+02	7.50097085e+02	7.50093241e+02	7.50090328e+02	7.50087643e+02	7.50084866e+02	7.50081904e+02	7.50078754e+02	7.50075432e+02	7.50071944e+02	7.50068294e+02	7.50064478e+02	7.50060497e+02	7.50056346e+02	7.50052027e+02	7.50047537e+02	7.50042878e+02	7.50038049e+02	7.50033053e+02	7.50027890e+02	7.50022563e+02	7.50017076e+02	7.50011431e+02	7.50005632e+02	7.49999685e+02	7.49993594e+02	7.49987364e+02	7.49981002e+02	7.49974513e+02	7.49967905e+02	7.49961182e+02	7.49954354e+02	7.49947426e+02	7.49940406e+02	7.49933301e+02	7.49926119e+02	7.49918866e+02	7.49911550e+02	7.49904178e+02	7.49896756e+02	7.49889293e+02	7.49881793e+02	7.49874265e+02	7.49866713e+02	7.49859144e+02	7.49851563e+02	7.49843977e+02	7.49836390e+02	7.49828808e+02	7.49821235e+02	7.49813675e+02	7.49806132e+02	7.49798612e+02	7.49791117e+02	7.49783650e+02	7.49776216e+02	7.49768817e+02	7.49761455e+02	7.49754134e+02	7.49746855e+02	7.49739622e+02	7.49732435e+02	7.49725297e+02	7.49718210e+02	7.49711174e+02	7.49704192e+02	7.49697264e+02	7.49690392e+02	7.49683576e+02	7.49676818e+02	7.49670117e+02	7.49663476e+02	7.49656894e+02	7.49650372e+02	7.49643910e+02	7.49637509e+02	7.49631168e+02	7.49624889e+02	7.49618670e+02	7.49612513e+02	7.49606417e+02	7.49600383e+02	7.49594409e+02	7.49588496e+02	7.49582644e+02	7.49576853e+02	7.49571123e+02	7.49565452e+02	7.49559841e+02	7.49554290e+02	7.49548799e+02	7.49543366e+02	7.49537992e+02	7.49532676e+02	7.49527418e+02	7.49522218e+02	7.49517075e+02	7.49511988e+02	7.49506957e+02	7.49501982e+02	7.49497063e+02	7.49492198e+02	7.49487388e+02	7.49482631e+02	7.49477928e+02	7.49473278e+02	7.49468681e+02	7.49464135e+02	7.49459641e+02	7.49455198e+02	7.49450806e+02	7.49446464e+02	7.49442171e+02	7.49437927e+02	7.49433732e+02	7.49429585e+02	7.49425486e+02	7.49421433e+02	7.49417428e+02	7.49413468e+02	7.49409555e+02	7.49405686e+02	7.49401863e+02	7.49398083e+02	7.49394347e+02	7.49390655e+02	7.49387006e+02	7.49383399e+02	7.49379834e+02	7.49376311e+02	7.49372828e+02	7.49369386e+02
26	60	8.03833729e+02	7.96284196e+02	7.89351630e+02	7.82973601e+02	7.77098092e+02	7.71685680e+02	7.66710764e+02	7.62161756e+02	7.58040274e+02	7.54359464e+02	7.51141610e+02	7.48415263e+02	7.46212084e+02	7.44563582e+02	7.43497886e+02	7.43036649e+02	7.43192173e+02	7.43964827e+02	7.45340901e+02	7.47291045e+02	7.49769537e+02	7.52714586e+02	7.56049851e+02	7.59687164e+02	7.63530121e+02	7.67477873e+02	7.71428153e+02	7.75278652e+02	7.78926482e+02	7.82266549e+02	7.85190765e+02	7.87590415e+02	7.89363206e+02	7.90424755e+02	7.90722317e+02	7.90247439e+02	7.89044202e+02	7.87210731e+02	7.84893152e+02	7.82272608e+02	7.79547153e+02	7.76911087e+02	7.74534658e+02	7.72547020e+02	7.71024874e+02	7.69988423e+02	7.69405183e+02	7.69200876e+02	7.69275417e+02	7.69521011e+02	7.69838994e+02	7.70152384e+02	7.70412216e+02	7.70597319e+02	7.70708781e+02	7.70761498e+02	7.70775522e+02	7.70769371e+02	7.70756380e+02	7.70743957e+02	7.70734793e+02	7.70728810e+02	7.70724885e+02	7.70721902e+02	7.70719149e+02	7.70716301e+02	7.70713265e+02	7.70710037e+02	7.70706632e+02	7.70703059e+02	7.70699319e+02	7.70695410e+02	7.70691332e+02	7.70687081e+02	7.70682658e+02	7.70678061e+02	7.70673290e+02	7.70668347e+02	7.70663233e+02	7.70657949e+02	7.70652499e+02	7.70646884e+02	7.70641109e+02	7.70635178e+02	7.70629096e+02	7.70622867e+02	7.70616498e+02	7.70609994e+02	7.70603362e+02	7.70596608e+02	7.70589739e+02	7.70582762e+02	7.70575686e+02	7.70568516e+02	7.70561260e+02	7.70553927e+02	7.70546522e+02	7.70539054e+02	7.70531530e+02	7.70523957e+02	7.70516342e+02	7.70508691e+02	7.70501011e+02	7.70493309e+02	7.70485591e+02	7.70477862e+02	7.70470128e+02	7.70462395e+02	7.70454667e+02	7.70446949e+02	7.70439245e+02	7.70431561e+02	7.70423900e+02	7.70416265e+02	7.70408661e+02	7.70401090e+02	7.70393556e+02	7.70386060e+02	7.70378607e+02	7.70371198e+02	7.70363836e+02	7.70356522e+02	7.70349258e+02	7.70342046e+02	7.70334888e+02	7.70327784e+02	7.70320737e+02	7.70313747e+02	7.70306815e+02	7.70299941e+02	7.70293128e+02	7.70286375e+02	7.70279682e+02	7.70273051e+02	7.70266482e+02	7.70259975e+02	7.70253530e+02	7.70247148e+02	7.70240828e+02	7.70234570e+02	7.70228375e+02	7.70222243e+02	7.70216173e+02	7.70210166e+02	7.70204221e+02	7.70198337e+02	7.70192516e+02	7.70186756e+02	7.70181057e+02	7.70175419e+02	7.70169841e+02	7.70164324e+02	7.70158866e+02	7.70153468e+02	7.70148129e+02	7.70142848e+02	7.70137625e+02	7.70132461e+02	7.70127353e+02	7.70122302e+02	7.70117308e+02	7.70112369e+02	7.70107486e+02	7.70102658e+02	7.70097884e+02	7.70093164e+02	7.70088498e+02	7.70083884e+02	7.70079323e+02	7.70074814e+02	7.70070356e+02	7.70065949e+02	7.70061593e+02	7.70057286e+02	7.70053029e+02	7.70048821e+02	7.70044661e+02	7.70040549e+02	7.70036485e+02	7.70032468e+02	7.70028497e+02	7.70024572e+02	7.70020692e+02	7.70016858e+02	7.70013068e+02	7.70009322e+02	7.70005620e+02	7.70001961e+02	7.69998345e+02	7.69994770e+02	7.69991238e+02	7.69987746e+02
28	61	7.95643121e+02	7.88132258e+02	7.81235364e+02	7.74890293e+02	7.69045263e+02	7.63661031e+02	7.58712105e+02	7.54186935e+02	7.50087113e+02	7.46425697e+02	7.43224836e+02	7.40512916e+02	7.38321416e+02	7.36681665e+02	7.35621631e+02	7.35162849e+02	7.35317550e+02	7.36086103e+02	7.37454875e+02	7.39394682e+02	7.41860055e+02	7.44789542e+02	7.48107220e+02	7.51725398e+02	7.55548187e+02	7.59475274e+02	7.63404930e+02	7.67235377e+02	7.70864258e+02	7.74187015e+02	7.77096108e+02	7.79483370e+02	7.81247027e+02	7.82303115e+02	7.82599157e+02	7.82126740e+02	7.80929721e+02	7.79105727e+02	7.76800140e+02	7.74193176e+02	7.71481870e+02	7.68859514e+02	7.66495467e+02	7.64518205e+02	7.63004020e+02	7.61973004e+02	7.61392837e+02	7.61189627e+02	7.61263809e+02	7.61508154e+02	7.61824512e+02	7.62136302e+02	7.62394817e+02	7.62578995e+02	7.62689920e+02	7.62742408e+02	7.62756407e+02	7.62750340e+02	7.62737471e+02	7.62725168e+02	7.62716111e+02	7.62710221e+02	7.62706382e+02	7.62703482e+02	7.62700814e+02	7.62698054e+02	7.62695110e+02	7.62691977e+02	7.62688672e+02	7.62685201e+02	7.62681567e+02	7.62677768e+02	7.62673802e+02	7.62669667e+02	7.62665362e+02	7.62660887e+02	7.62656240e+02	7.62651424e+02	7.62646438e+02	7.62641285e+02	7.62635967e+02	7.62630486e+02	7.62624846e+02	7.62619051e+02	7.62613106e+02	7.62607015e+02	7.62600784e+02	7.62594418e+02	7.62587923e+02	7.62581307e+02	7.62574576e+02	7.62567736e+02	7.62560795e+02	7.62553759e+02	7.62546637e+02	7.62539436e+02	7.62532162e+02	7.62524823e+02	7.62517427e+02	7.62509979e+02	7.62502488e+02	7.62494960e+02	7.62487400e+02	7.62479817e+02	7.62472215e+02	7.62464600e+02	7.62456979e+02	7.62449355e+02	7.62441736e+02	7.62434124e+02	7.62426525e+02	7.62418943e+02	7.62411382e+02	7.62403846e+02	7.62396338e+02	7.62388862e+02	7.62381421e+02	7.62374017e+02	7.62366653e+02	7.62359331e+02	7.62352054e+02	7.62344824e+02	7.62337643e+02	7.62330512e+02	7.62323433e+02	7.62316407e+02	7.62309436e+02	7.62302520e+02	7.62295662e+02	7.62288860e+02	7.62282117e+02	7.62275433e+02	7.62268809e+02	7.62262245e+02	7.62255741e+02	7.62249298e+02	7.62242916e+02	7.62236595e+02	7.62230336e+02	7.62224138e+02	7.62218002e+02	7.62211928e+02	7.62205914e+02	7.62199962e+02	7.62194072e+02	7.62188242e+02	7.62182473e+02	7.62176765e+02	7.62171117e+02	7.62165529e+02	7.62160000e+02	7.62154531e+02	7.62149121e+02	7.62143770e+02	7.62138477e+02	7.62133241e+02	7.62128063e+02	7.62122942e+02	7.62117878e+02	7.62112870e+02	7.62107917e+02	7.62103019e+02	7.62098177e+02	7.62093388e+02	7.62088654e+02	7.62083972e+02	7.62079344e+02	7.62074767e+02	7.62070243e+02	7.62065770e+02	7.62061348e+02	7.62056976e+02	7.62052655e+02	7.62048382e+02	7.62044159e+02	7.62039984e+02	7.62035857e+02	7.62031777e+02	7.62027745e+02	7.62023758e+02	7.62019818e+02	7.62015924e+02	7.62012074e+02	7.62008269e+02	7.62004509e+02	7.62000791e+02	7.61997117e+02	7.61993486e+02	7.61989897e+02	7.61986350e+02	7.61982844e+02	7.61979379e+02
28	62	8.08380276e+02	8.00809385e+02	7.93857118e+02	7.87460887e+02	7.81568545e+02	7.76140570e+02	7.71151302e+02	7.66589129e+02	7.62455687e+02	7.58764168e+02	7.55536931e+02	7.52802620e+02	7.50592995e+02	7.48939666e+02	7.47870848e+02	7.47408262e+02	7.47564248e+02	7.48339176e+02	7.49719292e+02	7.51675156e+02	7.54160906e+02	7.57114562e+02	7.60459554e+02	7.64107451e+02	7.67961562e+02	7.71920744e+02	7.75882432e+02	7.79744025e+02	7.83402341e+02	7.86751990e+02	7.89684581e+02	7.92091095e+02	7.93868957e+02	7.94933548e+02	7.95231977e+02	7.94755769e+02	7.93549128e+02	7.91710455e+02	7.89386286e+02	7.86758278e+02	7.84025047e+02	7.81381450e+02	7.78998226e+02	7.77004905e+02	7.75478411e+02	7.74439012e+02	7.73854133e+02	7.73649283e+02	7.73724087e+02	7.73970442e+02	7.74289398e+02	7.74603750e+02	7.74864393e+02	7.75050095e+02	7.75161947e+02	7.75214889e+02	7.75229029e+02	7.75222941e+02	7.75209997e+02	7.75197626e+02	7.75188528e+02	7.75182625e+02	7.75178790e+02	7.75175904e+02	7.75173253e+02	7.75170511e+02	7.75167584e+02	7.75164469e+02	7.75161180e+02	7.75157727e+02	7.75154109e+02	7.75150327e+02	7.75146377e+02	7.75142258e+02	7.75137968e+02	7.75133507e+02	7.75128874e+02	7.75124070e+02	7.75119096e+02	7.75113953e+02	7.75108643e+02	7.75103170e+02	7.75097536e+02	7.75091746e+02	7.75085803e+02	7.75079713e+02	7.75073481e+02	7.75067113e+02	7.75060614e+02	7.75053992e+02	7.75047252e+02	7.75040402e+02	7.75033448e+02	7.75026399e+02	7.75019261e+02	7.75012042e+02	7.75004748e+02	7.74997388e+02	7.74989969e+02	7.74982497e+02	7.74974979e+02	7.74967423e+02	7.74959835e+02	7.74952221e+02	7.74944587e+02	7.74936939e+02	7.74929284e+02	7.74921626e+02	7.74913970e+02	7.74906321e+02	7.74898685e+02	7.74891065e+02	7.74883465e+02	7.74875889e+02	7.74868341e+02	7.74860824e+02	7.74853342e+02	7.74845896e+02	7.74838491e+02	7.74831127e+02	7.74823809e+02	7.74816537e+02	7.74809313e+02	7.74802140e+02	7.74795018e+02	7.74787950e+02	7.74780937e+02	7.74773979e+02	7.74767078e+02	7.74760235e+02	7.74753451e+02	7.74746725e+02	7.74740059e+02	7.74733454e+02	7.74726909e+02	7.74720425e+02	7.74714003e+02	7.74707642e+02	7.74701343e+02	7.74695106e+02	7.74688931e+02	7.74682817e+02	7.74676765e+02	7.74670775e+02	7.74664847e+02	7.74658979e+02	7.74653173e+02	7.74647428e+02	7.74641743e+02	7.74636119e+02	7.74630555e+02	7.74625050e+02	7.74619605e+02	7.74614219e+02	7.74608891e+02	7.74603622e+02	7.74598410e+02	7.74593256e+02	7.74588158e+02	7.74583117e+02	7.74578132e+02	7.74573203e+02	7.74568329e+02	7.74563509e+02	7.74558743e+02	7.74554031e+02	7.74549372e+02	7.74544766e+02	7.74540212e+02	7.74535710e+02	7.74531259e+02	7.74526859e+02	7.74522509e+02	7.74518209e+02	7.74513958e+02	7.74509755e+02	7.74505601e+02	7.74501495e+02	7.74497436e+02	7.74493424e+02	7.74489458e+02	7.74485538e+02	7.74481663e+02	7.74477833e+02	7.74474048e+02	7.74470306e+02	7.74466608e+02	7.74462953e+02	7.74459340e+02	7.74455770e+02	7.74452241e+02	7.74448754e+02
28	64	8.33433462e+02	8.25745864e+02	8.18685939e+02	8.12190244e+02	8.06205915e+02	8.00692897e+02	7.95625195e+02	7.90991082e+02	7.86792275e+02	7.83042230e+02	7.79763712e+02	7.76985867e+02	7.74741005e+02	7.73061276e+02	7.71975378e+02	7.71505399e+02	7.71663884e+02	7.72451206e+02	7.73853376e+02	7.75840459e+02	7.78365826e+02	7.81366471e+02	7.84764568e+02	7.88470244e+02	7.92385252e+02	7.96406832e+02	8.00430799e+02	8.04352945e+02	8.08068489e+02	8.11470423e+02	8.14448699e+02	8.16892642e+02	8.18698123e+02	8.19779243e+02	8.20082314e+02	8.19598737e+02	8.18373389e+02	8.16506176e+02	8.14145880e+02	8.11476957e+02	8.08701101e+02	8.06016208e+02	8.03595699e+02	8.01571154e+02	8.00020729e+02	7.98965033e+02	7.98370992e+02	7.98162954e+02	7.98238969e+02	7.98489233e+02	7.98813240e+02	7.99132571e+02	7.99397352e+02	7.99586016e+02	7.99699673e+02	7.99753497e+02	7.99767913e+02	7.99761785e+02	7.99748696e+02	7.99736192e+02	7.99727016e+02	7.99721087e+02	7.99717261e+02	7.99714403e+02	7.99711786e+02	7.99709079e+02	7.99706187e+02	7.99703106e+02	7.99699852e+02	7.99696433e+02	7.99692850e+02	7.99689102e+02	7.99685185e+02	7.99681098e+02	7.99676839e+02	7.99672407e+02	7.99667803e+02	7.99663025e+02	7.99658076e+02	7.99652955e+02	7.99647665e+02	7.99642209e+02	7.99636590e+02	7.99630811e+02	7.99624876e+02	7.99618791e+02	7.99612561e+02	7.99606190e+02	7.99599685e+02	7.99593053e+02	7.99586300e+02	7.99579433e+02	7.99572458e+02	7.99565384e+02	7.99558218e+02	7.99550967e+02	7.99543638e+02	7.99536239e+02	7.99528777e+02	7.99521259e+02	7.99513693e+02	7.99506085e+02	7.99498442e+02	7.99490771e+02	7.99483078e+02	7.99475368e+02	7.99467648e+02	7.99459924e+02	7.99452200e+02	7.99444481e+02	7.99436773e+02	7.99429080e+02	7.99421406e+02	7.99413755e+02	7.99406130e+02	7.99398536e+02	7.99390975e+02	7.99383450e+02	7.99375965e+02	7.99368522e+02	7.99361122e+02	7.99353770e+02	7.99346465e+02	7.99339211e+02	7.99332008e+02	7.99324859e+02	7.99317764e+02	7.99310725e+02	7.99303744e+02	7.99296820e+02	7.99289955e+02	7.99283149e+02	7.99276404e+02	7.99269719e+02	7.99263096e+02	7.99256534e+02	7.99250034e+02	7.99243596e+02	7.99237220e+02	7.99230906e+02	7.99224655e+02	7.99218467e+02	7.99212340e+02	7.99206276e+02	7.99200275e+02	7.99194335e+02	7.99188457e+02	7.99182640e+02	7.99176885e+02	7.99171191e+02	7.99165558e+02	7.99159985e+02	7.99154472e+02	7.99149018e+02	7.99143624e+02	7.99138289e+02	7.99133012e+02	7.99127793e+02	7.99122632e+02	7.99117528e+02	7.99112481e+02	7.99107490e+02	7.99102554e+02	7.99097674e+02	7.99092849e+02	7.99088078e+02	7.99083360e+02	7.99078697e+02	7.99074086e+02	7.99069527e+02	7.99065020e+02	7.99060565e+02	7.99056160e+02	7.99051806e+02	7.99047501e+02	7.99043246e+02	7.99039040e+02	7.99034882e+02	7.99030772e+02	7.99026710e+02	7.99022694e+02	7.99018725e+02	7.99014801e+02	7.99010923e+02	7.99007090e+02	7.99003302e+02	7.98999557e+02	7.98995857e+02	7.98992199e+02	7.98988583e+02	7.98985010e+02	7.98981479e+02
