# XS4GCR CRAMS inelastic cross-section table
# model: Tripathi1999
# isotope_source: data/crchart_Z28_2020.txt
# projectile_count: 87
# sigma_unit: mbarn for target H
# energy_grid_GeV_per_n: logspace 1.00000000e-02 1.00000000e+05 224
# columns: Z A sigma_H_mb(T_0) ... sigma_H_mb(T_N-1)
# note: 1H is skipped because XS4GCR::TotalInelastic does not provide proton-projectile sigma.
1	2	1.73235969e+02	1.80747089e+02	1.86761534e+02	1.91308054e+02	1.94428318e+02	1.96176682e+02	1.96619825e+02	1.95836240e+02	1.93915534e+02	1.90957514e+02	1.87071013e+02	1.82372427e+02	1.76983953e+02	1.71031519e+02	1.64642438e+02	1.57942845e+02	1.51055008e+02	1.44094626e+02	1.37168273e+02	1.30371134e+02	1.23785174e+02	1.17477883e+02	1.11501655e+02	1.05893837e+02	1.00677407e+02	9.58621987e+01	9.14465360e+01	8.74191375e+01	8.37611476e+01	8.04481715e+01	7.74522252e+01	7.47435386e+01	7.22921747e+01	7.00694417e+01	6.80490778e+01	6.62081886e+01	6.45279165e+01	6.29938244e+01	6.15959919e+01	6.03288350e+01	5.91906832e+01	5.81831647e+01	5.73104598e+01	5.65784824e+01	5.59940428e+01	5.55640295e+01	5.52946273e+01	5.51905821e+01	5.52545087e+01	5.54862465e+01	5.58822791e+01	5.64352547e+01	5.71336669e+01	5.79617706e+01	5.88997992e+01	5.99245063e+01	6.10099705e+01	6.21284903e+01	6.32513090e+01	6.43489249e+01	6.53909191e+01	6.63455610e+01	6.71797732e+01	6.78601406e+01	6.83553826e+01	6.86401428e+01	6.86993459e+01	6.85320235e+01	6.81535494e+01	6.75956037e+01	6.69037162e+01	6.61327600e+01	6.53411290e+01	6.45845197e+01	6.39102254e+01	6.33527099e+01	6.29309946e+01	6.26481286e+01	6.24927316e+01	6.24423233e+01	6.24678820e+01	6.25388568e+01	6.26277513e+01	6.27134757e+01	6.27829519e+01	6.28308898e+01	6.28581115e+01	6.28691144e+01	6.28696414e+01	6.28648545e+01	6.28583849e+01	6.28521915e+01	6.28469422e+01	6.28425707e+01	6.28387518e+01	6.28351809e+01	6.28316716e+01	6.28281441e+01	6.28245798e+01	6.28209831e+01	6.28173621e+01	6.28137228e+01	6.28100691e+01	6.28064040e+01	6.28027299e+01	6.27990493e+01	6.27953646e+01	6.27916781e+01	6.27879919e+01	6.27843080e+01	6.27806285e+01	6.27769551e+01	6.27732896e+01	6.27696336e+01	6.27659888e+01	6.27623565e+01	6.27587381e+01	6.27551349e+01	6.27515481e+01	6.27479788e+01	6.27444280e+01	6.27408968e+01	6.27373859e+01	6.27338962e+01	6.27304286e+01	6.27269836e+01	6.27235619e+01	6.27201641e+01	6.27167907e+01	6.27134423e+01	6.27101192e+01	6.27068218e+01	6.27035506e+01	6.27003058e+01	6.26970877e+01	6.26938965e+01	6.26907326e+01	6.26875959e+01	6.26844868e+01	6.26814052e+01	6.26783515e+01	6.26753255e+01	6.26723274e+01	6.26693572e+01	6.26664149e+01	6.26635005e+01	6.26606141e+01	6.26577555e+01	6.26549248e+01	6.26521218e+01	6.26493466e+01	6.26465990e+01	6.26438788e+01	6.26411862e+01	6.26385208e+01	6.26358826e+01	6.26332715e+01	6.26306873e+01	6.26281298e+01	6.26255990e+01	6.26230947e+01	6.26206166e+01	6.26181647e+01	6.26157388e+01	6.26133386e+01	6.26109641e+01	6.26086150e+01	6.26062911e+01	6.26039923e+01	6.26017183e+01	6.25994691e+01	6.25972442e+01	6.25950437e+01	6.25928672e+01	6.25907146e+01	6.25885857e+01	6.25864802e+01	6.25843980e+01	6.25823388e+01	6.25803025e+01	6.25782889e+01	6.25762977e+01	6.25743287e+01	6.25723818e+01	6.25704566e+01	6.25685531e+01	6.25666711e+01	6.25648102e+01	6.25629703e+01	6.25611512e+01	6.25593528e+01	6.25575747e+01	6.25558168e+01	6.25540789e+01	6.25523607e+01	6.25506622e+01	6.25489831e+01	6.25473231e+01	6.25456822e+01	6.25440601e+01	6.25424565e+01	6.25408714e+01	6.25393045e+01	6.25377556e+01	6.25362246e+01	6.25347113e+01	6.25332154e+01	6.25317368e+01	6.25302752e+01	6.25288306e+01	6.25274028e+01	6.25259915e+01	6.25245965e+01	6.25232178e+01	6.25218551e+01	6.25205082e+01	6.25191770e+01	6.25178614e+01	6.25165610e+01	6.25152758e+01	6.25140057e+01	6.25127503e+01	6.25115097e+01	6.25102835e+01
2	3	1.69813813e+02	1.76518211e+02	1.81786683e+02	1.85650111e+02	1.88151854e+02	1.89347481e+02	1.89304371e+02	1.88101161e+02	1.85827013e+02	1.82580653e+02	1.78469170e+02	1.73606528e+02	1.68111797e+02	1.62107093e+02	1.55715272e+02	1.49057429e+02	1.42250312e+02	1.35403749e+02	1.28618249e+02	1.21982914e+02	1.15573802e+02	1.09452847e+02	1.03667408e+02	9.82504431e+01	9.32212828e+01	8.85868904e+01	8.43434908e+01	8.04784240e+01	7.69720933e+01	7.37998953e+01	7.09340545e+01	6.83453102e+01	6.60044256e+01	6.38835006e+01	6.19570707e+01	6.02029739e+01	5.86029644e+01	5.71430588e+01	5.58136098e+01	5.46091209e+01	5.35278333e+01	5.25711339e+01	5.17428414e+01	5.10484291e+01	5.04942329e+01	5.00866787e+01	4.98315491e+01	4.97332911e+01	4.97943659e+01	5.00146408e+01	5.03908372e+01	5.09160701e+01	5.15795349e+01	5.23664131e+01	5.32580616e+01	5.42325107e+01	5.52652135e+01	5.63298863e+01	5.73991927e+01	5.84450372e+01	5.94384038e+01	6.03489855e+01	6.11451572e+01	6.17949486e+01	6.22684163e+01	6.25412767e+01	6.25990814e+01	6.24408811e+01	6.20813604e+01	6.15507900e+01	6.08926596e+01	6.01593488e+01	5.94065513e+01	5.86873357e+01	5.80467144e+01	5.75174468e+01	5.71175768e+01	5.68499513e+01	5.67037011e+01	5.66574116e+01	5.66834548e+01	5.67527512e+01	5.68391266e+01	5.69225011e+01	5.69904182e+01	5.70378350e+01	5.70655282e+01	5.70777751e+01	5.70800401e+01	5.70772357e+01	5.70728167e+01	5.70686461e+01	5.70653576e+01	5.70628857e+01	5.70609189e+01	5.70591651e+01	5.70574449e+01	5.70556809e+01	5.70538539e+01	5.70519670e+01	5.70500269e+01	5.70480383e+01	5.70460042e+01	5.70439270e+01	5.70418085e+01	5.70396508e+01	5.70374561e+01	5.70352263e+01	5.70329635e+01	5.70306699e+01	5.70283475e+01	5.70259983e+01	5.70236243e+01	5.70212275e+01	5.70188098e+01	5.70163732e+01	5.70139194e+01	5.70114502e+01	5.70089675e+01	5.70064728e+01	5.70039677e+01	5.70014539e+01	5.69989329e+01	5.69964060e+01	5.69938748e+01	5.69913404e+01	5.69888043e+01	5.69862676e+01	5.69837315e+01	5.69811972e+01	5.69786656e+01	5.69761378e+01	5.69736147e+01	5.69710974e+01	5.69685865e+01	5.69660830e+01	5.69635877e+01	5.69611012e+01	5.69586243e+01	5.69561576e+01	5.69537018e+01	5.69512573e+01	5.69488249e+01	5.69464049e+01	5.69439980e+01	5.69416044e+01	5.69392247e+01	5.69368593e+01	5.69345084e+01	5.69321726e+01	5.69298520e+01	5.69275469e+01	5.69252578e+01	5.69229847e+01	5.69207280e+01	5.69184878e+01	5.69162643e+01	5.69140578e+01	5.69118683e+01	5.69096960e+01	5.69075411e+01	5.69054037e+01	5.69032838e+01	5.69011816e+01	5.68990971e+01	5.68970303e+01	5.68949814e+01	5.68929504e+01	5.68909373e+01	5.68889422e+01	5.68869649e+01	5.68850057e+01	5.68830643e+01	5.68811409e+01	5.68792354e+01	5.68773478e+01	5.68754780e+01	5.68736260e+01	5.68717918e+01	5.68699752e+01	5.68681764e+01	5.68663951e+01	5.68646313e+01	5.68628850e+01	5.68611560e+01	5.68594444e+01	5.68577499e+01	5.68560726e+01	5.68544123e+01	5.68527689e+01	5.68511424e+01	5.68495326e+01	5.68479394e+01	5.68463628e+01	5.68448026e+01	5.68432587e+01	5.68417311e+01	5.68402195e+01	5.68387239e+01	5.68372441e+01	5.68357802e+01	5.68343318e+01	5.68328990e+01	5.68314815e+01	5.68300793e+01	5.68286923e+01	5.68273203e+01	5.68259632e+01	5.68246209e+01	5.68232932e+01	5.68219800e+01	5.68206813e+01	5.68193968e+01	5.68181265e+01	5.68168703e+01	5.68156279e+01	5.68143993e+01	5.68131843e+01	5.68119829e+01	5.68107949e+01	5.68096201e+01	5.68084585e+01	5.68073100e+01	5.68061743e+01
2	4	2.39679707e+02	2.49564998e+02	2.57639543e+02	2.63933835e+02	2.68493206e+02	2.71377590e+02	2.72661164e+02	2.72431858e+02	2.70790689e+02	2.67850877e+02	2.63736695e+02	2.58582007e+02	2.52528462e+02	2.45723312e+02	2.38316889e+02	2.30459754e+02	2.22299624e+02	2.13978188e+02	2.05627979e+02	1.97369469e+02	1.89308588e+02	1.81534835e+02	1.74120097e+02	1.67118265e+02	1.60565630e+02	1.54481998e+02	1.48872384e+02	1.43729135e+02	1.39034298e+02	1.34762081e+02	1.30881283e+02	1.27357607e+02	1.24155784e+02	1.21241474e+02	1.18582903e+02	1.16152200e+02	1.13926386e+02	1.11887999e+02	1.10025327e+02	1.08332256e+02	1.06807792e+02	1.05455280e+02	1.04281443e+02	1.03295277e+02	1.02506910e+02	1.01926459e+02	1.01562930e+02	1.01423170e+02	1.01510895e+02	1.01825792e+02	1.02362747e+02	1.03111229e+02	1.04054937e+02	1.05171786e+02	1.06434317e+02	1.07810544e+02	1.09265138e+02	1.10760698e+02	1.12258756e+02	1.13720196e+02	1.15105008e+02	1.16371726e+02	1.17477326e+02	1.18378484e+02	1.19034725e+02	1.19413286e+02	1.19494711e+02	1.19277795e+02	1.18782525e+02	1.18050136e+02	1.17140068e+02	1.16124257e+02	1.15079640e+02	1.14080010e+02	1.13188419e+02	1.12451154e+02	1.11894061e+02	1.11521663e+02	1.11319106e+02	1.11256582e+02	1.11295436e+02	1.11394919e+02	1.11518344e+02	1.11637578e+02	1.11735180e+02	1.11804099e+02	1.11845424e+02	1.11865144e+02	1.11870902e+02	1.11869570e+02	1.11865978e+02	1.11862729e+02	1.11860707e+02	1.11859815e+02	1.11859614e+02	1.11859690e+02	1.11859789e+02	1.11859799e+02	1.11859690e+02	1.11859464e+02	1.11859127e+02	1.11858685e+02	1.11858138e+02	1.11857489e+02	1.11856738e+02	1.11855888e+02	1.11854940e+02	1.11853896e+02	1.11852758e+02	1.11851529e+02	1.11850211e+02	1.11848807e+02	1.11847321e+02	1.11845754e+02	1.11844110e+02	1.11842392e+02	1.11840602e+02	1.11838745e+02	1.11836822e+02	1.11834838e+02	1.11832794e+02	1.11830695e+02	1.11828543e+02	1.11826340e+02	1.11824091e+02	1.11821797e+02	1.11819461e+02	1.11817086e+02	1.11814675e+02	1.11812231e+02	1.11809754e+02	1.11807249e+02	1.11804717e+02	1.11802161e+02	1.11799582e+02	1.11796983e+02	1.11794366e+02	1.11791732e+02	1.11789084e+02	1.11786423e+02	1.11783751e+02	1.11781070e+02	1.11778381e+02	1.11775686e+02	1.11772986e+02	1.11770282e+02	1.11767576e+02	1.11764869e+02	1.11762163e+02	1.11759458e+02	1.11756755e+02	1.11754056e+02	1.11751362e+02	1.11748673e+02	1.11745991e+02	1.11743315e+02	1.11740648e+02	1.11737990e+02	1.11735341e+02	1.11732702e+02	1.11730075e+02	1.11727458e+02	1.11724854e+02	1.11722263e+02	1.11719684e+02	1.11717119e+02	1.11714569e+02	1.11712032e+02	1.11709511e+02	1.11707005e+02	1.11704515e+02	1.11702040e+02	1.11699582e+02	1.11697140e+02	1.11694716e+02	1.11692308e+02	1.11689917e+02	1.11687545e+02	1.11685189e+02	1.11682852e+02	1.11680532e+02	1.11678231e+02	1.11675948e+02	1.11673683e+02	1.11671437e+02	1.11669210e+02	1.11667001e+02	1.11664811e+02	1.11662639e+02	1.11660487e+02	1.11658353e+02	1.11656238e+02	1.11654142e+02	1.11652065e+02	1.11650006e+02	1.11647967e+02	1.11645946e+02	1.11643944e+02	1.11641961e+02	1.11639997e+02	1.11638051e+02	1.11636125e+02	1.11634216e+02	1.11632326e+02	1.11630455e+02	1.11628602e+02	1.11626767e+02	1.11624951e+02	1.11623152e+02	1.11621372e+02	1.11619609e+02	1.11617865e+02	1.11616138e+02	1.11614429e+02	1.11612737e+02	1.11611063e+02	1.11609407e+02	1.11607767e+02	1.11606145e+02	1.11604539e+02	1.11602951e+02	1.11601379e+02	1.11599824e+02	1.11598285e+02
3	6	2.96829594e+02	3.08088697e+02	3.17316456e+02	3.24547070e+02	3.29830897e+02	3.33234168e+02	3.34838603e+02	3.34740898e+02	3.33052043e+02	3.29896421e+02	3.25410644e+02	3.19742044e+02	3.13046805e+02	3.05487684e+02	2.97231322e+02	2.88445197e+02	2.79294278e+02	2.69937525e+02	2.60524385e+02	2.51191506e+02	2.42059865e+02	2.33232509e+02	2.24793083e+02	2.16805217e+02	2.09312812e+02	2.02341130e+02	1.95898580e+02	1.89979005e+02	1.84564281e+02	1.79627055e+02	1.75133479e+02	1.71045833e+02	1.67324966e+02	1.63932509e+02	1.60832798e+02	1.57994468e+02	1.55391655e+02	1.53004778e+02	1.50820858e+02	1.48833394e+02	1.47041829e+02	1.45450672e+02	1.44068367e+02	1.42906012e+02	1.41975994e+02	1.41290629e+02	1.40860840e+02	1.40694900e+02	1.40797263e+02	1.41167498e+02	1.41799375e+02	1.42680169e+02	1.43790271e+02	1.45103226e+02	1.46586279e+02	1.48201424e+02	1.49906854e+02	1.51658484e+02	1.53411157e+02	1.55119133e+02	1.56735794e+02	1.58212968e+02	1.59500786e+02	1.60549111e+02	1.61311155e+02	1.61749078e+02	1.61840441e+02	1.61583917e+02	1.61002704e+02	1.60144643e+02	1.59078770e+02	1.57888764e+02	1.56664297e+02	1.55491580e+02	1.54444455e+02	1.53577286e+02	1.52920564e+02	1.52479793e+02	1.52237720e+02	1.52159501e+02	1.52199889e+02	1.52311162e+02	1.52450363e+02	1.52584561e+02	1.52693358e+02	1.52768517e+02	1.52811334e+02	1.52828829e+02	1.52829962e+02	1.52822783e+02	1.52812954e+02	1.52803531e+02	1.52795555e+02	1.52788923e+02	1.52783128e+02	1.52777696e+02	1.52772337e+02	1.52766927e+02	1.52761438e+02	1.52755878e+02	1.52750261e+02	1.52744597e+02	1.52738893e+02	1.52733156e+02	1.52727390e+02	1.52721600e+02	1.52715792e+02	1.52709970e+02	1.52704139e+02	1.52698302e+02	1.52692466e+02	1.52686632e+02	1.52680805e+02	1.52674988e+02	1.52669186e+02	1.52663400e+02	1.52657634e+02	1.52651891e+02	1.52646173e+02	1.52640482e+02	1.52634821e+02	1.52629192e+02	1.52623596e+02	1.52618036e+02	1.52612512e+02	1.52607027e+02	1.52601581e+02	1.52596176e+02	1.52590813e+02	1.52585493e+02	1.52580216e+02	1.52574984e+02	1.52569796e+02	1.52564654e+02	1.52559558e+02	1.52554509e+02	1.52549507e+02	1.52544551e+02	1.52539643e+02	1.52534782e+02	1.52529969e+02	1.52525204e+02	1.52520487e+02	1.52515817e+02	1.52511195e+02	1.52506620e+02	1.52502093e+02	1.52497613e+02	1.52493181e+02	1.52488795e+02	1.52484457e+02	1.52480165e+02	1.52475919e+02	1.52471719e+02	1.52467565e+02	1.52463456e+02	1.52459392e+02	1.52455374e+02	1.52451400e+02	1.52447469e+02	1.52443583e+02	1.52439740e+02	1.52435941e+02	1.52432184e+02	1.52428469e+02	1.52424796e+02	1.52421165e+02	1.52417576e+02	1.52414027e+02	1.52410518e+02	1.52407050e+02	1.52403621e+02	1.52400231e+02	1.52396881e+02	1.52393569e+02	1.52390295e+02	1.52387059e+02	1.52383860e+02	1.52380698e+02	1.52377573e+02	1.52374484e+02	1.52371431e+02	1.52368413e+02	1.52365431e+02	1.52362483e+02	1.52359569e+02	1.52356690e+02	1.52353844e+02	1.52351031e+02	1.52348251e+02	1.52345504e+02	1.52342789e+02	1.52340105e+02	1.52337453e+02	1.52334832e+02	1.52332242e+02	1.52329683e+02	1.52327153e+02	1.52324653e+02	1.52322183e+02	1.52319741e+02	1.52317328e+02	1.52314944e+02	1.52312588e+02	1.52310260e+02	1.52307959e+02	1.52305685e+02	1.52303438e+02	1.52301218e+02	1.52299024e+02	1.52296855e+02	1.52294713e+02	1.52292595e+02	1.52290503e+02	1.52288436e+02	1.52286393e+02	1.52284374e+02	1.52282379e+02	1.52280408e+02	1.52278460e+02	1.52276535e+02	1.52274633e+02	1.52272754e+02	1.52270897e+02
3	7	3.46052705e+02	3.58866098e+02	3.69446481e+02	3.77829871e+02	3.84069648e+02	3.88236257e+02	3.90416810e+02	3.90714580e+02	3.89248328e+02	3.86151416e+02	3.81570641e+02	3.75664728e+02	3.68602416e+02	3.60560107e+02	3.51719054e+02	3.42262128e+02	3.32370224e+02	3.22218451e+02	3.11972277e+02	3.01783842e+02	2.91788689e+02	2.82103133e+02	2.72822460e+02	2.64020083e+02	2.55747677e+02	2.48036245e+02	2.40897973e+02	2.34328667e+02	2.28310583e+02	2.22815425e+02	2.17807370e+02	2.13245987e+02	2.09088971e+02	2.05294633e+02	2.01824084e+02	1.98643047e+02	1.95723257e+02	1.93043364e+02	1.90589342e+02	1.88354376e+02	1.86338293e+02	1.84546593e+02	1.82989187e+02	1.81678955e+02	1.80630202e+02	1.79857111e+02	1.79372235e+02	1.79185059e+02	1.79300669e+02	1.79718542e+02	1.80431518e+02	1.81425022e+02	1.82676661e+02	1.84156303e+02	1.85826724e+02	1.87644849e+02	1.89563410e+02	1.91532695e+02	1.93501908e+02	1.95419731e+02	1.97233979e+02	1.98890831e+02	2.00334650e+02	2.01509550e+02	2.02363417e+02	2.02854118e+02	2.02956685e+02	2.02669665e+02	2.02018945e+02	2.01057918e+02	1.99863695e+02	1.98529856e+02	1.97156822e+02	1.95841290e+02	1.94666230e+02	1.93692844e+02	1.92955569e+02	1.92460752e+02	1.92189124e+02	1.92101592e+02	1.92147331e+02	1.92272718e+02	1.92429479e+02	1.92580615e+02	1.92703209e+02	1.92788010e+02	1.92836477e+02	1.92856496e+02	1.92858132e+02	1.92850427e+02	1.92839742e+02	1.92829508e+02	1.92820894e+02	1.92813783e+02	1.92807607e+02	1.92801831e+02	1.92796130e+02	1.92790363e+02	1.92784500e+02	1.92778549e+02	1.92772525e+02	1.92766440e+02	1.92760301e+02	1.92754116e+02	1.92747890e+02	1.92741630e+02	1.92735340e+02	1.92729026e+02	1.92722693e+02	1.92716347e+02	1.92709993e+02	1.92703634e+02	1.92697276e+02	1.92690923e+02	1.92684578e+02	1.92678246e+02	1.92671930e+02	1.92665633e+02	1.92659358e+02	1.92653109e+02	1.92646888e+02	1.92640697e+02	1.92634539e+02	1.92628416e+02	1.92622331e+02	1.92616284e+02	1.92610277e+02	1.92604312e+02	1.92598391e+02	1.92592514e+02	1.92586683e+02	1.92580899e+02	1.92575162e+02	1.92569474e+02	1.92563834e+02	1.92558244e+02	1.92552705e+02	1.92547216e+02	1.92541778e+02	1.92536391e+02	1.92531055e+02	1.92525772e+02	1.92520540e+02	1.92515359e+02	1.92510231e+02	1.92505155e+02	1.92500130e+02	1.92495157e+02	1.92490236e+02	1.92485366e+02	1.92480547e+02	1.92475779e+02	1.92471063e+02	1.92466396e+02	1.92461780e+02	1.92457214e+02	1.92452698e+02	1.92448230e+02	1.92443812e+02	1.92439443e+02	1.92435122e+02	1.92430849e+02	1.92426623e+02	1.92422444e+02	1.92418313e+02	1.92414227e+02	1.92410188e+02	1.92406194e+02	1.92402246e+02	1.92398342e+02	1.92394483e+02	1.92390667e+02	1.92386895e+02	1.92383166e+02	1.92379480e+02	1.92375836e+02	1.92372234e+02	1.92368674e+02	1.92365154e+02	1.92361675e+02	1.92358236e+02	1.92354837e+02	1.92351477e+02	1.92348156e+02	1.92344874e+02	1.92341630e+02	1.92338423e+02	1.92335254e+02	1.92332121e+02	1.92329026e+02	1.92325966e+02	1.92322942e+02	1.92319953e+02	1.92317000e+02	1.92314081e+02	1.92311196e+02	1.92308344e+02	1.92305527e+02	1.92302742e+02	1.92299990e+02	1.92297270e+02	1.92294583e+02	1.92291927e+02	1.92289302e+02	1.92286708e+02	1.92284144e+02	1.92281611e+02	1.92279108e+02	1.92276634e+02	1.92274189e+02	1.92271773e+02	1.92269386e+02	1.92267027e+02	1.92264696e+02	1.92262392e+02	1.92260116e+02	1.92257866e+02	1.92255643e+02	1.92253446e+02	1.92251276e+02	1.92249131e+02	1.92247011e+02	1.92244917e+02	1.92242847e+02
4	7	3.00758737e+02	3.11384393e+02	3.20005213e+02	3.26658007e+02	3.31395537e+02	3.34286196e+02	3.35413588e+02	3.34875973e+02	3.32785549e+02	3.29267510e+02	3.24458836e+02	3.18506759e+02	3.11566855e+02	3.03800753e+02	2.95373444e+02	2.86450247e+02	2.77193510e+02	2.67759168e+02	2.58293337e+02	2.48929138e+02	2.39783950e+02	2.30957293e+02	2.22529477e+02	2.14561111e+02	2.07093465e+02	2.00149620e+02	1.93736265e+02	1.87845964e+02	1.82459708e+02	1.77549593e+02	1.73081473e+02	1.69017520e+02	1.65318599e+02	1.61946433e+02	1.58865478e+02	1.56044499e+02	1.53457743e+02	1.51085717e+02	1.48915491e+02	1.46940582e+02	1.45160412e+02	1.43579438e+02	1.42206032e+02	1.41051199e+02	1.40127230e+02	1.39446347e+02	1.39019389e+02	1.38854569e+02	1.38956308e+02	1.39324181e+02	1.39952005e+02	1.40827147e+02	1.41930141e+02	1.43234720e+02	1.44708352e+02	1.46313292e+02	1.48008006e+02	1.49748697e+02	1.51490492e+02	1.53187933e+02	1.54794685e+02	1.56262859e+02	1.57542881e+02	1.58584902e+02	1.59342405e+02	1.59777765e+02	1.59868673e+02	1.59613805e+02	1.59036227e+02	1.58183496e+02	1.57124241e+02	1.55941639e+02	1.54724820e+02	1.53559460e+02	1.52518943e+02	1.51657283e+02	1.51004773e+02	1.50566871e+02	1.50326427e+02	1.50248812e+02	1.50289060e+02	1.50399747e+02	1.50538184e+02	1.50671648e+02	1.50779866e+02	1.50854651e+02	1.50897292e+02	1.50914766e+02	1.50915973e+02	1.50908915e+02	1.50899219e+02	1.50889920e+02	1.50882053e+02	1.50875516e+02	1.50869804e+02	1.50864448e+02	1.50859158e+02	1.50853811e+02	1.50848380e+02	1.50842872e+02	1.50837303e+02	1.50831682e+02	1.50826016e+02	1.50820313e+02	1.50814576e+02	1.50808812e+02	1.50803026e+02	1.50797223e+02	1.50791407e+02	1.50785584e+02	1.50779757e+02	1.50773932e+02	1.50768111e+02	1.50762299e+02	1.50756499e+02	1.50750715e+02	1.50744949e+02	1.50739205e+02	1.50733486e+02	1.50727794e+02	1.50722131e+02	1.50716499e+02	1.50710901e+02	1.50705339e+02	1.50699813e+02	1.50694326e+02	1.50688879e+02	1.50683473e+02	1.50678110e+02	1.50672790e+02	1.50667514e+02	1.50662283e+02	1.50657098e+02	1.50651959e+02	1.50646867e+02	1.50641823e+02	1.50636826e+02	1.50631877e+02	1.50626976e+02	1.50622124e+02	1.50617320e+02	1.50612564e+02	1.50607857e+02	1.50603199e+02	1.50598589e+02	1.50594028e+02	1.50589514e+02	1.50585049e+02	1.50580632e+02	1.50576262e+02	1.50571940e+02	1.50567665e+02	1.50563437e+02	1.50559256e+02	1.50555121e+02	1.50551032e+02	1.50546989e+02	1.50542991e+02	1.50539038e+02	1.50535130e+02	1.50531266e+02	1.50527446e+02	1.50523669e+02	1.50519935e+02	1.50516244e+02	1.50512596e+02	1.50508989e+02	1.50505424e+02	1.50501900e+02	1.50498417e+02	1.50494974e+02	1.50491571e+02	1.50488207e+02	1.50484883e+02	1.50481597e+02	1.50478349e+02	1.50475140e+02	1.50471967e+02	1.50468832e+02	1.50465734e+02	1.50462672e+02	1.50459646e+02	1.50456655e+02	1.50453699e+02	1.50450778e+02	1.50447892e+02	1.50445039e+02	1.50442220e+02	1.50439435e+02	1.50436682e+02	1.50433961e+02	1.50431273e+02	1.50428616e+02	1.50425991e+02	1.50423397e+02	1.50420833e+02	1.50418300e+02	1.50415797e+02	1.50413323e+02	1.50410879e+02	1.50408464e+02	1.50406077e+02	1.50403718e+02	1.50401388e+02	1.50399085e+02	1.50396810e+02	1.50394561e+02	1.50392339e+02	1.50390144e+02	1.50387975e+02	1.50385831e+02	1.50383713e+02	1.50381620e+02	1.50379552e+02	1.50377509e+02	1.50375489e+02	1.50373494e+02	1.50371523e+02	1.50369575e+02	1.50367650e+02	1.50365748e+02	1.50363869e+02	1.50362012e+02	1.50360178e+02
4	9	3.92424034e+02	4.05533805e+02	4.16289441e+02	4.24732384e+02	4.30922096e+02	4.34935689e+02	4.36867479e+02	4.36828418e+02	4.34945369e+02	4.31360170e+02	4.26228410e+02	4.19717851e+02	4.12006443e+02	4.03279873e+02	3.93728643e+02	3.83544700e+02	3.72917708e+02	3.62031073e+02	3.51057936e+02	3.40157348e+02	3.29470875e+02	3.19119883e+02	3.09203690e+02	2.99798714e+02	2.90958653e+02	2.82715610e+02	2.75082041e+02	2.68053295e+02	2.61610546e+02	2.55723903e+02	2.50355551e+02	2.45462783e+02	2.41000874e+02	2.36925696e+02	2.33196044e+02	2.29775583e+02	2.26634354e+02	2.23749770e+02	2.21107067e+02	2.18699214e+02	2.16526303e+02	2.14594527e+02	2.12914822e+02	2.11501312e+02	2.10369643e+02	2.09535301e+02	2.09011976e+02	2.08810002e+02	2.08934907e+02	2.09386104e+02	2.10155779e+02	2.11228070e+02	2.12578639e+02	2.14174781e+02	2.15976155e+02	2.17936143e+02	2.20003664e+02	2.22125070e+02	2.24245631e+02	2.26310131e+02	2.28262495e+02	2.30044955e+02	2.31597844e+02	2.32861260e+02	2.33779368e+02	2.34307037e+02	2.34417530e+02	2.34109308e+02	2.33410135e+02	2.32377285e+02	2.31093510e+02	2.29659305e+02	2.28182604e+02	2.26767426e+02	2.25503117e+02	2.24455659e+02	2.23662241e+02	2.23129802e+02	2.22837659e+02	2.22743753e+02	2.22793362e+02	2.22928739e+02	2.23097896e+02	2.23260989e+02	2.23393344e+02	2.23485001e+02	2.23537530e+02	2.23559423e+02	2.23561517e+02	2.23553545e+02	2.23542356e+02	2.23531643e+02	2.23522665e+02	2.23515294e+02	2.23508918e+02	2.23502962e+02	2.23497074e+02	2.23491103e+02	2.23485015e+02	2.23478820e+02	2.23472534e+02	2.23466169e+02	2.23459735e+02	2.23453239e+02	2.23446687e+02	2.23440087e+02	2.23433443e+02	2.23426764e+02	2.23420055e+02	2.23413321e+02	2.23406570e+02	2.23399806e+02	2.23393034e+02	2.23386260e+02	2.23379489e+02	2.23372724e+02	2.23365972e+02	2.23359234e+02	2.23352516e+02	2.23345821e+02	2.23339152e+02	2.23332513e+02	2.23325905e+02	2.23319333e+02	2.23312798e+02	2.23306303e+02	2.23299849e+02	2.23293440e+02	2.23287075e+02	2.23280758e+02	2.23274488e+02	2.23268269e+02	2.23262100e+02	2.23255983e+02	2.23249918e+02	2.23243907e+02	2.23237950e+02	2.23232048e+02	2.23226200e+02	2.23220409e+02	2.23214673e+02	2.23208993e+02	2.23203369e+02	2.23197802e+02	2.23192292e+02	2.23186837e+02	2.23181439e+02	2.23176098e+02	2.23170813e+02	2.23165583e+02	2.23160410e+02	2.23155292e+02	2.23150230e+02	2.23145223e+02	2.23140270e+02	2.23135372e+02	2.23130528e+02	2.23125738e+02	2.23121001e+02	2.23116317e+02	2.23111686e+02	2.23107107e+02	2.23102579e+02	2.23098103e+02	2.23093678e+02	2.23089304e+02	2.23084979e+02	2.23080704e+02	2.23076477e+02	2.23072300e+02	2.23068170e+02	2.23064088e+02	2.23060054e+02	2.23056066e+02	2.23052124e+02	2.23048228e+02	2.23044378e+02	2.23040572e+02	2.23036810e+02	2.23033093e+02	2.23029419e+02	2.23025787e+02	2.23022199e+02	2.23018652e+02	2.23015147e+02	2.23011683e+02	2.23008260e+02	2.23004877e+02	2.23001534e+02	2.22998230e+02	2.22994965e+02	2.22991738e+02	2.22988550e+02	2.22985399e+02	2.22982285e+02	2.22979208e+02	2.22976168e+02	2.22973163e+02	2.22970194e+02	2.22967260e+02	2.22964361e+02	2.22961496e+02	2.22958665e+02	2.22955868e+02	2.22953103e+02	2.22950372e+02	2.22947673e+02	2.22945006e+02	2.22942370e+02	2.22939766e+02	2.22937193e+02	2.22934650e+02	2.22932138e+02	2.22929655e+02	2.22927202e+02	2.22924778e+02	2.22922383e+02	2.22920016e+02	2.22917678e+02	2.22915367e+02	2.22913084e+02	2.22910828e+02	2.22908598e+02	2.22906396e+02
5	10	3.96860772e+02	4.09246160e+02	4.19307690e+02	4.27089744e+02	4.32654482e+02	4.36081446e+02	4.37467060e+02	4.36924033e+02	4.34580584e+02	4.30579463e+02	4.25076677e+02	4.18239879e+02	4.10246340e+02	4.01280481e+02	3.91530942e+02	3.81187231e+02	3.70436038e+02	3.59457336e+02	3.48420478e+02	3.37480493e+02	3.26774851e+02	3.16420897e+02	3.06514156e+02	2.97127615e+02	2.88311997e+02	2.80096950e+02	2.72493004e+02	2.65494086e+02	2.59080398e+02	2.53221443e+02	2.47879085e+02	2.43010504e+02	2.38570989e+02	2.34516506e+02	2.30805979e+02	2.27403205e+02	2.24278343e+02	2.21408894e+02	2.18780147e+02	2.16385086e+02	2.14223786e+02	2.12302386e+02	2.10631749e+02	2.09225907e+02	2.08100406e+02	2.07270638e+02	2.06750208e+02	2.06549389e+02	2.06673676e+02	2.07122487e+02	2.07888058e+02	2.08954620e+02	2.10297981e+02	2.11885625e+02	2.13677442e+02	2.15627076e+02	2.17683726e+02	2.19794037e+02	2.21903568e+02	2.23957390e+02	2.25899716e+02	2.27673071e+02	2.29218081e+02	2.30475145e+02	2.31388699e+02	2.31913834e+02	2.32023943e+02	2.31717492e+02	2.31022108e+02	2.29994776e+02	2.28717835e+02	2.27291268e+02	2.25822456e+02	2.24414878e+02	2.23157412e+02	2.22115685e+02	2.21326687e+02	2.20797311e+02	2.20506979e+02	2.20413851e+02	2.20463490e+02	2.20598452e+02	2.20767023e+02	2.20929567e+02	2.21061538e+02	2.21153028e+02	2.21205598e+02	2.21227695e+02	2.21230096e+02	2.21222486e+02	2.21211674e+02	2.21201334e+02	2.21192718e+02	2.21185699e+02	2.21179667e+02	2.21174047e+02	2.21168491e+02	2.21162848e+02	2.21157083e+02	2.21151206e+02	2.21145232e+02	2.21139174e+02	2.21133039e+02	2.21126836e+02	2.21120571e+02	2.21114250e+02	2.21107879e+02	2.21101465e+02	2.21095014e+02	2.21088531e+02	2.21082024e+02	2.21075497e+02	2.21068955e+02	2.21062405e+02	2.21055851e+02	2.21049297e+02	2.21042748e+02	2.21036208e+02	2.21029682e+02	2.21023173e+02	2.21016685e+02	2.21010221e+02	2.21003783e+02	2.20997376e+02	2.20991001e+02	2.20984661e+02	2.20978358e+02	2.20972095e+02	2.20965873e+02	2.20959694e+02	2.20953559e+02	2.20947470e+02	2.20941429e+02	2.20935436e+02	2.20929492e+02	2.20923599e+02	2.20917756e+02	2.20911966e+02	2.20906228e+02	2.20900542e+02	2.20894910e+02	2.20889332e+02	2.20883807e+02	2.20878337e+02	2.20872921e+02	2.20867559e+02	2.20862251e+02	2.20856998e+02	2.20851800e+02	2.20846655e+02	2.20841565e+02	2.20836529e+02	2.20831546e+02	2.20826617e+02	2.20821741e+02	2.20816918e+02	2.20812147e+02	2.20807429e+02	2.20802764e+02	2.20798149e+02	2.20793586e+02	2.20789074e+02	2.20784613e+02	2.20780202e+02	2.20775840e+02	2.20771528e+02	2.20767264e+02	2.20763049e+02	2.20758883e+02	2.20754763e+02	2.20750691e+02	2.20746666e+02	2.20742687e+02	2.20738753e+02	2.20734865e+02	2.20731022e+02	2.20727223e+02	2.20723469e+02	2.20719758e+02	2.20716090e+02	2.20712465e+02	2.20708881e+02	2.20705340e+02	2.20701840e+02	2.20698381e+02	2.20694962e+02	2.20691584e+02	2.20688244e+02	2.20684945e+02	2.20681683e+02	2.20678460e+02	2.20675275e+02	2.20672127e+02	2.20669017e+02	2.20665943e+02	2.20662905e+02	2.20659903e+02	2.20656936e+02	2.20654005e+02	2.20651107e+02	2.20648245e+02	2.20645415e+02	2.20642620e+02	2.20639857e+02	2.20637127e+02	2.20634430e+02	2.20631764e+02	2.20629130e+02	2.20626527e+02	2.20623955e+02	2.20621413e+02	2.20618902e+02	2.20616420e+02	2.20613968e+02	2.20611545e+02	2.20609150e+02	2.20606784e+02	2.20604446e+02	2.20602136e+02	2.20599854e+02	2.20597598e+02	2.20595369e+02	2.20593167e+02	2.20590991e+02
4	10	4.33847485e+02	4.47808559e+02	4.59278018e+02	4.68300212e+02	4.74938301e+02	4.79273852e+02	4.81406368e+02	4.81452702e+02	4.79546318e+02	4.75836337e+02	4.70486298e+02	4.63672549e+02	4.55582212e+02	4.46410657e+02	4.36358486e+02	4.25628019e+02	4.14419395e+02	4.02926402e+02	3.91332242e+02	3.79805474e+02	3.68496399e+02	3.57534147e+02	3.47024673e+02	3.37049808e+02	3.27667395e+02	3.18912444e+02	3.10799145e+02	3.03323527e+02	2.96466527e+02	2.90197267e+02	2.84476348e+02	2.79259072e+02	2.74498470e+02	2.70148100e+02	2.66164526e+02	2.62509413e+02	2.59151150e+02	2.56065940e+02	2.53238302e+02	2.50660987e+02	2.48334353e+02	2.46265269e+02	2.44465678e+02	2.42950922e+02	2.41737962e+02	2.40843561e+02	2.40282526e+02	2.40066021e+02	2.40200006e+02	2.40683832e+02	2.41509047e+02	2.42658524e+02	2.44106018e+02	2.45816304e+02	2.47745985e+02	2.49844971e+02	2.52058441e+02	2.54328895e+02	2.56597742e+02	2.58805945e+02	2.60893621e+02	2.62799132e+02	2.64458860e+02	2.65808971e+02	2.66789980e+02	2.67353819e+02	2.67472019e+02	2.67142955e+02	2.66396231e+02	2.65292924e+02	2.63921315e+02	2.62388678e+02	2.60810305e+02	2.59297398e+02	2.57945551e+02	2.56825428e+02	2.55976922e+02	2.55407545e+02	2.55095238e+02	2.54995029e+02	2.55048378e+02	2.55193498e+02	2.55374760e+02	2.55549535e+02	2.55691423e+02	2.55789770e+02	2.55846257e+02	2.55869971e+02	2.55872502e+02	2.55864264e+02	2.55852583e+02	2.55841409e+02	2.55832088e+02	2.55824484e+02	2.55817940e+02	2.55811841e+02	2.55805809e+02	2.55799683e+02	2.55793427e+02	2.55787050e+02	2.55780568e+02	2.55773996e+02	2.55767343e+02	2.55760617e+02	2.55753823e+02	2.55746970e+02	2.55740065e+02	2.55733114e+02	2.55726123e+02	2.55719101e+02	2.55712051e+02	2.55704982e+02	2.55697898e+02	2.55690805e+02	2.55683709e+02	2.55676614e+02	2.55669526e+02	2.55662449e+02	2.55655388e+02	2.55648346e+02	2.55641327e+02	2.55634335e+02	2.55627373e+02	2.55620444e+02	2.55613552e+02	2.55606698e+02	2.55599885e+02	2.55593115e+02	2.55586391e+02	2.55579714e+02	2.55573086e+02	2.55566508e+02	2.55559981e+02	2.55553508e+02	2.55547089e+02	2.55540724e+02	2.55534415e+02	2.55528163e+02	2.55521968e+02	2.55515831e+02	2.55509751e+02	2.55503730e+02	2.55497768e+02	2.55491864e+02	2.55486020e+02	2.55480235e+02	2.55474508e+02	2.55468841e+02	2.55463233e+02	2.55457684e+02	2.55452194e+02	2.55446762e+02	2.55441388e+02	2.55436072e+02	2.55430815e+02	2.55425614e+02	2.55420471e+02	2.55415384e+02	2.55410354e+02	2.55405380e+02	2.55400462e+02	2.55395598e+02	2.55390789e+02	2.55386035e+02	2.55381334e+02	2.55376687e+02	2.55372093e+02	2.55367551e+02	2.55363061e+02	2.55358623e+02	2.55354235e+02	2.55349898e+02	2.55345611e+02	2.55341374e+02	2.55337185e+02	2.55333046e+02	2.55328954e+02	2.55324910e+02	2.55320912e+02	2.55316962e+02	2.55313057e+02	2.55309198e+02	2.55305384e+02	2.55301615e+02	2.55297890e+02	2.55294209e+02	2.55290570e+02	2.55286975e+02	2.55283421e+02	2.55279910e+02	2.55276440e+02	2.55273010e+02	2.55269621e+02	2.55266272e+02	2.55262963e+02	2.55259692e+02	2.55256460e+02	2.55253267e+02	2.55250111e+02	2.55246992e+02	2.55243910e+02	2.55240865e+02	2.55237855e+02	2.55234882e+02	2.55231943e+02	2.55229040e+02	2.55226171e+02	2.55223335e+02	2.55220534e+02	2.55217766e+02	2.55215030e+02	2.55212327e+02	2.55209656e+02	2.55207017e+02	2.55204409e+02	2.55201832e+02	2.55199286e+02	2.55196770e+02	2.55194284e+02	2.55191828e+02	2.55189400e+02	2.55187002e+02	2.55184632e+02	2.55182290e+02
5	11	4.37594460e+02	4.50754033e+02	4.61457897e+02	4.69753480e+02	4.75706748e+02	4.79401761e+02	4.80940162e+02	4.80440545e+02	4.78037672e+02	4.73881471e+02	4.68135745e+02	4.60976524e+02	4.52589986e+02	4.43169918e+02	4.32914681e+02	4.22023732e+02	4.10693764e+02	3.99114623e+02	3.87465189e+02	3.75909468e+02	3.64593137e+02	3.53640810e+02	3.43154200e+02	3.33211319e+02	3.23866716e+02	3.15152699e+02	3.07081354e+02	2.99647177e+02	2.92830076e+02	2.86598551e+02	2.80912906e+02	2.75728363e+02	2.70998025e+02	2.66675602e+02	2.62717844e+02	2.59086602e+02	2.55750425e+02	2.52685636e+02	2.49876825e+02	2.47316768e+02	2.45005793e+02	2.42950702e+02	2.41163336e+02	2.39658913e+02	2.38454261e+02	2.37566014e+02	2.37008864e+02	2.36793892e+02	2.36927016e+02	2.37407591e+02	2.38227232e+02	2.39368940e+02	2.40806665e+02	2.42505438e+02	2.44422173e+02	2.46507133e+02	2.48705877e+02	2.50961298e+02	2.53215196e+02	2.55408925e+02	2.57482987e+02	2.59376138e+02	2.61025162e+02	2.62366624e+02	2.63341410e+02	2.63901751e+02	2.64019352e+02	2.63692598e+02	2.62950906e+02	2.61854964e+02	2.60492493e+02	2.58970079e+02	2.57402265e+02	2.55899525e+02	2.54556818e+02	2.53444333e+02	2.52601689e+02	2.52036339e+02	2.51726365e+02	2.51627091e+02	2.51680363e+02	2.51824803e+02	2.52005152e+02	2.52179063e+02	2.52320310e+02	2.52418308e+02	2.52474728e+02	2.52498593e+02	2.52501417e+02	2.52493546e+02	2.52482254e+02	2.52471466e+02	2.52462517e+02	2.52455272e+02	2.52449078e+02	2.52443322e+02	2.52437630e+02	2.52431841e+02	2.52425917e+02	2.52419868e+02	2.52413710e+02	2.52407456e+02	2.52401115e+02	2.52394695e+02	2.52388202e+02	2.52381643e+02	2.52375025e+02	2.52368354e+02	2.52361637e+02	2.52354881e+02	2.52348091e+02	2.52341275e+02	2.52334437e+02	2.52327584e+02	2.52320721e+02	2.52313853e+02	2.52306985e+02	2.52300122e+02	2.52293268e+02	2.52286428e+02	2.52279606e+02	2.52272805e+02	2.52266028e+02	2.52259280e+02	2.52252562e+02	2.52245879e+02	2.52239232e+02	2.52232623e+02	2.52226056e+02	2.52219531e+02	2.52213052e+02	2.52206618e+02	2.52200233e+02	2.52193897e+02	2.52187612e+02	2.52181378e+02	2.52175197e+02	2.52169069e+02	2.52162996e+02	2.52156977e+02	2.52151014e+02	2.52145106e+02	2.52139255e+02	2.52133460e+02	2.52127721e+02	2.52122040e+02	2.52116415e+02	2.52110847e+02	2.52105337e+02	2.52099883e+02	2.52094486e+02	2.52089146e+02	2.52083862e+02	2.52078635e+02	2.52073463e+02	2.52068348e+02	2.52063288e+02	2.52058283e+02	2.52053333e+02	2.52048438e+02	2.52043597e+02	2.52038810e+02	2.52034076e+02	2.52029395e+02	2.52024766e+02	2.52020190e+02	2.52015665e+02	2.52011192e+02	2.52006770e+02	2.52002398e+02	2.51998076e+02	2.51993803e+02	2.51989579e+02	2.51985404e+02	2.51981277e+02	2.51977197e+02	2.51973165e+02	2.51969179e+02	2.51965239e+02	2.51961345e+02	2.51957497e+02	2.51953693e+02	2.51949933e+02	2.51946217e+02	2.51942544e+02	2.51938915e+02	2.51935327e+02	2.51931782e+02	2.51928278e+02	2.51924816e+02	2.51921393e+02	2.51918011e+02	2.51914669e+02	2.51911366e+02	2.51908102e+02	2.51904876e+02	2.51901689e+02	2.51898538e+02	2.51895425e+02	2.51892349e+02	2.51889309e+02	2.51886305e+02	2.51883336e+02	2.51880403e+02	2.51877504e+02	2.51874639e+02	2.51871808e+02	2.51869011e+02	2.51866247e+02	2.51863515e+02	2.51860816e+02	2.51858149e+02	2.51855514e+02	2.51852909e+02	2.51850336e+02	2.51847793e+02	2.51845280e+02	2.51842798e+02	2.51840344e+02	2.51837920e+02	2.51835525e+02	2.51833158e+02	2.51830819e+02	2.51828508e+02
6	12	4.43436251e+02	4.55908032e+02	4.65949821e+02	4.73612042e+02	4.78963436e+02	4.82090586e+02	4.83097356e+02	4.82104230e+02	4.79247480e+02	4.74678116e+02	4.68560560e+02	4.61070945e+02	4.52395016e+02	4.42725557e+02	4.32259354e+02	4.21193730e+02	4.09722730e+02	3.98033102e+02	3.86300282e+02	3.74684602e+02	3.63327984e+02	3.52351351e+02	3.41852932e+02	3.31907587e+02	3.22567138e+02	3.13861636e+02	3.05801400e+02	2.98379613e+02	2.91575269e+02	2.85356280e+02	2.79682607e+02	2.74509308e+02	2.69789430e+02	2.65476696e+02	2.61527903e+02	2.57904956e+02	2.54576457e+02	2.51518769e+02	2.48716507e+02	2.46162454e+02	2.43856930e+02	2.41806713e+02	2.40023607e+02	2.38522790e+02	2.37321041e+02	2.36434951e+02	2.35879172e+02	2.35664758e+02	2.35797608e+02	2.36277083e+02	2.37094819e+02	2.38233863e+02	2.39668232e+02	2.41363046e+02	2.43275328e+02	2.45355462e+02	2.47549142e+02	2.49799394e+02	2.52048157e+02	2.54236918e+02	2.56306313e+02	2.58195238e+02	2.59840613e+02	2.61179145e+02	2.62151845e+02	2.62711049e+02	2.62828524e+02	2.62502655e+02	2.61762797e+02	2.60669503e+02	2.59310299e+02	2.57791530e+02	2.56227484e+02	2.54728378e+02	2.53388953e+02	2.52279235e+02	2.51438745e+02	2.50874918e+02	2.50565884e+02	2.50467068e+02	2.50520453e+02	2.50664801e+02	2.50844981e+02	2.51018743e+02	2.51159921e+02	2.51257955e+02	2.51314509e+02	2.51338587e+02	2.51341674e+02	2.51334092e+02	2.51323099e+02	2.51312608e+02	2.51303952e+02	2.51296996e+02	2.51291086e+02	2.51285611e+02	2.51280197e+02	2.51274683e+02	2.51269031e+02	2.51263250e+02	2.51257355e+02	2.51251361e+02	2.51245274e+02	2.51239102e+02	2.51232852e+02	2.51226530e+02	2.51220144e+02	2.51213698e+02	2.51207201e+02	2.51200658e+02	2.51194075e+02	2.51187460e+02	2.51180817e+02	2.51174153e+02	2.51167473e+02	2.51160782e+02	2.51154085e+02	2.51147388e+02	2.51140695e+02	2.51134011e+02	2.51127339e+02	2.51120683e+02	2.51114047e+02	2.51107435e+02	2.51100849e+02	2.51094293e+02	2.51087769e+02	2.51081280e+02	2.51074828e+02	2.51068416e+02	2.51062045e+02	2.51055717e+02	2.51049434e+02	2.51043198e+02	2.51037009e+02	2.51030868e+02	2.51024778e+02	2.51018739e+02	2.51012751e+02	2.51006816e+02	2.51000934e+02	2.50995106e+02	2.50989331e+02	2.50983612e+02	2.50977947e+02	2.50972337e+02	2.50966782e+02	2.50961282e+02	2.50955838e+02	2.50950450e+02	2.50945116e+02	2.50939838e+02	2.50934615e+02	2.50929447e+02	2.50924334e+02	2.50919276e+02	2.50914271e+02	2.50909321e+02	2.50904425e+02	2.50899582e+02	2.50894792e+02	2.50890055e+02	2.50885371e+02	2.50880738e+02	2.50876157e+02	2.50871628e+02	2.50867149e+02	2.50862721e+02	2.50858343e+02	2.50854014e+02	2.50849734e+02	2.50845504e+02	2.50841321e+02	2.50837186e+02	2.50833099e+02	2.50829059e+02	2.50825065e+02	2.50821117e+02	2.50817214e+02	2.50813357e+02	2.50809544e+02	2.50805775e+02	2.50802051e+02	2.50798369e+02	2.50794730e+02	2.50791134e+02	2.50787579e+02	2.50784066e+02	2.50780594e+02	2.50777163e+02	2.50773771e+02	2.50770420e+02	2.50767107e+02	2.50763834e+02	2.50760599e+02	2.50757401e+02	2.50754242e+02	2.50751119e+02	2.50748034e+02	2.50744984e+02	2.50741971e+02	2.50738993e+02	2.50736050e+02	2.50733142e+02	2.50730268e+02	2.50727428e+02	2.50724621e+02	2.50721848e+02	2.50719107e+02	2.50716399e+02	2.50713723e+02	2.50711079e+02	2.50708466e+02	2.50705884e+02	2.50703332e+02	2.50700811e+02	2.50698319e+02	2.50695857e+02	2.50693425e+02	2.50691021e+02	2.50688645e+02	2.50686298e+02	2.50683979e+02	2.50681687e+02
6	13	4.81703087e+02	4.94713762e+02	5.05183296e+02	5.13165542e+02	5.18733282e+02	5.21977714e+02	5.23007868e+02	5.21949905e+02	5.18946266e+02	5.14154598e+02	5.07746391e+02	4.99905247e+02	4.90824715e+02	4.80705654e+02	4.69753103e+02	4.58172693e+02	4.46166698e+02	4.33929864e+02	4.21645225e+02	4.09480158e+02	3.97582925e+02	3.86079965e+02	3.75074122e+02	3.64643919e+02	3.54843892e+02	3.45705897e+02	3.37241212e+02	3.29443219e+02	3.22290457e+02	3.15749837e+02	3.09779892e+02	3.04333944e+02	2.99363129e+02	2.94819210e+02	2.90657104e+02	2.86837032e+02	2.83326209e+02	2.80099981e+02	2.77142360e+02	2.74445947e+02	2.72011283e+02	2.69845717e+02	2.67961897e+02	2.66376025e+02	2.65105984e+02	2.64169438e+02	2.63581977e+02	2.63355352e+02	2.63495827e+02	2.64002709e+02	2.64867098e+02	2.66070978e+02	2.67586766e+02	2.69377464e+02	2.71397526e+02	2.73594422e+02	2.75910702e+02	2.78286156e+02	2.80659482e+02	2.82968956e+02	2.85152015e+02	2.87144303e+02	2.88879424e+02	2.90290777e+02	2.91316312e+02	2.91905896e+02	2.92029839e+02	2.91686458e+02	2.90906652e+02	2.89754167e+02	2.88321176e+02	2.86719719e+02	2.85070264e+02	2.83489064e+02	2.82076105e+02	2.80905350e+02	2.80018587e+02	2.79423739e+02	2.79097773e+02	2.78993673e+02	2.79050212e+02	2.79202758e+02	2.79393123e+02	2.79576715e+02	2.79725920e+02	2.79829596e+02	2.79889500e+02	2.79915133e+02	2.79918616e+02	2.79910841e+02	2.79899467e+02	2.79888623e+02	2.79879715e+02	2.79872600e+02	2.79866589e+02	2.79861034e+02	2.79855542e+02	2.79849941e+02	2.79844191e+02	2.79838301e+02	2.79832288e+02	2.79826164e+02	2.79819938e+02	2.79813618e+02	2.79807211e+02	2.79800722e+02	2.79794159e+02	2.79787529e+02	2.79780839e+02	2.79774095e+02	2.79767304e+02	2.79760472e+02	2.79753607e+02	2.79746713e+02	2.79739797e+02	2.79732866e+02	2.79725923e+02	2.79718975e+02	2.79712026e+02	2.79705082e+02	2.79698147e+02	2.79691224e+02	2.79684319e+02	2.79677435e+02	2.79670575e+02	2.79663743e+02	2.79656942e+02	2.79650175e+02	2.79643444e+02	2.79636751e+02	2.79630100e+02	2.79623491e+02	2.79616928e+02	2.79610411e+02	2.79603942e+02	2.79597522e+02	2.79591153e+02	2.79584837e+02	2.79578572e+02	2.79572362e+02	2.79566206e+02	2.79560105e+02	2.79554060e+02	2.79548071e+02	2.79542139e+02	2.79536263e+02	2.79530445e+02	2.79524683e+02	2.79518979e+02	2.79513333e+02	2.79507744e+02	2.79502212e+02	2.79496738e+02	2.79491321e+02	2.79485961e+02	2.79480658e+02	2.79475411e+02	2.79470221e+02	2.79465087e+02	2.79460009e+02	2.79454986e+02	2.79450018e+02	2.79445105e+02	2.79440246e+02	2.79435442e+02	2.79430690e+02	2.79425993e+02	2.79421347e+02	2.79416755e+02	2.79412214e+02	2.79407724e+02	2.79403285e+02	2.79398897e+02	2.79394559e+02	2.79390271e+02	2.79386032e+02	2.79381841e+02	2.79377698e+02	2.79373604e+02	2.79369556e+02	2.79365555e+02	2.79361601e+02	2.79357692e+02	2.79353829e+02	2.79350010e+02	2.79346236e+02	2.79342506e+02	2.79338819e+02	2.79335175e+02	2.79331574e+02	2.79328015e+02	2.79324498e+02	2.79321021e+02	2.79317586e+02	2.79314190e+02	2.79310835e+02	2.79307519e+02	2.79304241e+02	2.79301003e+02	2.79297802e+02	2.79294639e+02	2.79291514e+02	2.79288425e+02	2.79285373e+02	2.79282356e+02	2.79279375e+02	2.79276430e+02	2.79273519e+02	2.79270642e+02	2.79267800e+02	2.79264991e+02	2.79262215e+02	2.79259472e+02	2.79256762e+02	2.79254084e+02	2.79251437e+02	2.79248822e+02	2.79246238e+02	2.79243684e+02	2.79241161e+02	2.79238668e+02	2.79236204e+02	2.79233769e+02	2.79231364e+02
7	14	4.88486154e+02	5.00828737e+02	5.10653535e+02	5.18017438e+02	5.22996052e+02	5.25683148e+02	5.26190034e+02	5.24644819e+02	5.21191517e+02	5.15988931e+02	5.09209243e+02	5.01036248e+02	4.91663153e+02	4.81289921e+02	4.70120132e+02	4.58357414e+02	4.46201537e+02	4.33844305e+02	4.21465477e+02	4.09228939e+02	3.97279386e+02	3.85739762e+02	3.74709621e+02	3.64264521e+02	3.54456442e+02	3.45315138e+02	3.36850240e+02	3.29053912e+02	3.21903837e+02	3.15366368e+02	3.09399694e+02	3.03956947e+02	2.98989172e+02	2.94448098e+02	2.90288635e+02	2.86471014e+02	2.82962463e+02	2.79738338e+02	2.76782658e+02	2.74088025e+02	2.71654980e+02	2.69490863e+02	2.67608313e+02	2.66023518e+02	2.64754348e+02	2.63818455e+02	2.63231417e+02	2.63004975e+02	2.63145391e+02	2.63651971e+02	2.64515824e+02	2.65718946e+02	2.67233772e+02	2.69023334e+02	2.71042117e+02	2.73237626e+02	2.75552451e+02	2.77926423e+02	2.80298278e+02	2.82606335e+02	2.84788068e+02	2.86779162e+02	2.88513263e+02	2.89923811e+02	2.90948792e+02	2.91538105e+02	2.91662079e+02	2.91319030e+02	2.90539837e+02	2.89388209e+02	2.87956260e+02	2.86355961e+02	2.84707703e+02	2.83127664e+02	2.81715767e+02	2.80545926e+02	2.79659901e+02	2.79065611e+02	2.78740035e+02	2.78636188e+02	2.78692883e+02	2.78845528e+02	2.79035974e+02	2.79219656e+02	2.79368979e+02	2.79472806e+02	2.79532891e+02	2.79558732e+02	2.79562440e+02	2.79554900e+02	2.79543763e+02	2.79533159e+02	2.79524490e+02	2.79517613e+02	2.79511838e+02	2.79506519e+02	2.79501260e+02	2.79495891e+02	2.79490370e+02	2.79484707e+02	2.79478917e+02	2.79473014e+02	2.79467004e+02	2.79460896e+02	2.79454695e+02	2.79448409e+02	2.79442044e+02	2.79435606e+02	2.79429103e+02	2.79422541e+02	2.79415927e+02	2.79409266e+02	2.79402567e+02	2.79395834e+02	2.79389073e+02	2.79382292e+02	2.79375494e+02	2.79368686e+02	2.79361873e+02	2.79355059e+02	2.79348250e+02	2.79341450e+02	2.79334662e+02	2.79327891e+02	2.79321140e+02	2.79314414e+02	2.79307715e+02	2.79301045e+02	2.79294409e+02	2.79287808e+02	2.79281246e+02	2.79274723e+02	2.79268242e+02	2.79261805e+02	2.79255414e+02	2.79249069e+02	2.79242773e+02	2.79236527e+02	2.79230331e+02	2.79224187e+02	2.79218096e+02	2.79212057e+02	2.79206073e+02	2.79200143e+02	2.79194268e+02	2.79188448e+02	2.79182684e+02	2.79176976e+02	2.79171324e+02	2.79165728e+02	2.79160188e+02	2.79154705e+02	2.79149277e+02	2.79143906e+02	2.79138591e+02	2.79133331e+02	2.79128127e+02	2.79122979e+02	2.79117886e+02	2.79112847e+02	2.79107864e+02	2.79102934e+02	2.79098059e+02	2.79093237e+02	2.79088469e+02	2.79083753e+02	2.79079090e+02	2.79074479e+02	2.79069920e+02	2.79065411e+02	2.79060954e+02	2.79056547e+02	2.79052190e+02	2.79047883e+02	2.79043624e+02	2.79039415e+02	2.79035253e+02	2.79031139e+02	2.79027072e+02	2.79023052e+02	2.79019079e+02	2.79015151e+02	2.79011268e+02	2.79007431e+02	2.79003638e+02	2.78999888e+02	2.78996183e+02	2.78992520e+02	2.78988900e+02	2.78985323e+02	2.78981787e+02	2.78978292e+02	2.78974838e+02	2.78971425e+02	2.78968051e+02	2.78964717e+02	2.78961422e+02	2.78958166e+02	2.78954947e+02	2.78951767e+02	2.78948624e+02	2.78945518e+02	2.78942449e+02	2.78939415e+02	2.78936418e+02	2.78933455e+02	2.78930528e+02	2.78927635e+02	2.78924776e+02	2.78921951e+02	2.78919160e+02	2.78916401e+02	2.78913675e+02	2.78910981e+02	2.78908319e+02	2.78905689e+02	2.78903090e+02	2.78900521e+02	2.78897983e+02	2.78895475e+02	2.78892997e+02	2.78890548e+02	2.78888128e+02	2.78885737e+02
6	14	5.18512706e+02	5.31927840e+02	5.42702976e+02	5.50895604e+02	5.56582670e+02	5.59860032e+02	5.60841831e+02	5.59659761e+02	5.56462195e+02	5.51413073e+02	5.44690504e+02	5.36484998e+02	5.26997239e+02	5.16435380e+02	5.05011825e+02	4.92939532e+02	4.80427945e+02	4.67678690e+02	4.54881258e+02	4.42208926e+02	4.29815199e+02	4.17831005e+02	4.06362878e+02	3.95492212e+02	3.85275612e+02	3.75746245e+02	3.66916001e+02	3.58778258e+02	3.51311011e+02	3.44480183e+02	3.38242963e+02	3.32551078e+02	3.27353922e+02	3.22601485e+02	3.18246981e+02	3.14249114e+02	3.10573846e+02	3.07195606e+02	3.04097860e+02	3.01273047e+02	2.98721907e+02	2.96452304e+02	2.94477646e+02	2.92815060e+02	2.91483424e+02	2.90501370e+02	2.89885335e+02	2.89647696e+02	2.89795048e+02	2.90326649e+02	2.91233116e+02	2.92495474e+02	2.94084696e+02	2.95961874e+02	2.98079147e+02	3.00381353e+02	3.02808210e+02	3.05296588e+02	3.07782260e+02	3.10200610e+02	3.12486185e+02	3.14571699e+02	3.16387763e+02	3.17864797e+02	3.18937984e+02	3.19554968e+02	3.19684746e+02	3.19325569e+02	3.18509731e+02	3.17303861e+02	3.15804320e+02	3.14128284e+02	3.12401798e+02	3.10746554e+02	3.09267274e+02	3.08041469e+02	3.07112974e+02	3.06490148e+02	3.06148913e+02	3.06040048e+02	3.06099434e+02	3.06259376e+02	3.06458928e+02	3.06651389e+02	3.06807838e+02	3.06916606e+02	3.06979533e+02	3.07006572e+02	3.07010416e+02	3.07002471e+02	3.06990756e+02	3.06979598e+02	3.06970468e+02	3.06963214e+02	3.06957114e+02	3.06951492e+02	3.06945932e+02	3.06940257e+02	3.06934422e+02	3.06928437e+02	3.06922320e+02	3.06916082e+02	3.06909734e+02	3.06903283e+02	3.06896735e+02	3.06890097e+02	3.06883377e+02	3.06876582e+02	3.06869718e+02	3.06862793e+02	3.06855813e+02	3.06848787e+02	3.06841719e+02	3.06834618e+02	3.06827488e+02	3.06820337e+02	3.06813170e+02	3.06805993e+02	3.06798812e+02	3.06791631e+02	3.06784455e+02	3.06777289e+02	3.06770138e+02	3.06763005e+02	3.06755895e+02	3.06748811e+02	3.06741756e+02	3.06734734e+02	3.06727747e+02	3.06720798e+02	3.06713890e+02	3.06707025e+02	3.06700204e+02	3.06693431e+02	3.06686705e+02	3.06680031e+02	3.06673407e+02	3.06666837e+02	3.06660320e+02	3.06653858e+02	3.06647452e+02	3.06641102e+02	3.06634810e+02	3.06628575e+02	3.06622399e+02	3.06616281e+02	3.06610222e+02	3.06604223e+02	3.06598282e+02	3.06592401e+02	3.06586579e+02	3.06580817e+02	3.06575115e+02	3.06569471e+02	3.06563887e+02	3.06558362e+02	3.06552895e+02	3.06547487e+02	3.06542138e+02	3.06536846e+02	3.06531612e+02	3.06526435e+02	3.06521315e+02	3.06516252e+02	3.06511245e+02	3.06506294e+02	3.06501398e+02	3.06496557e+02	3.06491770e+02	3.06487037e+02	3.06482358e+02	3.06477732e+02	3.06473159e+02	3.06468638e+02	3.06464168e+02	3.06459750e+02	3.06455382e+02	3.06451064e+02	3.06446796e+02	3.06442578e+02	3.06438408e+02	3.06434286e+02	3.06430212e+02	3.06426185e+02	3.06422206e+02	3.06418272e+02	3.06414384e+02	3.06410541e+02	3.06406744e+02	3.06402990e+02	3.06399281e+02	3.06395615e+02	3.06391991e+02	3.06388410e+02	3.06384872e+02	3.06381374e+02	3.06377918e+02	3.06374502e+02	3.06371127e+02	3.06367791e+02	3.06364495e+02	3.06361237e+02	3.06358018e+02	3.06354836e+02	3.06351693e+02	3.06348586e+02	3.06345516e+02	3.06342482e+02	3.06339484e+02	3.06336522e+02	3.06333594e+02	3.06330701e+02	3.06327843e+02	3.06325018e+02	3.06322227e+02	3.06319468e+02	3.06316743e+02	3.06314049e+02	3.06311388e+02	3.06308758e+02	3.06306160e+02	3.06303592e+02	3.06301055e+02	3.06298548e+02
7	15	5.24832547e+02	5.37532901e+02	5.47620439e+02	5.55155762e+02	5.60218688e+02	5.62907659e+02	5.63339083e+02	5.61646560e+02	5.57979955e+02	5.52504255e+02	5.45398119e+02	5.36852067e+02	5.27066226e+02	5.16247603e+02	5.04606858e+02	4.92354637e+02	4.79697544e+02	4.66833918e+02	4.53949621e+02	4.41214098e+02	4.28776961e+02	4.16765347e+02	4.05282245e+02	3.94405873e+02	3.84190117e+02	3.74665921e+02	3.65843456e+02	3.57714839e+02	3.50257200e+02	3.43435913e+02	3.37207848e+02	3.31524577e+02	3.26335441e+02	3.21590434e+02	3.17242805e+02	3.13251298e+02	3.09581917e+02	3.06209121e+02	3.03116397e+02	3.00296187e+02	2.97749227e+02	2.95483359e+02	2.93511967e+02	2.91852144e+02	2.90522733e+02	2.89542332e+02	2.88927347e+02	2.88690134e+02	2.88837275e+02	2.89368030e+02	2.90273034e+02	2.91533348e+02	2.93119993e+02	2.94994133e+02	2.97107989e+02	2.99406492e+02	3.01829463e+02	3.04313875e+02	3.06795606e+02	3.09210143e+02	3.11492137e+02	3.13574407e+02	3.15387671e+02	3.16862454e+02	3.17934040e+02	3.18550150e+02	3.18679829e+02	3.18321331e+02	3.17506899e+02	3.16303059e+02	3.14806024e+02	3.13132785e+02	3.11409190e+02	3.09756736e+02	3.08279978e+02	3.07056299e+02	3.06129461e+02	3.05507810e+02	3.05167304e+02	3.05058800e+02	3.05118283e+02	3.05278166e+02	3.05477602e+02	3.05669964e+02	3.05826377e+02	3.05935190e+02	3.05998241e+02	3.06025465e+02	3.06029535e+02	3.06021838e+02	3.06010380e+02	3.05999479e+02	3.05990605e+02	3.05983604e+02	3.05977757e+02	3.05972385e+02	3.05967076e+02	3.05961649e+02	3.05956062e+02	3.05950322e+02	3.05944447e+02	3.05938450e+02	3.05932338e+02	3.05926119e+02	3.05919799e+02	3.05913386e+02	3.05906885e+02	3.05900304e+02	3.05893649e+02	3.05886929e+02	3.05880148e+02	3.05873315e+02	3.05866436e+02	3.05859517e+02	3.05852565e+02	3.05845587e+02	3.05838587e+02	3.05831572e+02	3.05824547e+02	3.05817518e+02	3.05810489e+02	3.05803465e+02	3.05796452e+02	3.05789452e+02	3.05782471e+02	3.05775511e+02	3.05768577e+02	3.05761672e+02	3.05754798e+02	3.05747958e+02	3.05741156e+02	3.05734394e+02	3.05727673e+02	3.05720995e+02	3.05714364e+02	3.05707780e+02	3.05701244e+02	3.05694759e+02	3.05688325e+02	3.05681944e+02	3.05675617e+02	3.05669343e+02	3.05663125e+02	3.05656962e+02	3.05650856e+02	3.05644807e+02	3.05638815e+02	3.05632880e+02	3.05627003e+02	3.05621183e+02	3.05615422e+02	3.05609719e+02	3.05604074e+02	3.05598486e+02	3.05592957e+02	3.05587485e+02	3.05582071e+02	3.05576715e+02	3.05571415e+02	3.05566173e+02	3.05560987e+02	3.05555857e+02	3.05550783e+02	3.05545765e+02	3.05540802e+02	3.05535894e+02	3.05531041e+02	3.05526242e+02	3.05521496e+02	3.05516803e+02	3.05512164e+02	3.05507576e+02	3.05503041e+02	3.05498557e+02	3.05494124e+02	3.05489742e+02	3.05485409e+02	3.05481126e+02	3.05476893e+02	3.05472708e+02	3.05468571e+02	3.05464481e+02	3.05460439e+02	3.05456444e+02	3.05452495e+02	3.05448591e+02	3.05444733e+02	3.05440920e+02	3.05437151e+02	3.05433426e+02	3.05429745e+02	3.05426106e+02	3.05422510e+02	3.05418956e+02	3.05415443e+02	3.05411972e+02	3.05408541e+02	3.05405151e+02	3.05401800e+02	3.05398488e+02	3.05395216e+02	3.05391982e+02	3.05388786e+02	3.05385627e+02	3.05382506e+02	3.05379422e+02	3.05376373e+02	3.05373361e+02	3.05370385e+02	3.05367443e+02	3.05364536e+02	3.05361664e+02	3.05358825e+02	3.05356020e+02	3.05353249e+02	3.05350510e+02	3.05347803e+02	3.05345129e+02	3.05342486e+02	3.05339874e+02	3.05337294e+02	3.05334744e+02	3.05332224e+02	3.05329734e+02
8	16	5.32262440e+02	5.44306315e+02	5.53759613e+02	5.60685999e+02	5.65168133e+02	5.67307045e+02	5.67221433e+02	5.65046849e+02	5.60934738e+02	5.55051240e+02	5.47575709e+02	5.38698858e+02	5.28620481e+02	5.17546695e+02	5.05686723e+02	4.93249239e+02	4.80438385e+02	4.67449621e+02	4.54465613e+02	4.41652413e+02	4.29156183e+02	4.17100696e+02	4.05585794e+02	3.94686875e+02	3.84455412e+02	3.74920379e+02	3.66090411e+02	3.57956494e+02	3.50494965e+02	3.43670672e+02	3.37440156e+02	3.31754791e+02	3.26563807e+02	3.21817131e+02	3.17467977e+02	3.13475067e+02	3.09804393e+02	3.06430403e+02	3.03336580e+02	3.00515366e+02	2.97967496e+02	2.95700819e+02	2.93728724e+02	2.92068312e+02	2.90738433e+02	2.89757693e+02	2.89142504e+02	2.88905229e+02	2.89052453e+02	2.89583434e+02	2.90488805e+02	2.91749618e+02	2.93336884e+02	2.95211751e+02	2.97326422e+02	2.99625808e+02	3.02049706e+02	3.04535068e+02	3.07017749e+02	3.09433211e+02	3.11716084e+02	3.13799163e+02	3.15613143e+02	3.17088524e+02	3.18160570e+02	3.18776983e+02	3.18906797e+02	3.18548267e+02	3.17733647e+02	3.16529484e+02	3.15032026e+02	3.13358305e+02	3.11634213e+02	3.09981292e+02	3.08504133e+02	3.07280148e+02	3.06353118e+02	3.05731389e+02	3.05390914e+02	3.05282530e+02	3.05342199e+02	3.05502312e+02	3.05701997e+02	3.05894610e+02	3.06051266e+02	3.06160309e+02	3.06223578e+02	3.06251010e+02	3.06255283e+02	3.06247787e+02	3.06236532e+02	3.06225836e+02	3.06217169e+02	3.06210377e+02	3.06204740e+02	3.06199578e+02	3.06194478e+02	3.06189260e+02	3.06183880e+02	3.06178346e+02	3.06172674e+02	3.06166876e+02	3.06160961e+02	3.06154936e+02	3.06148806e+02	3.06142579e+02	3.06136260e+02	3.06129856e+02	3.06123374e+02	3.06116822e+02	3.06110205e+02	3.06103530e+02	3.06096805e+02	3.06090035e+02	3.06083227e+02	3.06076387e+02	3.06069522e+02	3.06062637e+02	3.06055737e+02	3.06048829e+02	3.06041916e+02	3.06035005e+02	3.06028100e+02	3.06021204e+02	3.06014323e+02	3.06007460e+02	3.06000619e+02	3.05993803e+02	3.05987016e+02	3.05980260e+02	3.05973538e+02	3.05966853e+02	3.05960207e+02	3.05953602e+02	3.05947040e+02	3.05940523e+02	3.05934052e+02	3.05927630e+02	3.05921257e+02	3.05914934e+02	3.05908663e+02	3.05902445e+02	3.05896280e+02	3.05890170e+02	3.05884114e+02	3.05878113e+02	3.05872168e+02	3.05866279e+02	3.05860447e+02	3.05854671e+02	3.05848952e+02	3.05843290e+02	3.05837684e+02	3.05832136e+02	3.05826645e+02	3.05821210e+02	3.05815832e+02	3.05810511e+02	3.05805246e+02	3.05800037e+02	3.05794884e+02	3.05789786e+02	3.05784744e+02	3.05779757e+02	3.05774824e+02	3.05769946e+02	3.05765121e+02	3.05760350e+02	3.05755632e+02	3.05750966e+02	3.05746353e+02	3.05741792e+02	3.05737282e+02	3.05732823e+02	3.05728415e+02	3.05724057e+02	3.05719748e+02	3.05715488e+02	3.05711277e+02	3.05707115e+02	3.05703000e+02	3.05698932e+02	3.05694911e+02	3.05690937e+02	3.05687008e+02	3.05683125e+02	3.05679287e+02	3.05675493e+02	3.05671744e+02	3.05668037e+02	3.05664374e+02	3.05660754e+02	3.05657176e+02	3.05653639e+02	3.05650144e+02	3.05646690e+02	3.05643276e+02	3.05639902e+02	3.05636568e+02	3.05633272e+02	3.05630016e+02	3.05626797e+02	3.05623617e+02	3.05620473e+02	3.05617367e+02	3.05614297e+02	3.05611264e+02	3.05608266e+02	3.05605303e+02	3.05602375e+02	3.05599482e+02	3.05596623e+02	3.05593798e+02	3.05591006e+02	3.05588247e+02	3.05585521e+02	3.05582827e+02	3.05580165e+02	3.05577534e+02	3.05574935e+02	3.05572366e+02	3.05569828e+02	3.05567319e+02	3.05564841e+02
8	17	5.67032388e+02	5.79290667e+02	5.88876429e+02	5.95857254e+02	6.00320125e+02	6.02370763e+02	6.02132878e+02	5.99747331e+02	5.95371125e+02	5.89176179e+02	5.81347807e+02	5.72082812e+02	5.61587153e+02	5.50073124e+02	5.37756057e+02	5.24850574e+02	5.11566515e+02	4.98104686e+02	4.84652660e+02	4.71380867e+02	4.58439264e+02	4.45954795e+02	4.34029832e+02	4.22741678e+02	4.12143108e+02	4.02263847e+02	3.93112774e+02	3.84680665e+02	3.76943252e+02	3.69864436e+02	3.63399540e+02	3.57498518e+02	3.52109063e+02	3.47179543e+02	3.42661682e+02	3.38512870e+02	3.34697998e+02	3.31190712e+02	3.27974017e+02	3.25040213e+02	3.22390208e+02	3.20032304e+02	3.17980555e+02	3.16252874e+02	3.14868984e+02	3.13848339e+02	3.13208094e+02	3.12961163e+02	3.13114417e+02	3.13667074e+02	3.14609342e+02	3.15921433e+02	3.17573092e+02	3.19523793e+02	3.21723707e+02	3.24115437e+02	3.26636299e+02	3.29220682e+02	3.31801878e+02	3.34312812e+02	3.36685580e+02	3.38850408e+02	3.40735367e+02	3.42268345e+02	3.43382179e+02	3.44022621e+02	3.44157556e+02	3.43785179e+02	3.42938969e+02	3.41688000e+02	3.40132192e+02	3.38393082e+02	3.36601451e+02	3.34883612e+02	3.33348308e+02	3.32076063e+02	3.31112450e+02	3.30466202e+02	3.30112352e+02	3.29999806e+02	3.30061989e+02	3.30228605e+02	3.30436368e+02	3.30636779e+02	3.30799811e+02	3.30913345e+02	3.30979293e+02	3.31007987e+02	3.31012608e+02	3.31004995e+02	3.30993477e+02	3.30982543e+02	3.30973718e+02	3.30966845e+02	3.30961172e+02	3.30955994e+02	3.30950880e+02	3.30945642e+02	3.30940234e+02	3.30934664e+02	3.30928950e+02	3.30923102e+02	3.30917130e+02	3.30911040e+02	3.30904838e+02	3.30898530e+02	3.30892124e+02	3.30885626e+02	3.30879042e+02	3.30872381e+02	3.30865648e+02	3.30858851e+02	3.30851996e+02	3.30845091e+02	3.30838143e+02	3.30831156e+02	3.30824139e+02	3.30817097e+02	3.30810035e+02	3.30802960e+02	3.30795878e+02	3.30788792e+02	3.30781709e+02	3.30774633e+02	3.30767568e+02	3.30760519e+02	3.30753489e+02	3.30746482e+02	3.30739502e+02	3.30732552e+02	3.30725635e+02	3.30718753e+02	3.30711909e+02	3.30705106e+02	3.30698346e+02	3.30691630e+02	3.30684960e+02	3.30678339e+02	3.30671767e+02	3.30665246e+02	3.30658777e+02	3.30652361e+02	3.30645999e+02	3.30639692e+02	3.30633440e+02	3.30627245e+02	3.30621107e+02	3.30615026e+02	3.30609002e+02	3.30603036e+02	3.30597128e+02	3.30591279e+02	3.30585487e+02	3.30579754e+02	3.30574080e+02	3.30568463e+02	3.30562905e+02	3.30557405e+02	3.30551963e+02	3.30546578e+02	3.30541251e+02	3.30535981e+02	3.30530768e+02	3.30525611e+02	3.30520511e+02	3.30515466e+02	3.30510477e+02	3.30505543e+02	3.30500664e+02	3.30495839e+02	3.30491068e+02	3.30486350e+02	3.30481686e+02	3.30477074e+02	3.30472514e+02	3.30468006e+02	3.30463549e+02	3.30459142e+02	3.30454786e+02	3.30450480e+02	3.30446223e+02	3.30442015e+02	3.30437855e+02	3.30433743e+02	3.30429679e+02	3.30425661e+02	3.30421690e+02	3.30417765e+02	3.30413886e+02	3.30410051e+02	3.30406261e+02	3.30402515e+02	3.30398813e+02	3.30395153e+02	3.30391537e+02	3.30387963e+02	3.30384430e+02	3.30380939e+02	3.30377489e+02	3.30374079e+02	3.30370709e+02	3.30367378e+02	3.30364087e+02	3.30360834e+02	3.30357619e+02	3.30354443e+02	3.30351303e+02	3.30348201e+02	3.30345135e+02	3.30342105e+02	3.30339111e+02	3.30336153e+02	3.30333229e+02	3.30330340e+02	3.30327484e+02	3.30324663e+02	3.30321875e+02	3.30319120e+02	3.30316397e+02	3.30313707e+02	3.30311048e+02	3.30308421e+02	3.30305825e+02	3.30303260e+02
8	18	6.00826384e+02	6.13213559e+02	6.22854339e+02	6.29820336e+02	6.34202919e+02	6.36112497e+02	6.35677738e+02	6.33044683e+02	6.28375707e+02	6.21848255e+02	6.13653268e+02	6.03993244e+02	5.93079838e+02	5.81130982e+02	5.68367512e+02	5.55009340e+02	5.41271302e+02	5.27358821e+02	5.13463635e+02	4.99759834e+02	4.86400480e+02	4.73515058e+02	4.61207918e+02	4.49557800e+02	4.38618417e+02	4.28419971e+02	4.18971402e+02	4.10263179e+02	4.02270395e+02	3.94956029e+02	3.88274246e+02	3.82173673e+02	3.76600576e+02	3.71501876e+02	3.66827915e+02	3.62534849e+02	3.58586556e+02	3.54955936e+02	3.51625551e+02	3.48587569e+02	3.45843063e+02	3.43400748e+02	3.41275298e+02	3.39485375e+02	3.38051510e+02	3.36993942e+02	3.36330513e+02	3.36074646e+02	3.36233479e+02	3.36806192e+02	3.37782599e+02	3.39142135e+02	3.40853374e+02	3.42874240e+02	3.45153024e+02	3.47630197e+02	3.50240775e+02	3.52916777e+02	3.55589124e+02	3.58188392e+02	3.60644336e+02	3.62884802e+02	3.64835435e+02	3.66421702e+02	3.67574199e+02	3.68236873e+02	3.68376542e+02	3.67991351e+02	3.67115910e+02	3.65821630e+02	3.64211831e+02	3.62412217e+02	3.60558092e+02	3.58780185e+02	3.57191079e+02	3.55874177e+02	3.54876714e+02	3.54207776e+02	3.53841548e+02	3.53725148e+02	3.53789654e+02	3.53962286e+02	3.54177519e+02	3.54385144e+02	3.54554071e+02	3.54671757e+02	3.54740181e+02	3.54770041e+02	3.54774979e+02	3.54767257e+02	3.54755492e+02	3.54744334e+02	3.54735361e+02	3.54728409e+02	3.54722700e+02	3.54717505e+02	3.54712374e+02	3.54707115e+02	3.54701679e+02	3.54696074e+02	3.54690317e+02	3.54684420e+02	3.54678391e+02	3.54672238e+02	3.54665965e+02	3.54659580e+02	3.54653090e+02	3.54646500e+02	3.54639818e+02	3.54633052e+02	3.54626208e+02	3.54619293e+02	3.54612315e+02	3.54605280e+02	3.54598196e+02	3.54591069e+02	3.54583906e+02	3.54576713e+02	3.54569497e+02	3.54562263e+02	3.54555018e+02	3.54547766e+02	3.54540513e+02	3.54533264e+02	3.54526024e+02	3.54518797e+02	3.54511587e+02	3.54504399e+02	3.54497235e+02	3.54490100e+02	3.54482997e+02	3.54475928e+02	3.54468897e+02	3.54461905e+02	3.54454956e+02	3.54448051e+02	3.54441193e+02	3.54434383e+02	3.54427622e+02	3.54420913e+02	3.54414256e+02	3.54407654e+02	3.54401105e+02	3.54394613e+02	3.54388177e+02	3.54381798e+02	3.54375477e+02	3.54369215e+02	3.54363011e+02	3.54356866e+02	3.54350781e+02	3.54344755e+02	3.54338789e+02	3.54332882e+02	3.54327036e+02	3.54321249e+02	3.54315521e+02	3.54309854e+02	3.54304245e+02	3.54298696e+02	3.54293206e+02	3.54287775e+02	3.54282402e+02	3.54277087e+02	3.54271830e+02	3.54266630e+02	3.54261488e+02	3.54256402e+02	3.54251373e+02	3.54246399e+02	3.54241481e+02	3.54236618e+02	3.54231809e+02	3.54227055e+02	3.54222354e+02	3.54217707e+02	3.54213112e+02	3.54208570e+02	3.54204079e+02	3.54199640e+02	3.54195251e+02	3.54190913e+02	3.54186624e+02	3.54182385e+02	3.54178195e+02	3.54174053e+02	3.54169959e+02	3.54165912e+02	3.54161913e+02	3.54157959e+02	3.54154052e+02	3.54150190e+02	3.54146373e+02	3.54142600e+02	3.54138872e+02	3.54135187e+02	3.54131545e+02	3.54127945e+02	3.54124388e+02	3.54120872e+02	3.54117398e+02	3.54113964e+02	3.54110571e+02	3.54107217e+02	3.54103903e+02	3.54100628e+02	3.54097391e+02	3.54094193e+02	3.54091032e+02	3.54087908e+02	3.54084821e+02	3.54081771e+02	3.54078757e+02	3.54075778e+02	3.54072834e+02	3.54069925e+02	3.54067051e+02	3.54064210e+02	3.54061403e+02	3.54058630e+02	3.54055889e+02	3.54053180e+02	3.54050504e+02	3.54047859e+02
9	19	6.08340147e+02	6.20048903e+02	6.29035982e+02	6.35376094e+02	6.39163447e+02	6.40511004e+02	6.39549652e+02	6.36427285e+02	6.31307723e+02	6.24369397e+02	6.15803752e+02	6.05813258e+02	5.94608990e+02	5.82407736e+02	5.69428621e+02	5.55889317e+02	5.42001935e+02	5.27968779e+02	5.13978176e+02	5.00200654e+02	4.86785703e+02	4.73859368e+02	4.61522830e+02	4.49852029e+02	4.38898320e+02	4.28690007e+02	4.19234584e+02	4.10521469e+02	4.02525034e+02	3.95207792e+02	3.88523622e+02	3.82420983e+02	3.76846043e+02	3.71745672e+02	3.67070180e+02	3.62775705e+02	3.58826109e+02	3.55194288e+02	3.51862797e+02	3.48823803e+02	3.46078380e+02	3.43635249e+02	3.41509088e+02	3.39718569e+02	3.38284228e+02	3.37226315e+02	3.36562676e+02	3.36306740e+02	3.36465648e+02	3.37038581e+02	3.38015347e+02	3.39375376e+02	3.41087228e+02	3.43108813e+02	3.45388404e+02	3.47866451e+02	3.50477947e+02	3.53154890e+02	3.55828175e+02	3.58428357e+02	3.60885166e+02	3.63126427e+02	3.65077759e+02	3.66664608e+02	3.67817546e+02	3.68480503e+02	3.68620287e+02	3.68235042e+02	3.67359388e+02	3.66064761e+02	3.64454513e+02	3.62654390e+02	3.60799741e+02	3.59021338e+02	3.57431802e+02	3.56114565e+02	3.55116878e+02	3.54447832e+02	3.54081602e+02	3.53965291e+02	3.54029950e+02	3.54202777e+02	3.54418225e+02	3.54626067e+02	3.54795202e+02	3.54913083e+02	3.54981690e+02	3.55011723e+02	3.55016831e+02	3.55009276e+02	3.54997680e+02	3.54986694e+02	3.54977896e+02	3.54971121e+02	3.54965591e+02	3.54960576e+02	3.54955626e+02	3.54950547e+02	3.54945291e+02	3.54939865e+02	3.54934285e+02	3.54928565e+02	3.54922711e+02	3.54916729e+02	3.54910626e+02	3.54904407e+02	3.54898079e+02	3.54891649e+02	3.54885124e+02	3.54878509e+02	3.54871813e+02	3.54865043e+02	3.54858205e+02	3.54851306e+02	3.54844354e+02	3.54837354e+02	3.54830314e+02	3.54823241e+02	3.54816139e+02	3.54809017e+02	3.54801878e+02	3.54794729e+02	3.54787576e+02	3.54780423e+02	3.54773275e+02	3.54766137e+02	3.54759013e+02	3.54751907e+02	3.54744823e+02	3.54737764e+02	3.54730734e+02	3.54723736e+02	3.54716773e+02	3.54709848e+02	3.54702962e+02	3.54696119e+02	3.54689320e+02	3.54682567e+02	3.54675862e+02	3.54669206e+02	3.54662601e+02	3.54656048e+02	3.54649549e+02	3.54643103e+02	3.54636713e+02	3.54630378e+02	3.54624100e+02	3.54617879e+02	3.54611716e+02	3.54605610e+02	3.54599563e+02	3.54593574e+02	3.54587644e+02	3.54581773e+02	3.54575960e+02	3.54570207e+02	3.54564512e+02	3.54558877e+02	3.54553299e+02	3.54547781e+02	3.54542320e+02	3.54536918e+02	3.54531573e+02	3.54526286e+02	3.54521056e+02	3.54515883e+02	3.54510767e+02	3.54505707e+02	3.54500702e+02	3.54495753e+02	3.54490859e+02	3.54486020e+02	3.54481234e+02	3.54476502e+02	3.54471824e+02	3.54467198e+02	3.54462625e+02	3.54458104e+02	3.54453634e+02	3.54449215e+02	3.54444846e+02	3.54440527e+02	3.54436258e+02	3.54432038e+02	3.54427867e+02	3.54423743e+02	3.54419667e+02	3.54415638e+02	3.54411656e+02	3.54407720e+02	3.54403829e+02	3.54399984e+02	3.54396183e+02	3.54392427e+02	3.54388714e+02	3.54385045e+02	3.54381418e+02	3.54377834e+02	3.54374292e+02	3.54370791e+02	3.54367331e+02	3.54363911e+02	3.54360532e+02	3.54357192e+02	3.54353892e+02	3.54350630e+02	3.54347407e+02	3.54344222e+02	3.54341074e+02	3.54337963e+02	3.54334888e+02	3.54331850e+02	3.54328848e+02	3.54325881e+02	3.54322950e+02	3.54320052e+02	3.54317189e+02	3.54314360e+02	3.54311565e+02	3.54308802e+02	3.54306072e+02	3.54303374e+02	3.54300709e+02	3.54298074e+02
10	20	6.16519708e+02	6.27586433e+02	6.35953432e+02	6.41698464e+02	6.44918546e+02	6.45729164e+02	6.44263418e+02	6.40671054e+02	6.35117348e+02	6.27781759e+02	6.18856283e+02	6.08543439e+02	5.97053824e+02	5.84603205e+02	5.71409154e+02	5.57687284e+02	5.43647194e+02	5.29488302e+02	5.15395786e+02	5.01536879e+02	4.88057776e+02	4.75081358e+02	4.62705894e+02	4.51004764e+02	4.40027168e+02	4.29799685e+02	4.20328488e+02	4.11602038e+02	4.03594040e+02	3.96266561e+02	3.89573190e+02	3.83462195e+02	3.77879617e+02	3.72772231e+02	3.68090275e+02	3.63789830e+02	3.59834716e+02	3.56197794e+02	3.52861602e+02	3.49818303e+02	3.47068976e+02	3.44622359e+02	3.42493157e+02	3.40700072e+02	3.39263674e+02	3.38204246e+02	3.37539662e+02	3.37283373e+02	3.37442531e+02	3.38016314e+02	3.38994516e+02	3.40356533e+02	3.42070877e+02	3.44095395e+02	3.46378283e+02	3.48859899e+02	3.51475145e+02	3.54155918e+02	3.56833016e+02	3.59436898e+02	3.61897195e+02	3.64141635e+02	3.66095736e+02	3.67684844e+02	3.68839438e+02	3.69503373e+02	3.69643413e+02	3.69257700e+02	3.68380902e+02	3.67084549e+02	3.65472137e+02	3.63669584e+02	3.61812426e+02	3.60031618e+02	3.58439941e+02	3.57120947e+02	3.56121954e+02	3.55452071e+02	3.55085436e+02	3.54969077e+02	3.55033950e+02	3.55207149e+02	3.55423033e+02	3.55631305e+02	3.55800821e+02	3.55919014e+02	3.55987867e+02	3.56018095e+02	3.56023367e+02	3.56015961e+02	3.56004512e+02	3.55993675e+02	3.55985032e+02	3.55978418e+02	3.55973052e+02	3.55968201e+02	3.55963418e+02	3.55958505e+02	3.55953415e+02	3.55948155e+02	3.55942740e+02	3.55937182e+02	3.55931489e+02	3.55925666e+02	3.55919720e+02	3.55913655e+02	3.55907478e+02	3.55901196e+02	3.55894814e+02	3.55888341e+02	3.55881782e+02	3.55875145e+02	3.55868436e+02	3.55861662e+02	3.55854831e+02	3.55847949e+02	3.55841022e+02	3.55834058e+02	3.55827062e+02	3.55820040e+02	3.55812999e+02	3.55805945e+02	3.55798882e+02	3.55791815e+02	3.55784750e+02	3.55777692e+02	3.55770645e+02	3.55763613e+02	3.55756599e+02	3.55749609e+02	3.55742644e+02	3.55735709e+02	3.55728806e+02	3.55721938e+02	3.55715108e+02	3.55708318e+02	3.55701570e+02	3.55694866e+02	3.55688209e+02	3.55681599e+02	3.55675038e+02	3.55668527e+02	3.55662068e+02	3.55655662e+02	3.55649310e+02	3.55643012e+02	3.55636769e+02	3.55630583e+02	3.55624452e+02	3.55618379e+02	3.55612363e+02	3.55606404e+02	3.55600503e+02	3.55594661e+02	3.55588876e+02	3.55583149e+02	3.55577480e+02	3.55571870e+02	3.55566317e+02	3.55560822e+02	3.55555385e+02	3.55550005e+02	3.55544683e+02	3.55539417e+02	3.55534208e+02	3.55529056e+02	3.55523959e+02	3.55518918e+02	3.55513933e+02	3.55509002e+02	3.55504127e+02	3.55499305e+02	3.55494537e+02	3.55489822e+02	3.55485161e+02	3.55480551e+02	3.55475994e+02	3.55471488e+02	3.55467033e+02	3.55462629e+02	3.55458276e+02	3.55453971e+02	3.55449716e+02	3.55445510e+02	3.55441352e+02	3.55437242e+02	3.55433179e+02	3.55429163e+02	3.55425194e+02	3.55421270e+02	3.55417392e+02	3.55413558e+02	3.55409770e+02	3.55406025e+02	3.55402323e+02	3.55398665e+02	3.55395050e+02	3.55391476e+02	3.55387945e+02	3.55384454e+02	3.55381005e+02	3.55377595e+02	3.55374226e+02	3.55370896e+02	3.55367606e+02	3.55364353e+02	3.55361140e+02	3.55357963e+02	3.55354824e+02	3.55351723e+02	3.55348657e+02	3.55345628e+02	3.55342634e+02	3.55339676e+02	3.55336752e+02	3.55333863e+02	3.55331008e+02	3.55328187e+02	3.55325399e+02	3.55322644e+02	3.55319922e+02	3.55317232e+02	3.55314573e+02	3.55311946e+02
10	21	6.48765592e+02	6.59837236e+02	6.68147492e+02	6.73778276e+02	6.76831015e+02	6.77425814e+02	6.75700558e+02	6.71809905e+02	6.65924132e+02	6.58227739e+02	6.48917774e+02	6.38201759e+02	6.26295201e+02	6.13418623e+02	5.99794138e+02	5.85641622e+02	5.71174601e+02	5.56596029e+02	5.42094186e+02	5.27838950e+02	5.13978693e+02	5.00638018e+02	4.87916480e+02	4.75888352e+02	4.64603361e+02	4.54088284e+02	4.44349200e+02	4.35374191e+02	4.27136339e+02	4.19596853e+02	4.12708272e+02	4.06417666e+02	4.00669792e+02	3.95410125e+02	3.90587661e+02	3.86157371e+02	3.82082160e+02	3.78334221e+02	3.74895695e+02	3.71758623e+02	3.68924232e+02	3.66401634e+02	3.64206093e+02	3.62356982e+02	3.60875601e+02	3.59782938e+02	3.59097486e+02	3.58833154e+02	3.58997336e+02	3.59589172e+02	3.60598105e+02	3.62002831e+02	3.63770807e+02	3.65858484e+02	3.68212368e+02	3.70770896e+02	3.73466900e+02	3.76230145e+02	3.78989294e+02	3.81672691e+02	3.84207860e+02	3.86520388e+02	3.88533607e+02	3.90170686e+02	3.91360086e+02	3.92044037e+02	3.92188345e+02	3.91791103e+02	3.90887999e+02	3.89552668e+02	3.87891665e+02	3.86034657e+02	3.84121255e+02	3.82286386e+02	3.80646291e+02	3.79287111e+02	3.78257660e+02	3.77567365e+02	3.77189603e+02	3.77069790e+02	3.77136770e+02	3.77315401e+02	3.77538029e+02	3.77752814e+02	3.77927658e+02	3.78049612e+02	3.78120718e+02	3.78152021e+02	3.78157607e+02	3.78150130e+02	3.78138491e+02	3.78127485e+02	3.78118743e+02	3.78112094e+02	3.78106732e+02	3.78101904e+02	3.78097146e+02	3.78092256e+02	3.78087183e+02	3.78081934e+02	3.78076526e+02	3.78070969e+02	3.78065272e+02	3.78059439e+02	3.78053477e+02	3.78047391e+02	3.78041187e+02	3.78034871e+02	3.78028451e+02	3.78021932e+02	3.78015321e+02	3.78008626e+02	3.78001854e+02	3.77995011e+02	3.77988106e+02	3.77981143e+02	3.77974131e+02	3.77967076e+02	3.77959985e+02	3.77952864e+02	3.77945719e+02	3.77938556e+02	3.77931380e+02	3.77924198e+02	3.77917014e+02	3.77909833e+02	3.77902660e+02	3.77895500e+02	3.77888356e+02	3.77881232e+02	3.77874133e+02	3.77867061e+02	3.77860020e+02	3.77853012e+02	3.77846041e+02	3.77839109e+02	3.77832218e+02	3.77825370e+02	3.77818568e+02	3.77811813e+02	3.77805107e+02	3.77798451e+02	3.77791847e+02	3.77785295e+02	3.77778797e+02	3.77772354e+02	3.77765967e+02	3.77759636e+02	3.77753361e+02	3.77747144e+02	3.77740985e+02	3.77734885e+02	3.77728842e+02	3.77722858e+02	3.77716934e+02	3.77711068e+02	3.77705261e+02	3.77699513e+02	3.77693824e+02	3.77688193e+02	3.77682622e+02	3.77677109e+02	3.77671654e+02	3.77666257e+02	3.77660918e+02	3.77655636e+02	3.77650412e+02	3.77645244e+02	3.77640133e+02	3.77635078e+02	3.77630078e+02	3.77625134e+02	3.77620245e+02	3.77615411e+02	3.77610630e+02	3.77605903e+02	3.77601229e+02	3.77596608e+02	3.77592039e+02	3.77587522e+02	3.77583056e+02	3.77578641e+02	3.77574276e+02	3.77569962e+02	3.77565696e+02	3.77561480e+02	3.77557312e+02	3.77553192e+02	3.77549119e+02	3.77545094e+02	3.77541115e+02	3.77537182e+02	3.77533294e+02	3.77529452e+02	3.77525654e+02	3.77521901e+02	3.77518191e+02	3.77514524e+02	3.77510900e+02	3.77507318e+02	3.77503779e+02	3.77500280e+02	3.77496822e+02	3.77493405e+02	3.77490028e+02	3.77486691e+02	3.77483392e+02	3.77480133e+02	3.77476911e+02	3.77473728e+02	3.77470582e+02	3.77467473e+02	3.77464400e+02	3.77461364e+02	3.77458364e+02	3.77455398e+02	3.77452468e+02	3.77449573e+02	3.77446711e+02	3.77443883e+02	3.77441089e+02	3.77438328e+02	3.77435599e+02	3.77432903e+02
10	22	6.80270979e+02	6.91289794e+02	6.99491393e+02	7.04961905e+02	7.07807179e+02	7.08151908e+02	7.06138684e+02	7.01926952e+02	6.95691812e+02	6.87622590e+02	6.77921107e+02	6.66799572e+02	6.54478029e+02	6.41181343e+02	6.27135714e+02	6.12564797e+02	5.97685533e+02	5.82703896e+02	5.67810758e+02	5.53178148e+02	5.38956163e+02	5.25270717e+02	5.12222311e+02	4.99885823e+02	4.88311292e+02	4.77525545e+02	4.67534468e+02	4.58325726e+02	4.49871768e+02	4.42132976e+02	4.35060888e+02	4.28601443e+02	4.22698188e+02	4.17295374e+02	4.12340829e+02	4.07788483e+02	4.03600380e+02	3.99748084e+02	3.96213360e+02	3.92988141e+02	3.90073789e+02	3.87479768e+02	3.85221865e+02	3.83320089e+02	3.81796422e+02	3.80672517e+02	3.79967447e+02	3.79695553e+02	3.79864454e+02	3.80473259e+02	3.81511076e+02	3.82955945e+02	3.84774331e+02	3.86921375e+02	3.89341992e+02	3.91972813e+02	3.94744725e+02	3.97585490e+02	4.00421762e+02	4.03179898e+02	4.05785441e+02	4.08161966e+02	4.10230750e+02	4.11912915e+02	4.13135026e+02	4.13837785e+02	4.13986096e+02	4.13578009e+02	4.12650169e+02	4.11278189e+02	4.09571499e+02	4.07663294e+02	4.05697013e+02	4.03811318e+02	4.02125697e+02	4.00728730e+02	3.99670636e+02	3.98961142e+02	3.98572905e+02	3.98449831e+02	3.98518776e+02	3.98702496e+02	3.98931446e+02	3.99152335e+02	3.99332169e+02	3.99457638e+02	3.99530843e+02	3.99563136e+02	3.99568996e+02	3.99561432e+02	3.99549590e+02	3.99538403e+02	3.99529543e+02	3.99522837e+02	3.99517455e+02	3.99512623e+02	3.99507863e+02	3.99502968e+02	3.99497884e+02	3.99492620e+02	3.99487190e+02	3.99481607e+02	3.99475878e+02	3.99470008e+02	3.99464003e+02	3.99457868e+02	3.99451610e+02	3.99445234e+02	3.99438747e+02	3.99432157e+02	3.99425469e+02	3.99418692e+02	3.99411831e+02	3.99404896e+02	3.99397891e+02	3.99390826e+02	3.99383706e+02	3.99376539e+02	3.99369331e+02	3.99362089e+02	3.99354820e+02	3.99347529e+02	3.99340222e+02	3.99332906e+02	3.99325585e+02	3.99318265e+02	3.99310950e+02	3.99303646e+02	3.99296356e+02	3.99289085e+02	3.99281837e+02	3.99274616e+02	3.99267424e+02	3.99260264e+02	3.99253141e+02	3.99246056e+02	3.99239012e+02	3.99232011e+02	3.99225055e+02	3.99218147e+02	3.99211288e+02	3.99204479e+02	3.99197722e+02	3.99191019e+02	3.99184370e+02	3.99177776e+02	3.99171239e+02	3.99164758e+02	3.99158336e+02	3.99151971e+02	3.99145666e+02	3.99139420e+02	3.99133233e+02	3.99127106e+02	3.99121039e+02	3.99115033e+02	3.99109086e+02	3.99103200e+02	3.99097373e+02	3.99091607e+02	3.99085901e+02	3.99080254e+02	3.99074667e+02	3.99069139e+02	3.99063670e+02	3.99058261e+02	3.99052909e+02	3.99047616e+02	3.99042380e+02	3.99037202e+02	3.99032081e+02	3.99027017e+02	3.99022008e+02	3.99017056e+02	3.99012159e+02	3.99007317e+02	3.99002529e+02	3.98997795e+02	3.98993114e+02	3.98988487e+02	3.98983912e+02	3.98979390e+02	3.98974919e+02	3.98970498e+02	3.98966129e+02	3.98961810e+02	3.98957540e+02	3.98953320e+02	3.98949148e+02	3.98945024e+02	3.98940948e+02	3.98936919e+02	3.98932937e+02	3.98929000e+02	3.98925110e+02	3.98921265e+02	3.98917465e+02	3.98913709e+02	3.98909996e+02	3.98906327e+02	3.98902701e+02	3.98899117e+02	3.98895575e+02	3.98892075e+02	3.98888616e+02	3.98885197e+02	3.98881818e+02	3.98878479e+02	3.98875179e+02	3.98871918e+02	3.98868696e+02	3.98865511e+02	3.98862364e+02	3.98859253e+02	3.98856180e+02	3.98853143e+02	3.98850141e+02	3.98847175e+02	3.98844244e+02	3.98841347e+02	3.98838485e+02	3.98835657e+02	3.98832862e+02	3.98830100e+02
11	23	6.88324321e+02	6.98688257e+02	7.06259574e+02	7.11127406e+02	7.13400328e+02	7.13205446e+02	7.10687409e+02	7.06007338e+02	6.99341579e+02	6.90880244e+02	6.80825448e+02	6.69389169e+02	6.56790680e+02	6.43253533e+02	6.29002084e+02	6.14257652e+02	5.99234417e+02	5.84135256e+02	5.69147721e+02	5.54440437e+02	5.40160141e+02	5.26429582e+02	5.13346391e+02	5.00982963e+02	4.89387290e+02	4.78584584e+02	4.68579524e+02	4.59358917e+02	4.50894625e+02	4.43146649e+02	4.36066282e+02	4.29599304e+02	4.23689154e+02	4.18280003e+02	4.13319619e+02	4.08761878e+02	4.04568787e+02	4.00711881e+02	3.97172909e+02	3.93943799e+02	3.91025917e+02	3.88428746e+02	3.86168094e+02	3.84263999e+02	3.82738472e+02	3.81613198e+02	3.80907273e+02	3.80635060e+02	3.80804186e+02	3.81413758e+02	3.82452873e+02	3.83899538e+02	3.85720177e+02	3.87869872e+02	3.90293466e+02	3.92927514e+02	3.95702814e+02	3.98547040e+02	4.01386758e+02	4.04148237e+02	4.06756933e+02	4.09136330e+02	4.11207616e+02	4.12891822e+02	4.14115430e+02	4.14819072e+02	4.14967614e+02	4.14559105e+02	4.13630231e+02	4.12256692e+02	4.10548047e+02	4.08637646e+02	4.06669098e+02	4.04781230e+02	4.03093676e+02	4.01695123e+02	4.00635852e+02	3.99925603e+02	3.99537004e+02	3.99413890e+02	3.99483033e+02	3.99667095e+02	3.99896445e+02	4.00117729e+02	4.00297915e+02	4.00423674e+02	4.00497111e+02	4.00529591e+02	4.00535610e+02	4.00528193e+02	4.00516498e+02	4.00505460e+02	4.00496758e+02	4.00490213e+02	4.00484998e+02	4.00480335e+02	4.00475746e+02	4.00471023e+02	4.00466113e+02	4.00461022e+02	4.00455766e+02	4.00450357e+02	4.00444801e+02	4.00439103e+02	4.00433268e+02	4.00427302e+02	4.00421210e+02	4.00414999e+02	4.00408674e+02	4.00402242e+02	4.00395710e+02	4.00389084e+02	4.00382373e+02	4.00375582e+02	4.00368719e+02	4.00361791e+02	4.00354805e+02	4.00347767e+02	4.00340685e+02	4.00333565e+02	4.00326414e+02	4.00319237e+02	4.00312040e+02	4.00304830e+02	4.00297612e+02	4.00290391e+02	4.00283172e+02	4.00275960e+02	4.00268760e+02	4.00261575e+02	4.00254409e+02	4.00247267e+02	4.00240152e+02	4.00233066e+02	4.00226014e+02	4.00218998e+02	4.00212020e+02	4.00205083e+02	4.00198189e+02	4.00191340e+02	4.00184538e+02	4.00177784e+02	4.00171081e+02	4.00164428e+02	4.00157829e+02	4.00151283e+02	4.00144792e+02	4.00138357e+02	4.00131977e+02	4.00125655e+02	4.00119390e+02	4.00113183e+02	4.00107035e+02	4.00100945e+02	4.00094914e+02	4.00088942e+02	4.00083029e+02	4.00077175e+02	4.00071380e+02	4.00065645e+02	4.00059968e+02	4.00054351e+02	4.00048792e+02	4.00043292e+02	4.00037850e+02	4.00032466e+02	4.00027140e+02	4.00021871e+02	4.00016659e+02	4.00011505e+02	4.00006406e+02	4.00001364e+02	3.99996378e+02	3.99991446e+02	3.99986570e+02	3.99981748e+02	3.99976980e+02	3.99972265e+02	3.99967603e+02	3.99962994e+02	3.99958437e+02	3.99953932e+02	3.99949478e+02	3.99945075e+02	3.99940722e+02	3.99936418e+02	3.99932164e+02	3.99927959e+02	3.99923802e+02	3.99919693e+02	3.99915632e+02	3.99911617e+02	3.99907648e+02	3.99903726e+02	3.99899849e+02	3.99896017e+02	3.99892229e+02	3.99888485e+02	3.99884785e+02	3.99881128e+02	3.99877514e+02	3.99873942e+02	3.99870411e+02	3.99866922e+02	3.99863474e+02	3.99860066e+02	3.99856697e+02	3.99853369e+02	3.99850079e+02	3.99846828e+02	3.99843615e+02	3.99840440e+02	3.99837302e+02	3.99834201e+02	3.99831137e+02	3.99828108e+02	3.99825116e+02	3.99822158e+02	3.99819236e+02	3.99816348e+02	3.99813494e+02	3.99810673e+02	3.99807886e+02	3.99805132e+02
12	24	6.96806658e+02	7.06541972e+02	7.13507542e+02	7.17795456e+02	7.19516967e+02	7.18801550e+02	7.15795881e+02	7.10662722e+02	7.03579649e+02	6.94737556e+02	6.84338854e+02	6.72595314e+02	6.59725485e+02	6.45951665e+02	6.31496455e+02	6.16578952e+02	6.01410712e+02	5.86191674e+02	5.71106252e+02	5.56319859e+02	5.41976082e+02	5.28194705e+02	5.15070685e+02	5.02674119e+02	4.91051106e+02	4.80225376e+02	4.70200498e+02	4.60962489e+02	4.52482670e+02	4.44720676e+02	4.37627554e+02	4.31148913e+02	4.25228062e+02	4.19809065e+02	4.14839601e+02	4.10273472e+02	4.06072625e+02	4.02208548e+02	3.98662969e+02	3.95427804e+02	3.92504431e+02	3.89902357e+02	3.87637424e+02	3.85729717e+02	3.84201292e+02	3.83073880e+02	3.82366617e+02	3.82093896e+02	3.82263359e+02	3.82874112e+02	3.83915228e+02	3.85364670e+02	3.87188792e+02	3.89342587e+02	3.91770791e+02	3.94409831e+02	3.97190374e+02	4.00039955e+02	4.02885003e+02	4.05651650e+02	4.08265214e+02	4.10649045e+02	4.12724186e+02	4.14411529e+02	4.15637424e+02	4.16342401e+02	4.16491261e+02	4.16082052e+02	4.15151524e+02	4.13775515e+02	4.12063782e+02	4.10149916e+02	4.08177790e+02	4.06286488e+02	4.04595869e+02	4.03194786e+02	4.02133617e+02	4.01422124e+02	4.01032884e+02	4.00909631e+02	4.00978997e+02	4.01163501e+02	4.01393382e+02	4.01615186e+02	4.01795819e+02	4.01921927e+02	4.01995619e+02	4.02028282e+02	4.02034437e+02	4.02027135e+02	4.02015550e+02	4.02004627e+02	4.01996045e+02	4.01989628e+02	4.01984545e+02	4.01980017e+02	4.01975565e+02	4.01970979e+02	4.01966207e+02	4.01961255e+02	4.01956137e+02	4.01950865e+02	4.01945445e+02	4.01939883e+02	4.01934182e+02	4.01928348e+02	4.01922386e+02	4.01916303e+02	4.01910103e+02	4.01903794e+02	4.01897382e+02	4.01890873e+02	4.01884275e+02	4.01877595e+02	4.01870839e+02	4.01864015e+02	4.01857129e+02	4.01850189e+02	4.01843200e+02	4.01836170e+02	4.01829106e+02	4.01822012e+02	4.01814896e+02	4.01807763e+02	4.01800619e+02	4.01793468e+02	4.01786317e+02	4.01779170e+02	4.01772032e+02	4.01764907e+02	4.01757798e+02	4.01750711e+02	4.01743648e+02	4.01736613e+02	4.01729608e+02	4.01722638e+02	4.01715704e+02	4.01708809e+02	4.01701956e+02	4.01695145e+02	4.01688380e+02	4.01681662e+02	4.01674993e+02	4.01668374e+02	4.01661806e+02	4.01655291e+02	4.01648829e+02	4.01642422e+02	4.01636069e+02	4.01629773e+02	4.01623533e+02	4.01617351e+02	4.01611226e+02	4.01605158e+02	4.01599149e+02	4.01593198e+02	4.01587305e+02	4.01581471e+02	4.01575696e+02	4.01569979e+02	4.01564320e+02	4.01558720e+02	4.01553178e+02	4.01547694e+02	4.01542268e+02	4.01536900e+02	4.01531589e+02	4.01526335e+02	4.01521138e+02	4.01515997e+02	4.01510912e+02	4.01505883e+02	4.01500910e+02	4.01495991e+02	4.01491127e+02	4.01486316e+02	4.01481560e+02	4.01476857e+02	4.01472206e+02	4.01467608e+02	4.01463062e+02	4.01458567e+02	4.01454123e+02	4.01449730e+02	4.01445387e+02	4.01441093e+02	4.01436849e+02	4.01432652e+02	4.01428505e+02	4.01424404e+02	4.01420351e+02	4.01416345e+02	4.01412385e+02	4.01408470e+02	4.01404601e+02	4.01400777e+02	4.01396997e+02	4.01393261e+02	4.01389569e+02	4.01385919e+02	4.01382312e+02	4.01378747e+02	4.01375223e+02	4.01371741e+02	4.01368299e+02	4.01364897e+02	4.01361536e+02	4.01358213e+02	4.01354930e+02	4.01351685e+02	4.01348478e+02	4.01345309e+02	4.01342177e+02	4.01339082e+02	4.01336023e+02	4.01333000e+02	4.01330013e+02	4.01327061e+02	4.01324144e+02	4.01321261e+02	4.01318412e+02	4.01315597e+02	4.01312815e+02	4.01310066e+02
12	25	7.27020460e+02	7.36620499e+02	7.43404360e+02	7.47468346e+02	7.48928063e+02	7.47917418e+02	7.44587562e+02	7.39105733e+02	7.31653943e+02	7.22427439e+02	7.11632869e+02	6.99486074e+02	6.86209464e+02	6.72028947e+02	6.57170436e+02	6.41856003e+02	6.26299819e+02	6.10704050e+02	5.95254956e+02	5.80119419e+02	5.65442148e+02	5.51343738e+02	5.37919691e+02	5.25240415e+02	5.13352123e+02	5.02278478e+02	4.92022813e+02	4.82570730e+02	4.73892965e+02	4.65948394e+02	4.58687157e+02	4.52053830e+02	4.45990616e+02	4.40440465e+02	4.35349984e+02	4.30672022e+02	4.26367738e+02	4.22408045e+02	4.18774326e+02	4.15458396e+02	4.12461759e+02	4.09794244e+02	4.07472174e+02	4.05516211e+02	4.03949042e+02	4.02793004e+02	4.02067767e+02	4.01788117e+02	4.01961904e+02	4.02588203e+02	4.03655784e+02	4.05142006e+02	4.07012317e+02	4.09220505e+02	4.11709852e+02	4.14415129e+02	4.17265222e+02	4.20185830e+02	4.23101540e+02	4.25936666e+02	4.28614710e+02	4.31057176e+02	4.33183227e+02	4.34911880e+02	4.36167746e+02	4.36889955e+02	4.37042483e+02	4.36623336e+02	4.35670145e+02	4.34260556e+02	4.32506964e+02	4.30546189e+02	4.28525614e+02	4.26587743e+02	4.24855412e+02	4.23419709e+02	4.22332296e+02	4.21603214e+02	4.21204379e+02	4.21078139e+02	4.21149308e+02	4.21338478e+02	4.21574155e+02	4.21801556e+02	4.21986765e+02	4.22116100e+02	4.22191719e+02	4.22225295e+02	4.22231709e+02	4.22224334e+02	4.22212571e+02	4.22201490e+02	4.22192811e+02	4.22186352e+02	4.22181262e+02	4.22176742e+02	4.22172301e+02	4.22167724e+02	4.22162957e+02	4.22158004e+02	4.22152882e+02	4.22147602e+02	4.22142170e+02	4.22136591e+02	4.22130869e+02	4.22125008e+02	4.22119015e+02	4.22112896e+02	4.22106655e+02	4.22100299e+02	4.22093836e+02	4.22087271e+02	4.22080612e+02	4.22073866e+02	4.22067039e+02	4.22060139e+02	4.22053173e+02	4.22046148e+02	4.22039071e+02	4.22031949e+02	4.22024788e+02	4.22017594e+02	4.22010375e+02	4.22003135e+02	4.21995882e+02	4.21988620e+02	4.21981354e+02	4.21974090e+02	4.21966833e+02	4.21959586e+02	4.21952355e+02	4.21945143e+02	4.21937955e+02	4.21930793e+02	4.21923661e+02	4.21916562e+02	4.21909499e+02	4.21902474e+02	4.21895490e+02	4.21888550e+02	4.21881654e+02	4.21874805e+02	4.21868005e+02	4.21861256e+02	4.21854557e+02	4.21847912e+02	4.21841321e+02	4.21834784e+02	4.21828304e+02	4.21821879e+02	4.21815512e+02	4.21809203e+02	4.21802952e+02	4.21796760e+02	4.21790626e+02	4.21784552e+02	4.21778537e+02	4.21772582e+02	4.21766686e+02	4.21760849e+02	4.21755072e+02	4.21749355e+02	4.21743696e+02	4.21738097e+02	4.21732557e+02	4.21727075e+02	4.21721652e+02	4.21716287e+02	4.21710980e+02	4.21705730e+02	4.21700537e+02	4.21695402e+02	4.21690322e+02	4.21685299e+02	4.21680331e+02	4.21675419e+02	4.21670561e+02	4.21665757e+02	4.21661008e+02	4.21656312e+02	4.21651668e+02	4.21647078e+02	4.21642539e+02	4.21638052e+02	4.21633616e+02	4.21629230e+02	4.21624895e+02	4.21620609e+02	4.21616372e+02	4.21612185e+02	4.21608045e+02	4.21603953e+02	4.21599908e+02	4.21595910e+02	4.21591958e+02	4.21588051e+02	4.21584191e+02	4.21580374e+02	4.21576603e+02	4.21572875e+02	4.21569190e+02	4.21565549e+02	4.21561950e+02	4.21558393e+02	4.21554877e+02	4.21551403e+02	4.21547969e+02	4.21544575e+02	4.21541222e+02	4.21537907e+02	4.21534632e+02	4.21531394e+02	4.21528195e+02	4.21525034e+02	4.21521909e+02	4.21518822e+02	4.21515770e+02	4.21512755e+02	4.21509775e+02	4.21506831e+02	4.21503921e+02	4.21501045e+02	4.21498203e+02	4.21495395e+02
12	26	7.56616997e+02	7.66041713e+02	7.72608316e+02	7.76417341e+02	7.77588716e+02	7.76260720e+02	7.72588882e+02	7.66744779e+02	7.58914686e+02	7.49298000e+02	7.38105359e+02	7.25556396e+02	7.11877073e+02	6.97296566e+02	6.82043738e+02	6.66343262e+02	6.50411535e+02	6.34452571e+02	6.18654106e+02	6.03184149e+02	5.88188224e+02	5.73787469e+02	5.60077710e+02	5.47129498e+02	5.34989034e+02	5.23679836e+02	5.13204950e+02	5.03549555e+02	4.94683808e+02	4.86565858e+02	4.79144975e+02	4.72364754e+02	4.66166351e+02	4.60491652e+02	4.55286251e+02	4.50502089e+02	4.46099579e+02	4.42049087e+02	4.38331668e+02	4.34939042e+02	4.31872832e+02	4.29143173e+02	4.26766843e+02	4.24765057e+02	4.23161096e+02	4.21977874e+02	4.21235568e+02	4.20949339e+02	4.21127233e+02	4.21768297e+02	4.22861011e+02	4.24382163e+02	4.26296335e+02	4.28556180e+02	4.31103591e+02	4.33871771e+02	4.36787913e+02	4.39775970e+02	4.42758786e+02	4.45658944e+02	4.48398222e+02	4.50896372e+02	4.53070772e+02	4.54838657e+02	4.56122987e+02	4.56861562e+02	4.57017577e+02	4.56588998e+02	4.55614287e+02	4.54172815e+02	4.52379476e+02	4.50374161e+02	4.48307580e+02	4.46325491e+02	4.44553556e+02	4.43084981e+02	4.41972654e+02	4.41226874e+02	4.40818934e+02	4.40689866e+02	4.40762755e+02	4.40956365e+02	4.41197554e+02	4.41430279e+02	4.41619845e+02	4.41752253e+02	4.41829715e+02	4.41864168e+02	4.41870839e+02	4.41863408e+02	4.41851491e+02	4.41840273e+02	4.41831516e+02	4.41825032e+02	4.41819950e+02	4.41815454e+02	4.41811040e+02	4.41806488e+02	4.41801742e+02	4.41796807e+02	4.41791699e+02	4.41786430e+02	4.41781004e+02	4.41775428e+02	4.41769704e+02	4.41763838e+02	4.41757835e+02	4.41751700e+02	4.41745439e+02	4.41739060e+02	4.41732567e+02	4.41725968e+02	4.41719270e+02	4.41712479e+02	4.41705604e+02	4.41698651e+02	4.41691627e+02	4.41684540e+02	4.41677397e+02	4.41670204e+02	4.41662969e+02	4.41655697e+02	4.41648396e+02	4.41641071e+02	4.41633729e+02	4.41626376e+02	4.41619016e+02	4.41611655e+02	4.41604299e+02	4.41596951e+02	4.41589617e+02	4.41582300e+02	4.41575005e+02	4.41567735e+02	4.41560493e+02	4.41553283e+02	4.41546109e+02	4.41538971e+02	4.41531874e+02	4.41524819e+02	4.41517810e+02	4.41510846e+02	4.41503931e+02	4.41497066e+02	4.41490253e+02	4.41483493e+02	4.41476786e+02	4.41470135e+02	4.41463540e+02	4.41457001e+02	4.41450520e+02	4.41444098e+02	4.41437734e+02	4.41431429e+02	4.41425184e+02	4.41418999e+02	4.41412873e+02	4.41406808e+02	4.41400803e+02	4.41394859e+02	4.41388974e+02	4.41383150e+02	4.41377386e+02	4.41371682e+02	4.41366037e+02	4.41360453e+02	4.41354927e+02	4.41349461e+02	4.41344053e+02	4.41338704e+02	4.41333413e+02	4.41328179e+02	4.41323003e+02	4.41317884e+02	4.41312821e+02	4.41307815e+02	4.41302864e+02	4.41297968e+02	4.41293128e+02	4.41288341e+02	4.41283609e+02	4.41278930e+02	4.41274303e+02	4.41269730e+02	4.41265208e+02	4.41260738e+02	4.41256319e+02	4.41251950e+02	4.41247631e+02	4.41243362e+02	4.41239142e+02	4.41234971e+02	4.41230848e+02	4.41226772e+02	4.41222743e+02	4.41218761e+02	4.41214825e+02	4.41210935e+02	4.41207090e+02	4.41203289e+02	4.41199533e+02	4.41195821e+02	4.41192151e+02	4.41188525e+02	4.41184941e+02	4.41181399e+02	4.41177898e+02	4.41174438e+02	4.41171019e+02	4.41167640e+02	4.41164300e+02	4.41161000e+02	4.41157738e+02	4.41154514e+02	4.41151329e+02	4.41148181e+02	4.41145070e+02	4.41141996e+02	4.41138958e+02	4.41135955e+02	4.41132988e+02	4.41130056e+02	4.41127159e+02	4.41124296e+02
13	26	7.35542248e+02	7.44521644e+02	7.50708392e+02	7.54201672e+02	7.55119676e+02	7.53598571e+02	7.49791409e+02	7.43866938e+02	7.36008256e+02	7.26411240e+02	7.15282686e+02	7.02838079e+02	6.89298959e+02	6.74889855e+02	6.59834812e+02	6.44353596e+02	6.28657698e+02	6.12946326e+02	5.97402616e+02	5.82190292e+02	5.67450994e+02	5.53302463e+02	5.39837658e+02	5.27124823e+02	5.15208411e+02	5.04110724e+02	4.93834088e+02	4.84363397e+02	4.75668899e+02	4.67709148e+02	4.60434056e+02	4.53788039e+02	4.47713172e+02	4.42152294e+02	4.37051920e+02	4.32364817e+02	4.28052080e+02	4.24084573e+02	4.20443652e+02	4.17121124e+02	4.14118502e+02	4.11445642e+02	4.09118907e+02	4.07159007e+02	4.05588679e+02	4.04430309e+02	4.03703612e+02	4.03423407e+02	4.03597561e+02	4.04225145e+02	4.05294905e+02	4.06784152e+02	4.08658256e+02	4.10870912e+02	4.13365279e+02	4.16075995e+02	4.18931799e+02	4.21858240e+02	4.24779756e+02	4.27620510e+02	4.30303857e+02	4.32751151e+02	4.34881400e+02	4.36613468e+02	4.37871823e+02	4.38595482e+02	4.38748353e+02	4.38328439e+02	4.37373442e+02	4.35961157e+02	4.34204194e+02	4.32239639e+02	4.30215160e+02	4.28273542e+02	4.26537865e+02	4.25099399e+02	4.24009913e+02	4.23279469e+02	4.22879931e+02	4.22753533e+02	4.22824940e+02	4.23014586e+02	4.23250835e+02	4.23478798e+02	4.23664489e+02	4.23794198e+02	4.23870091e+02	4.23903860e+02	4.23910419e+02	4.23903165e+02	4.23891519e+02	4.23880559e+02	4.23872009e+02	4.23865688e+02	4.23860740e+02	4.23856367e+02	4.23852075e+02	4.23847649e+02	4.23843033e+02	4.23838234e+02	4.23833266e+02	4.23828139e+02	4.23822861e+02	4.23817435e+02	4.23811865e+02	4.23806157e+02	4.23800314e+02	4.23794342e+02	4.23788247e+02	4.23782036e+02	4.23775714e+02	4.23769288e+02	4.23762765e+02	4.23756151e+02	4.23749454e+02	4.23742680e+02	4.23735837e+02	4.23728931e+02	4.23721970e+02	4.23714960e+02	4.23707907e+02	4.23700819e+02	4.23693701e+02	4.23686560e+02	4.23679401e+02	4.23672229e+02	4.23665052e+02	4.23657872e+02	4.23650696e+02	4.23643528e+02	4.23636373e+02	4.23629234e+02	4.23622115e+02	4.23615020e+02	4.23607952e+02	4.23600915e+02	4.23593912e+02	4.23586944e+02	4.23580015e+02	4.23573127e+02	4.23566283e+02	4.23559483e+02	4.23552730e+02	4.23546025e+02	4.23539371e+02	4.23532767e+02	4.23526216e+02	4.23519719e+02	4.23513275e+02	4.23506887e+02	4.23500555e+02	4.23494279e+02	4.23488061e+02	4.23481899e+02	4.23475796e+02	4.23469751e+02	4.23463764e+02	4.23457835e+02	4.23451965e+02	4.23446154e+02	4.23440402e+02	4.23434708e+02	4.23429072e+02	4.23423495e+02	4.23417976e+02	4.23412516e+02	4.23407113e+02	4.23401767e+02	4.23396479e+02	4.23391247e+02	4.23386073e+02	4.23380954e+02	4.23375892e+02	4.23370885e+02	4.23365933e+02	4.23361035e+02	4.23356193e+02	4.23351404e+02	4.23346668e+02	4.23341986e+02	4.23337356e+02	4.23332778e+02	4.23328252e+02	4.23323777e+02	4.23319353e+02	4.23314979e+02	4.23310655e+02	4.23306381e+02	4.23302155e+02	4.23297978e+02	4.23293848e+02	4.23289766e+02	4.23285731e+02	4.23281742e+02	4.23277800e+02	4.23273903e+02	4.23270051e+02	4.23266243e+02	4.23262480e+02	4.23258760e+02	4.23255084e+02	4.23251450e+02	4.23247859e+02	4.23244309e+02	4.23240801e+02	4.23237334e+02	4.23233907e+02	4.23230521e+02	4.23227174e+02	4.23223866e+02	4.23220597e+02	4.23217366e+02	4.23214173e+02	4.23211017e+02	4.23207899e+02	4.23204817e+02	4.23201772e+02	4.23198762e+02	4.23195788e+02	4.23192848e+02	4.23189944e+02	4.23187073e+02	4.23184237e+02	4.23181433e+02
13	27	7.64849973e+02	7.73642320e+02	7.79601905e+02	7.82832104e+02	7.83455383e+02	7.81612213e+02	7.77459940e+02	7.71171551e+02	7.62934294e+02	7.52948067e+02	7.41423515e+02	7.28579767e+02	7.14641757e+02	6.99837122e+02	6.84392698e+02	6.68530694e+02	6.52464679e+02	6.36395577e+02	6.20507886e+02	6.04966362e+02	5.89913388e+02	5.75467204e+02	5.61721064e+02	5.48743346e+02	5.36578498e+02	5.25248690e+02	5.14755983e+02	5.05084866e+02	4.96205034e+02	4.88074331e+02	4.80641820e+02	4.73850954e+02	4.67642778e+02	4.61959083e+02	4.56745385e+02	4.51953558e+02	4.47543959e+02	4.43486914e+02	4.39763456e+02	4.36365297e+02	4.33294068e+02	4.30559927e+02	4.28179686e+02	4.26174599e+02	4.24567988e+02	4.23382813e+02	4.22639284e+02	4.22352590e+02	4.22530793e+02	4.23172936e+02	4.24267478e+02	4.25791167e+02	4.27708523e+02	4.29972115e+02	4.32523738e+02	4.35296481e+02	4.38217414e+02	4.41210366e+02	4.44198053e+02	4.47102933e+02	4.49846661e+02	4.52348863e+02	4.54526786e+02	4.56297537e+02	4.57583958e+02	4.58323753e+02	4.58480059e+02	4.58050840e+02	4.57074619e+02	4.55630890e+02	4.53834729e+02	4.51826248e+02	4.49756399e+02	4.47771173e+02	4.45996437e+02	4.44525552e+02	4.43411493e+02	4.42664578e+02	4.42256056e+02	4.42126863e+02	4.42199959e+02	4.42393977e+02	4.42635656e+02	4.42868861e+02	4.43058840e+02	4.43191574e+02	4.43269275e+02	4.43303903e+02	4.43310707e+02	4.43303389e+02	4.43291582e+02	4.43280480e+02	4.43271844e+02	4.43265489e+02	4.43260542e+02	4.43256183e+02	4.43251908e+02	4.43247498e+02	4.43242894e+02	4.43238104e+02	4.43233141e+02	4.43228016e+02	4.43222736e+02	4.43217304e+02	4.43211724e+02	4.43206001e+02	4.43200140e+02	4.43194145e+02	4.43188023e+02	4.43181779e+02	4.43175420e+02	4.43168953e+02	4.43162384e+02	4.43155719e+02	4.43148967e+02	4.43142134e+02	4.43135226e+02	4.43128253e+02	4.43121219e+02	4.43114133e+02	4.43107000e+02	4.43099829e+02	4.43092624e+02	4.43085392e+02	4.43078140e+02	4.43070873e+02	4.43063597e+02	4.43056317e+02	4.43049038e+02	4.43041765e+02	4.43034502e+02	4.43027254e+02	4.43020025e+02	4.43012819e+02	4.43005639e+02	4.42998488e+02	4.42991370e+02	4.42984287e+02	4.42977242e+02	4.42970238e+02	4.42963276e+02	4.42956360e+02	4.42949490e+02	4.42942668e+02	4.42935896e+02	4.42929176e+02	4.42922508e+02	4.42915894e+02	4.42909335e+02	4.42902831e+02	4.42896384e+02	4.42889993e+02	4.42883661e+02	4.42877386e+02	4.42871170e+02	4.42865013e+02	4.42858914e+02	4.42852876e+02	4.42846896e+02	4.42840976e+02	4.42835116e+02	4.42829314e+02	4.42823573e+02	4.42817890e+02	4.42812267e+02	4.42806703e+02	4.42801197e+02	4.42795750e+02	4.42790361e+02	4.42785030e+02	4.42779757e+02	4.42774540e+02	4.42769381e+02	4.42764278e+02	4.42759231e+02	4.42754240e+02	4.42749305e+02	4.42744424e+02	4.42739597e+02	4.42734825e+02	4.42730106e+02	4.42725440e+02	4.42720827e+02	4.42716266e+02	4.42711756e+02	4.42707298e+02	4.42702891e+02	4.42698534e+02	4.42694226e+02	4.42689968e+02	4.42685759e+02	4.42681598e+02	4.42677485e+02	4.42673419e+02	4.42669400e+02	4.42665427e+02	4.42661501e+02	4.42657620e+02	4.42653784e+02	4.42649992e+02	4.42646244e+02	4.42642540e+02	4.42638879e+02	4.42635261e+02	4.42631685e+02	4.42628150e+02	4.42624657e+02	4.42621205e+02	4.42617793e+02	4.42614421e+02	4.42611088e+02	4.42607795e+02	4.42604540e+02	4.42601323e+02	4.42598144e+02	4.42595003e+02	4.42591898e+02	4.42588830e+02	4.42585798e+02	4.42582802e+02	4.42579840e+02	4.42576914e+02	4.42574023e+02	4.42571165e+02
14	28	7.73363422e+02	7.81544410e+02	7.86916838e+02	7.89586864e+02	7.89679430e+02	7.87337143e+02	7.82719114e+02	7.75999694e+02	7.67367059e+02	7.57021581e+02	7.45173893e+02	7.32042614e+02	7.17851666e+02	7.02827179e+02	6.87194016e+02	6.71172001e+02	6.54971979e+02	6.38791908e+02	6.22813190e+02	6.07197485e+02	5.92084207e+02	5.77588861e+02	5.63802294e+02	5.50790857e+02	5.38597374e+02	5.27242772e+02	5.16728207e+02	5.07037533e+02	4.98140015e+02	4.89993206e+02	4.82545965e+02	4.75741591e+02	4.69521001e+02	4.63825878e+02	4.58601639e+02	4.53800071e+02	4.49381463e+02	4.45316091e+02	4.41584958e+02	4.38179767e+02	4.35102160e+02	4.32362323e+02	4.29977109e+02	4.27967825e+02	4.26357846e+02	4.25170184e+02	4.24425097e+02	4.24137810e+02	4.24316399e+02	4.24959908e+02	4.26056769e+02	4.27583676e+02	4.29505071e+02	4.31773417e+02	4.34330384e+02	4.37108916e+02	4.40035928e+02	4.43035089e+02	4.46028955e+02	4.48939826e+02	4.51689196e+02	4.54196534e+02	4.56378921e+02	4.58153301e+02	4.59442365e+02	4.60183696e+02	4.60340356e+02	4.59910309e+02	4.58932152e+02	4.57485539e+02	4.55685774e+02	4.53673251e+02	4.51599229e+02	4.49609995e+02	4.47831679e+02	4.46357835e+02	4.45241549e+02	4.44493165e+02	4.44083875e+02	4.43954493e+02	4.44027822e+02	4.44222325e+02	4.44464592e+02	4.44698371e+02	4.44888839e+02	4.45021947e+02	4.45099914e+02	4.45134722e+02	4.45141653e+02	4.45134436e+02	4.45122724e+02	4.45111722e+02	4.45103195e+02	4.45096956e+02	4.45092130e+02	4.45087896e+02	4.45083749e+02	4.45079468e+02	4.45074996e+02	4.45070337e+02	4.45065506e+02	4.45060514e+02	4.45055367e+02	4.45050067e+02	4.45044620e+02	4.45039028e+02	4.45033296e+02	4.45027430e+02	4.45021435e+02	4.45015316e+02	4.45009080e+02	4.45002733e+02	4.44996281e+02	4.44989732e+02	4.44983092e+02	4.44976368e+02	4.44969568e+02	4.44962697e+02	4.44955764e+02	4.44948774e+02	4.44941736e+02	4.44934654e+02	4.44927537e+02	4.44920390e+02	4.44913219e+02	4.44906030e+02	4.44898829e+02	4.44891621e+02	4.44884411e+02	4.44877205e+02	4.44870006e+02	4.44862820e+02	4.44855649e+02	4.44848499e+02	4.44841373e+02	4.44834274e+02	4.44827206e+02	4.44820171e+02	4.44813172e+02	4.44806212e+02	4.44799292e+02	4.44792416e+02	4.44785585e+02	4.44778800e+02	4.44772064e+02	4.44765378e+02	4.44758743e+02	4.44752161e+02	4.44745632e+02	4.44739157e+02	4.44732738e+02	4.44726375e+02	4.44720068e+02	4.44713819e+02	4.44707627e+02	4.44701493e+02	4.44695417e+02	4.44689400e+02	4.44683441e+02	4.44677541e+02	4.44671700e+02	4.44665918e+02	4.44660194e+02	4.44654529e+02	4.44648923e+02	4.44643375e+02	4.44637886e+02	4.44632454e+02	4.44627080e+02	4.44621763e+02	4.44616504e+02	4.44611301e+02	4.44606155e+02	4.44601065e+02	4.44596030e+02	4.44591051e+02	4.44586127e+02	4.44581258e+02	4.44576443e+02	4.44571681e+02	4.44566972e+02	4.44562317e+02	4.44557713e+02	4.44553162e+02	4.44548662e+02	4.44544213e+02	4.44539814e+02	4.44535466e+02	4.44531167e+02	4.44526917e+02	4.44522716e+02	4.44518563e+02	4.44514457e+02	4.44510399e+02	4.44506387e+02	4.44502422e+02	4.44498502e+02	4.44494628e+02	4.44490799e+02	4.44487013e+02	4.44483272e+02	4.44479574e+02	4.44475919e+02	4.44472307e+02	4.44468737e+02	4.44465208e+02	4.44461720e+02	4.44458273e+02	4.44454867e+02	4.44451500e+02	4.44448172e+02	4.44444884e+02	4.44441634e+02	4.44438422e+02	4.44435248e+02	4.44432111e+02	4.44429011e+02	4.44425947e+02	4.44422919e+02	4.44419927e+02	4.44416970e+02	4.44414048e+02	4.44411160e+02	4.44408306e+02
14	29	8.01820256e+02	8.09772080e+02	8.14880859e+02	8.17256899e+02	8.17029312e+02	8.14344862e+02	8.09366755e+02	8.02273340e+02	7.93256657e+02	7.82520766e+02	7.70279784e+02	7.56755567e+02	7.42174997e+02	7.26766857e+02	7.10758330e+02	6.94371210e+02	6.77817961e+02	6.61297816e+02	6.44993136e+02	6.29066259e+02	6.13657039e+02	5.98881237e+02	5.84829818e+02	5.71569138e+02	5.59141941e+02	5.47568983e+02	5.36851151e+02	5.26971915e+02	5.17900017e+02	5.09592347e+02	5.01996974e+02	4.95056291e+02	4.88710250e+02	4.82899548e+02	4.77568663e+02	4.72668543e+02	4.68158782e+02	4.64009148e+02	4.60200342e+02	4.56723977e+02	4.53581805e+02	4.50784299e+02	4.48348732e+02	4.46296923e+02	4.44652800e+02	4.43439912e+02	4.42678984e+02	4.42385590e+02	4.42567989e+02	4.43225198e+02	4.44345380e+02	4.45904700e+02	4.47866797e+02	4.50183077e+02	4.52793926e+02	4.55630829e+02	4.58619131e+02	4.61680882e+02	4.64737018e+02	4.67708235e+02	4.70514427e+02	4.73073436e+02	4.75300686e+02	4.77111470e+02	4.78426944e+02	4.79183459e+02	4.79343351e+02	4.78904545e+02	4.77906415e+02	4.76430208e+02	4.74593554e+02	4.72539693e+02	4.70422974e+02	4.68392700e+02	4.66577626e+02	4.65073271e+02	4.63933858e+02	4.63169973e+02	4.62752227e+02	4.62620214e+02	4.62695131e+02	4.62893747e+02	4.63141121e+02	4.63379833e+02	4.63574335e+02	4.63710288e+02	4.63789955e+02	4.63825570e+02	4.63832731e+02	4.63825453e+02	4.63813589e+02	4.63802452e+02	4.63793844e+02	4.63787574e+02	4.63782747e+02	4.63778528e+02	4.63774398e+02	4.63770133e+02	4.63765673e+02	4.63761023e+02	4.63756199e+02	4.63751210e+02	4.63746063e+02	4.63740760e+02	4.63735305e+02	4.63729702e+02	4.63723956e+02	4.63718071e+02	4.63712053e+02	4.63705906e+02	4.63699639e+02	4.63693256e+02	4.63686764e+02	4.63680170e+02	4.63673481e+02	4.63666705e+02	4.63659847e+02	4.63652915e+02	4.63645917e+02	4.63638859e+02	4.63631748e+02	4.63624591e+02	4.63617395e+02	4.63610166e+02	4.63602910e+02	4.63595633e+02	4.63588342e+02	4.63581041e+02	4.63573737e+02	4.63566434e+02	4.63559136e+02	4.63551849e+02	4.63544577e+02	4.63537324e+02	4.63530094e+02	4.63522889e+02	4.63515715e+02	4.63508573e+02	4.63501466e+02	4.63494397e+02	4.63487369e+02	4.63480384e+02	4.63473444e+02	4.63466550e+02	4.63459705e+02	4.63452910e+02	4.63446166e+02	4.63439475e+02	4.63432837e+02	4.63426255e+02	4.63419728e+02	4.63413258e+02	4.63406844e+02	4.63400489e+02	4.63394191e+02	4.63387953e+02	4.63381773e+02	4.63375652e+02	4.63369591e+02	4.63363590e+02	4.63357647e+02	4.63351765e+02	4.63345942e+02	4.63340179e+02	4.63334475e+02	4.63328830e+02	4.63323245e+02	4.63317718e+02	4.63312250e+02	4.63306840e+02	4.63301488e+02	4.63296194e+02	4.63290957e+02	4.63285778e+02	4.63280655e+02	4.63275588e+02	4.63270577e+02	4.63265621e+02	4.63260721e+02	4.63255875e+02	4.63251083e+02	4.63246345e+02	4.63241661e+02	4.63237029e+02	4.63232449e+02	4.63227921e+02	4.63223445e+02	4.63219019e+02	4.63214644e+02	4.63210319e+02	4.63206043e+02	4.63201816e+02	4.63197638e+02	4.63193507e+02	4.63189424e+02	4.63185389e+02	4.63181399e+02	4.63177456e+02	4.63173559e+02	4.63169706e+02	4.63165898e+02	4.63162135e+02	4.63158415e+02	4.63154738e+02	4.63151105e+02	4.63147513e+02	4.63143964e+02	4.63140455e+02	4.63136988e+02	4.63133561e+02	4.63130175e+02	4.63126828e+02	4.63123520e+02	4.63120251e+02	4.63117020e+02	4.63113827e+02	4.63110672e+02	4.63107554e+02	4.63104472e+02	4.63101427e+02	4.63098417e+02	4.63095443e+02	4.63092504e+02	4.63089600e+02
14	30	8.29742512e+02	8.37437517e+02	8.42258552e+02	8.44320046e+02	8.43755231e+02	8.40714941e+02	8.35366366e+02	8.27891711e+02	8.18486710e+02	8.07358918e+02	7.94725713e+02	7.80811945e+02	7.65847192e+02	7.50062608e+02	7.33687405e+02	7.16945052e+02	7.00049338e+02	6.83200491e+02	6.66581567e+02	6.50355341e+02	6.34661906e+02	6.19617108e+02	6.05311890e+02	5.91812521e+02	5.79161592e+02	5.67379652e+02	5.56467302e+02	5.46407627e+02	5.37168863e+02	5.28707265e+02	5.20970141e+02	5.13899021e+02	5.07432931e+02	5.01511628e+02	4.96078691e+02	4.91084262e+02	4.86487274e+02	4.82257006e+02	4.78373872e+02	4.74829399e+02	4.71625443e+02	4.68772751e+02	4.66288999e+02	4.64196497e+02	4.62519701e+02	4.61282672e+02	4.60506586e+02	4.60207348e+02	4.60393394e+02	4.61063713e+02	4.62206213e+02	4.63796548e+02	4.65797595e+02	4.68159745e+02	4.70822155e+02	4.73714915e+02	4.76761868e+02	4.79883514e+02	4.82999240e+02	4.86028204e+02	4.88888770e+02	4.91497226e+02	4.93767408e+02	4.95613027e+02	4.96953775e+02	4.97724820e+02	4.97887804e+02	4.97440618e+02	4.96423375e+02	4.94918851e+02	4.93046897e+02	4.90953478e+02	4.88795901e+02	4.86726356e+02	4.84876107e+02	4.83342557e+02	4.82181015e+02	4.81402297e+02	4.80976460e+02	4.80841929e+02	4.80918368e+02	4.81120920e+02	4.81373184e+02	4.81616618e+02	4.81814983e+02	4.81953659e+02	4.82034956e+02	4.82071345e+02	4.82078729e+02	4.82071395e+02	4.82059389e+02	4.82048125e+02	4.82039443e+02	4.82033145e+02	4.82028322e+02	4.82024120e+02	4.82020010e+02	4.82015763e+02	4.82011319e+02	4.82006683e+02	4.82001869e+02	4.81996888e+02	4.81991745e+02	4.81986443e+02	4.81980986e+02	4.81975378e+02	4.81969622e+02	4.81963723e+02	4.81957688e+02	4.81951520e+02	4.81945227e+02	4.81938814e+02	4.81932289e+02	4.81925657e+02	4.81918926e+02	4.81912104e+02	4.81905196e+02	4.81898210e+02	4.81891154e+02	4.81884035e+02	4.81876859e+02	4.81869633e+02	4.81862365e+02	4.81855061e+02	4.81847728e+02	4.81840371e+02	4.81832997e+02	4.81825611e+02	4.81818219e+02	4.81810826e+02	4.81803437e+02	4.81796057e+02	4.81788690e+02	4.81781340e+02	4.81774012e+02	4.81766710e+02	4.81759435e+02	4.81752193e+02	4.81744985e+02	4.81737815e+02	4.81730685e+02	4.81723597e+02	4.81716554e+02	4.81709558e+02	4.81702610e+02	4.81695712e+02	4.81688865e+02	4.81682072e+02	4.81675332e+02	4.81668648e+02	4.81662019e+02	4.81655448e+02	4.81648934e+02	4.81642478e+02	4.81636081e+02	4.81629743e+02	4.81623465e+02	4.81617247e+02	4.81611089e+02	4.81604991e+02	4.81598953e+02	4.81592976e+02	4.81587059e+02	4.81581202e+02	4.81575405e+02	4.81569669e+02	4.81563993e+02	4.81558376e+02	4.81552818e+02	4.81547320e+02	4.81541881e+02	4.81536500e+02	4.81531178e+02	4.81525913e+02	4.81520706e+02	4.81515556e+02	4.81510463e+02	4.81505426e+02	4.81500445e+02	4.81495519e+02	4.81490648e+02	4.81485832e+02	4.81481070e+02	4.81476362e+02	4.81471706e+02	4.81467104e+02	4.81462553e+02	4.81458055e+02	4.81453607e+02	4.81449211e+02	4.81444864e+02	4.81440567e+02	4.81436320e+02	4.81432121e+02	4.81427971e+02	4.81423868e+02	4.81419813e+02	4.81415805e+02	4.81411843e+02	4.81407926e+02	4.81404056e+02	4.81400230e+02	4.81396448e+02	4.81392711e+02	4.81389017e+02	4.81385366e+02	4.81381757e+02	4.81378191e+02	4.81374666e+02	4.81371183e+02	4.81367740e+02	4.81364338e+02	4.81360975e+02	4.81357652e+02	4.81354368e+02	4.81351122e+02	4.81347914e+02	4.81344745e+02	4.81341612e+02	4.81338516e+02	4.81335457e+02	4.81332433e+02	4.81329446e+02	4.81326493e+02
15	31	8.37931392e+02	8.45019399e+02	8.49259782e+02	8.50769589e+02	8.49684334e+02	8.46156768e+02	8.40355598e+02	8.32464127e+02	8.22678738e+02	8.11207165e+02	7.98266477e+02	7.84080723e+02	7.68878188e+02	7.52888259e+02	7.36337947e+02	7.19448147e+02	7.02429786e+02	6.85480036e+02	6.68778832e+02	6.52485881e+02	6.36738383e+02	6.21649567e+02	6.07308115e+02	5.93778426e+02	5.81101624e+02	5.69297156e+02	5.58364838e+02	5.48287214e+02	5.39032164e+02	5.30555702e+02	5.22804963e+02	5.15721348e+02	5.09243771e+02	5.03311891e+02	4.97869197e+02	4.92865751e+02	4.88260424e+02	4.84022448e+02	4.80132210e+02	4.76581227e+02	4.73371367e+02	4.70513402e+02	4.68025046e+02	4.65928658e+02	4.64248744e+02	4.63009413e+02	4.62231884e+02	4.61932096e+02	4.62118499e+02	4.62790081e+02	4.63934726e+02	4.65528039e+02	4.67532823e+02	4.69899373e+02	4.72566729e+02	4.75464846e+02	4.78517424e+02	4.81644817e+02	4.84766260e+02	4.87800767e+02	4.90666554e+02	4.93279762e+02	4.95554074e+02	4.97403050e+02	4.98746242e+02	4.99518706e+02	4.99682016e+02	4.99234061e+02	4.98215023e+02	4.96707826e+02	4.94832533e+02	4.92735370e+02	4.90573927e+02	4.88500670e+02	4.86647104e+02	4.85110811e+02	4.83947204e+02	4.83167123e+02	4.82740572e+02	4.82605863e+02	4.82682513e+02	4.82885511e+02	4.83138314e+02	4.83382276e+02	4.83581089e+02	4.83720108e+02	4.83801648e+02	4.83838200e+02	4.83845697e+02	4.83838453e+02	4.83826533e+02	4.83815359e+02	4.83806774e+02	4.83800582e+02	4.83795870e+02	4.83791782e+02	4.83787789e+02	4.83783662e+02	4.83779338e+02	4.83774824e+02	4.83770133e+02	4.83765276e+02	4.83760257e+02	4.83755080e+02	4.83749748e+02	4.83744263e+02	4.83738631e+02	4.83732855e+02	4.83726940e+02	4.83720893e+02	4.83714718e+02	4.83708421e+02	4.83702010e+02	4.83695490e+02	4.83688869e+02	4.83682153e+02	4.83675349e+02	4.83668465e+02	4.83661507e+02	4.83654484e+02	4.83647400e+02	4.83640265e+02	4.83633084e+02	4.83625864e+02	4.83618611e+02	4.83611332e+02	4.83604033e+02	4.83596720e+02	4.83589397e+02	4.83582071e+02	4.83574747e+02	4.83567428e+02	4.83560121e+02	4.83552829e+02	4.83545555e+02	4.83538305e+02	4.83531081e+02	4.83523887e+02	4.83516726e+02	4.83509601e+02	4.83502513e+02	4.83495467e+02	4.83488463e+02	4.83481505e+02	4.83474593e+02	4.83467730e+02	4.83460917e+02	4.83454156e+02	4.83447447e+02	4.83440793e+02	4.83434193e+02	4.83427649e+02	4.83421162e+02	4.83414732e+02	4.83408359e+02	4.83402045e+02	4.83395790e+02	4.83389594e+02	4.83383457e+02	4.83377380e+02	4.83371362e+02	4.83365404e+02	4.83359506e+02	4.83353667e+02	4.83347888e+02	4.83342168e+02	4.83336508e+02	4.83330907e+02	4.83325365e+02	4.83319882e+02	4.83314457e+02	4.83309090e+02	4.83303781e+02	4.83298530e+02	4.83293335e+02	4.83288198e+02	4.83283117e+02	4.83278091e+02	4.83273122e+02	4.83268207e+02	4.83263347e+02	4.83258541e+02	4.83253790e+02	4.83249091e+02	4.83244445e+02	4.83239852e+02	4.83235311e+02	4.83230821e+02	4.83226382e+02	4.83221994e+02	4.83217656e+02	4.83213367e+02	4.83209128e+02	4.83204937e+02	4.83200794e+02	4.83196699e+02	4.83192651e+02	4.83188649e+02	4.83184694e+02	4.83180784e+02	4.83176920e+02	4.83173101e+02	4.83169326e+02	4.83165594e+02	4.83161906e+02	4.83158261e+02	4.83154658e+02	4.83151098e+02	4.83147578e+02	4.83144100e+02	4.83140663e+02	4.83137265e+02	4.83133908e+02	4.83130590e+02	4.83127310e+02	4.83124069e+02	4.83120866e+02	4.83117701e+02	4.83114573e+02	4.83111481e+02	4.83108426e+02	4.83105407e+02	4.83102423e+02	4.83099475e+02
16	32	8.46305942e+02	8.52805136e+02	8.56482206e+02	8.57456750e+02	8.55866497e+02	8.51866043e+02	8.45625554e+02	8.37329371e+02	8.27174474e+02	8.15368735e+02	8.02128888e+02	7.87678162e+02	7.72243551e+02	7.56052698e+02	7.39330457e+02	7.22295215e+02	7.05155121e+02	6.88104404e+02	6.71320003e+02	6.54958698e+02	6.39154939e+02	6.24019489e+02	6.09638906e+02	5.96075846e+02	5.83370072e+02	5.71540017e+02	5.60584774e+02	5.50486394e+02	5.41212422e+02	5.32718641e+02	5.24952017e+02	5.17853814e+02	5.11362821e+02	5.05418585e+02	4.99964491e+02	4.94950512e+02	4.90335443e+02	4.86088462e+02	4.82189923e+02	4.78631335e+02	4.75414576e+02	4.72550450e+02	4.70056716e+02	4.67955787e+02	4.66272228e+02	4.65030207e+02	4.64250991e+02	4.63950557e+02	4.64137376e+02	4.64810431e+02	4.65957579e+02	4.67554367e+02	4.69563514e+02	4.71935201e+02	4.74608329e+02	4.77512701e+02	4.80571847e+02	4.83705947e+02	4.86834064e+02	4.89875041e+02	4.92746922e+02	4.95365675e+02	4.97644805e+02	4.99497697e+02	5.00843737e+02	5.01617851e+02	5.01781534e+02	5.01332672e+02	5.00311529e+02	4.98801201e+02	4.96921999e+02	4.94820452e+02	4.92654483e+02	4.90576879e+02	4.88719425e+02	4.87179917e+02	4.86013885e+02	4.85232198e+02	4.84804797e+02	4.84669864e+02	4.84746745e+02	4.84950246e+02	4.85203663e+02	4.85448222e+02	4.85647540e+02	4.85786940e+02	4.85868741e+02	4.85905462e+02	4.85913070e+02	4.85905909e+02	4.85894064e+02	4.85882972e+02	4.85874476e+02	4.85868382e+02	4.85863773e+02	4.85859792e+02	4.85855910e+02	4.85851894e+02	4.85847685e+02	4.85843285e+02	4.85838711e+02	4.85833970e+02	4.85829069e+02	4.85824009e+02	4.85818795e+02	4.85813427e+02	4.85807912e+02	4.85802252e+02	4.85796452e+02	4.85790518e+02	4.85784455e+02	4.85778269e+02	4.85771966e+02	4.85765552e+02	4.85759035e+02	4.85752420e+02	4.85745715e+02	4.85738927e+02	4.85732063e+02	4.85725130e+02	4.85718135e+02	4.85711084e+02	4.85703985e+02	4.85696845e+02	4.85689668e+02	4.85682463e+02	4.85675235e+02	4.85667990e+02	4.85660733e+02	4.85653470e+02	4.85646206e+02	4.85638945e+02	4.85631693e+02	4.85624454e+02	4.85617232e+02	4.85610031e+02	4.85602854e+02	4.85595705e+02	4.85588587e+02	4.85581502e+02	4.85574455e+02	4.85567446e+02	4.85560479e+02	4.85553555e+02	4.85546676e+02	4.85539845e+02	4.85533063e+02	4.85526331e+02	4.85519650e+02	4.85513022e+02	4.85506449e+02	4.85499929e+02	4.85493466e+02	4.85487059e+02	4.85480708e+02	4.85474416e+02	4.85468181e+02	4.85462004e+02	4.85455886e+02	4.85449827e+02	4.85443826e+02	4.85437885e+02	4.85432003e+02	4.85426180e+02	4.85420416e+02	4.85414711e+02	4.85409065e+02	4.85403477e+02	4.85397948e+02	4.85392477e+02	4.85387065e+02	4.85381710e+02	4.85376412e+02	4.85371172e+02	4.85365988e+02	4.85360861e+02	4.85355789e+02	4.85350774e+02	4.85345813e+02	4.85340908e+02	4.85336057e+02	4.85331260e+02	4.85326516e+02	4.85321826e+02	4.85317188e+02	4.85312602e+02	4.85308068e+02	4.85303586e+02	4.85299154e+02	4.85294772e+02	4.85290441e+02	4.85286159e+02	4.85281925e+02	4.85277740e+02	4.85273603e+02	4.85269514e+02	4.85265471e+02	4.85261475e+02	4.85257525e+02	4.85253621e+02	4.85249762e+02	4.85245947e+02	4.85242177e+02	4.85238450e+02	4.85234766e+02	4.85231126e+02	4.85227527e+02	4.85223971e+02	4.85220456e+02	4.85216982e+02	4.85213548e+02	4.85210155e+02	4.85206801e+02	4.85203486e+02	4.85200210e+02	4.85196973e+02	4.85193773e+02	4.85190611e+02	4.85187486e+02	4.85184398e+02	4.85181346e+02	4.85178330e+02	4.85175349e+02	4.85172404e+02
16	33	8.73186849e+02	8.79396181e+02	8.82758445e+02	8.83397209e+02	8.81454107e+02	8.77087547e+02	8.70471363e+02	8.61793392e+02	8.51253906e+02	8.39063831e+02	8.25442688e+02	8.10616207e+02	7.94813564e+02	7.78264260e+02	7.61194669e+02	7.43824369e+02	7.26362382e+02	7.09003533e+02	6.91925110e+02	6.75284055e+02	6.59214849e+02	6.43828195e+02	6.29210550e+02	6.15424448e+02	6.02509502e+02	5.90483967e+02	5.79346694e+02	5.69079401e+02	5.59649182e+02	5.51011246e+02	5.43111857e+02	5.35891479e+02	5.29288038e+02	5.23240203e+02	5.17690516e+02	5.12588198e+02	5.07891422e+02	5.03568912e+02	4.99600749e+02	4.95978363e+02	4.92703731e+02	4.89787912e+02	4.87249043e+02	4.85109996e+02	4.83395831e+02	4.82131198e+02	4.81337782e+02	4.81031875e+02	4.81222108e+02	4.81907443e+02	4.83075495e+02	4.84701336e+02	4.86746967e+02	4.89161619e+02	4.91883044e+02	4.94839737e+02	4.97953820e+02	5.01144023e+02	5.04327957e+02	5.07423025e+02	5.10345838e+02	5.13010907e+02	5.15330250e+02	5.17215771e+02	5.18585484e+02	5.19373208e+02	5.19539786e+02	5.19083072e+02	5.18044025e+02	5.16507170e+02	5.14594901e+02	5.12456299e+02	5.10252056e+02	5.08137665e+02	5.06247262e+02	5.04680405e+02	5.03493642e+02	5.02698060e+02	5.02263078e+02	5.02125785e+02	5.02204090e+02	5.02411277e+02	5.02669271e+02	5.02918252e+02	5.03121187e+02	5.03263136e+02	5.03346463e+02	5.03383908e+02	5.03391723e+02	5.03384509e+02	5.03372530e+02	5.03361319e+02	5.03352753e+02	5.03346634e+02	5.03342029e+02	5.03338064e+02	5.03334201e+02	5.03330205e+02	5.03326012e+02	5.03321627e+02	5.03317064e+02	5.03312333e+02	5.03307439e+02	5.03302384e+02	5.03297171e+02	5.03291802e+02	5.03286282e+02	5.03280614e+02	5.03274804e+02	5.03268855e+02	5.03262773e+02	5.03256564e+02	5.03250235e+02	5.03243792e+02	5.03237241e+02	5.03230589e+02	5.03223843e+02	5.03217011e+02	5.03210098e+02	5.03203113e+02	5.03196063e+02	5.03188954e+02	5.03181794e+02	5.03174589e+02	5.03167345e+02	5.03160070e+02	5.03152770e+02	5.03145450e+02	5.03138116e+02	5.03130773e+02	5.03123428e+02	5.03116085e+02	5.03108749e+02	5.03101424e+02	5.03094115e+02	5.03086825e+02	5.03079559e+02	5.03072320e+02	5.03065111e+02	5.03057935e+02	5.03050795e+02	5.03043693e+02	5.03036633e+02	5.03029616e+02	5.03022644e+02	5.03015719e+02	5.03008843e+02	5.03002018e+02	5.02995244e+02	5.02988523e+02	5.02981856e+02	5.02975245e+02	5.02968689e+02	5.02962190e+02	5.02955749e+02	5.02949365e+02	5.02943040e+02	5.02936773e+02	5.02930566e+02	5.02924418e+02	5.02918330e+02	5.02912301e+02	5.02906333e+02	5.02900424e+02	5.02894575e+02	5.02888785e+02	5.02883055e+02	5.02877385e+02	5.02871774e+02	5.02866221e+02	5.02860728e+02	5.02855293e+02	5.02849916e+02	5.02844597e+02	5.02839336e+02	5.02834132e+02	5.02828985e+02	5.02823894e+02	5.02818859e+02	5.02813880e+02	5.02808956e+02	5.02804087e+02	5.02799272e+02	5.02794511e+02	5.02789803e+02	5.02785148e+02	5.02780546e+02	5.02775996e+02	5.02771497e+02	5.02767050e+02	5.02762653e+02	5.02758306e+02	5.02754009e+02	5.02749761e+02	5.02745561e+02	5.02741410e+02	5.02737306e+02	5.02733250e+02	5.02729240e+02	5.02725277e+02	5.02721359e+02	5.02717487e+02	5.02713660e+02	5.02709877e+02	5.02706137e+02	5.02702442e+02	5.02698789e+02	5.02695179e+02	5.02691610e+02	5.02688084e+02	5.02684598e+02	5.02681153e+02	5.02677749e+02	5.02674384e+02	5.02671059e+02	5.02667772e+02	5.02664524e+02	5.02661315e+02	5.02658142e+02	5.02655007e+02	5.02651909e+02	5.02648847e+02	5.02645822e+02	5.02642831e+02
16	34	8.99589299e+02	9.05490153e+02	9.08521853e+02	9.08811882e+02	9.06505710e+02	9.01765453e+02	8.94768493e+02	8.85706020e+02	8.74781432e+02	8.62208526e+02	8.48209413e+02	8.33012106e+02	8.16847742e+02	7.99947446e+02	7.82538879e+02	7.64842578e+02	7.47068221e+02	7.29411019e+02	7.12048425e+02	6.95137386e+02	6.78812276e+02	6.63183637e+02	6.48337747e+02	6.34336960e+02	6.21220714e+02	6.09007066e+02	5.97694624e+02	5.87264781e+02	5.77684200e+02	5.68907534e+02	5.60880375e+02	5.53542418e+02	5.46830758e+02	5.40683219e+02	5.35041534e+02	5.29854199e+02	5.25078789e+02	5.20683589e+02	5.16648421e+02	5.12964636e+02	5.09634308e+02	5.06668739e+02	5.04086432e+02	5.01910702e+02	5.00167082e+02	4.98880686e+02	4.98073605e+02	4.97762430e+02	4.97955950e+02	4.98653103e+02	4.99841273e+02	5.01495075e+02	5.03575817e+02	5.06031819e+02	5.08799725e+02	5.11806771e+02	5.14973726e+02	5.18217923e+02	5.21455574e+02	5.24602700e+02	5.27574529e+02	5.30284172e+02	5.32642217e+02	5.34559140e+02	5.35951635e+02	5.36752457e+02	5.36921822e+02	5.36457553e+02	5.35401275e+02	5.33838891e+02	5.31894798e+02	5.29720535e+02	5.27479459e+02	5.25329664e+02	5.23407551e+02	5.21814374e+02	5.20607661e+02	5.19798706e+02	5.19356430e+02	5.19216867e+02	5.19296543e+02	5.19507278e+02	5.19769679e+02	5.20022917e+02	5.20229333e+02	5.20373738e+02	5.20458533e+02	5.20496677e+02	5.20504694e+02	5.20497430e+02	5.20485324e+02	5.20474000e+02	5.20465369e+02	5.20459228e+02	5.20454628e+02	5.20450682e+02	5.20446840e+02	5.20442865e+02	5.20438691e+02	5.20434322e+02	5.20429774e+02	5.20425056e+02	5.20420172e+02	5.20415124e+02	5.20409916e+02	5.20404550e+02	5.20399029e+02	5.20393357e+02	5.20387538e+02	5.20381579e+02	5.20375483e+02	5.20369257e+02	5.20362906e+02	5.20356438e+02	5.20349858e+02	5.20343174e+02	5.20336392e+02	5.20329520e+02	5.20322565e+02	5.20315533e+02	5.20308433e+02	5.20301272e+02	5.20294055e+02	5.20286791e+02	5.20279486e+02	5.20272147e+02	5.20264779e+02	5.20257389e+02	5.20249984e+02	5.20242568e+02	5.20235147e+02	5.20227727e+02	5.20220312e+02	5.20212906e+02	5.20205515e+02	5.20198143e+02	5.20190792e+02	5.20183468e+02	5.20176173e+02	5.20168910e+02	5.20161683e+02	5.20154494e+02	5.20147345e+02	5.20140240e+02	5.20133180e+02	5.20126166e+02	5.20119202e+02	5.20112287e+02	5.20105425e+02	5.20098616e+02	5.20091861e+02	5.20085161e+02	5.20078518e+02	5.20071931e+02	5.20065403e+02	5.20058933e+02	5.20052522e+02	5.20046170e+02	5.20039878e+02	5.20033646e+02	5.20027474e+02	5.20021362e+02	5.20015311e+02	5.20009320e+02	5.20003389e+02	5.19997519e+02	5.19991710e+02	5.19985960e+02	5.19980271e+02	5.19974641e+02	5.19969070e+02	5.19963559e+02	5.19958107e+02	5.19952713e+02	5.19947378e+02	5.19942101e+02	5.19936881e+02	5.19931718e+02	5.19926612e+02	5.19921563e+02	5.19916569e+02	5.19911631e+02	5.19906748e+02	5.19901920e+02	5.19897145e+02	5.19892425e+02	5.19887757e+02	5.19883142e+02	5.19878580e+02	5.19874069e+02	5.19869610e+02	5.19865201e+02	5.19860843e+02	5.19856535e+02	5.19852276e+02	5.19848065e+02	5.19843904e+02	5.19839790e+02	5.19835723e+02	5.19831703e+02	5.19827730e+02	5.19823803e+02	5.19819921e+02	5.19816084e+02	5.19812292e+02	5.19808543e+02	5.19804839e+02	5.19801177e+02	5.19797558e+02	5.19793981e+02	5.19790446e+02	5.19786952e+02	5.19783499e+02	5.19780087e+02	5.19776714e+02	5.19773381e+02	5.19770087e+02	5.19766831e+02	5.19763614e+02	5.19760434e+02	5.19757292e+02	5.19754187e+02	5.19751118e+02	5.19748085e+02
17	35	9.07591895e+02	9.12915161e+02	9.15396505e+02	9.15165756e+02	9.12370371e+02	9.07174061e+02	8.99755398e+02	8.90306331e+02	8.79030569e+02	8.66141757e+02	8.51861388e+02	8.36416391e+02	8.20036364e+02	8.02950474e+02	7.85384052e+02	7.67554998e+02	7.49670142e+02	7.31921729e+02	7.14484257e+02	6.97511829e+02	6.81136200e+02	6.65465600e+02	6.50584355e+02	6.36553247e+02	6.23410510e+02	6.11173323e+02	5.99839684e+02	5.89390573e+02	5.79792379e+02	5.70999565e+02	5.62957582e+02	5.55606002e+02	5.48881812e+02	5.42722731e+02	5.37070399e+02	5.31873224e+02	5.27088713e+02	5.22685101e+02	5.18642179e+02	5.14951289e+02	5.11614516e+02	5.08643191e+02	5.06055860e+02	5.03875887e+02	5.02128863e+02	5.00839953e+02	5.00031296e+02	4.99719517e+02	4.99913424e+02	5.00611953e+02	5.01802460e+02	5.03459508e+02	5.05544324e+02	5.08005124e+02	5.10778422e+02	5.13791310e+02	5.16964399e+02	5.20214860e+02	5.23458745e+02	5.26611913e+02	5.29589434e+02	5.32304255e+02	5.34666799e+02	5.36587378e+02	5.37982533e+02	5.38784894e+02	5.38954606e+02	5.38489487e+02	5.37431241e+02	5.35865930e+02	5.33918183e+02	5.31739823e+02	5.29494517e+02	5.27340658e+02	5.25414912e+02	5.23818728e+02	5.22609748e+02	5.21799290e+02	5.21356217e+02	5.21216442e+02	5.21296330e+02	5.21507532e+02	5.21770504e+02	5.22024296e+02	5.22231180e+02	5.22375938e+02	5.22460974e+02	5.22499273e+02	5.22507390e+02	5.22500201e+02	5.22488163e+02	5.22476913e+02	5.22468363e+02	5.22462310e+02	5.22457805e+02	5.22453958e+02	5.22450218e+02	5.22446346e+02	5.22442277e+02	5.22438015e+02	5.22433575e+02	5.22428966e+02	5.22424192e+02	5.22419256e+02	5.22414159e+02	5.22408904e+02	5.22403493e+02	5.22397932e+02	5.22392224e+02	5.22386373e+02	5.22380385e+02	5.22374265e+02	5.22368019e+02	5.22361654e+02	5.22355175e+02	5.22348590e+02	5.22341905e+02	5.22335127e+02	5.22328263e+02	5.22321322e+02	5.22314308e+02	5.22307231e+02	5.22300096e+02	5.22292911e+02	5.22285682e+02	5.22278416e+02	5.22271119e+02	5.22263798e+02	5.22256458e+02	5.22249105e+02	5.22241745e+02	5.22234383e+02	5.22227024e+02	5.22219673e+02	5.22212333e+02	5.22205010e+02	5.22197707e+02	5.22190428e+02	5.22183177e+02	5.22175956e+02	5.22168769e+02	5.22161618e+02	5.22154507e+02	5.22147437e+02	5.22140410e+02	5.22133429e+02	5.22126496e+02	5.22119612e+02	5.22112778e+02	5.22105996e+02	5.22099268e+02	5.22092593e+02	5.22085975e+02	5.22079412e+02	5.22072906e+02	5.22066457e+02	5.22060067e+02	5.22053735e+02	5.22047462e+02	5.22041249e+02	5.22035095e+02	5.22029000e+02	5.22022966e+02	5.22016991e+02	5.22011076e+02	5.22005221e+02	5.21999426e+02	5.21993690e+02	5.21988014e+02	5.21982397e+02	5.21976839e+02	5.21971340e+02	5.21965900e+02	5.21960517e+02	5.21955193e+02	5.21949926e+02	5.21944717e+02	5.21939564e+02	5.21934468e+02	5.21929428e+02	5.21924444e+02	5.21919514e+02	5.21914640e+02	5.21909820e+02	5.21905054e+02	5.21900341e+02	5.21895681e+02	5.21891074e+02	5.21886519e+02	5.21882015e+02	5.21877562e+02	5.21873161e+02	5.21868809e+02	5.21864507e+02	5.21860254e+02	5.21856049e+02	5.21851893e+02	5.21847785e+02	5.21843724e+02	5.21839710e+02	5.21835742e+02	5.21831819e+02	5.21827943e+02	5.21824111e+02	5.21820323e+02	5.21816579e+02	5.21812879e+02	5.21809222e+02	5.21805607e+02	5.21802035e+02	5.21798504e+02	5.21795014e+02	5.21791565e+02	5.21788156e+02	5.21784787e+02	5.21781458e+02	5.21778167e+02	5.21774915e+02	5.21771701e+02	5.21768525e+02	5.21765386e+02	5.21762284e+02	5.21759218e+02	5.21756189e+02
16	36	9.51010980e+02	9.56247846e+02	9.58579230e+02	9.58140274e+02	9.55083868e+02	9.49579233e+02	9.41810476e+02	9.31975062e+02	9.20282157e+02	9.06950769e+02	8.92207612e+02	8.76284659e+02	8.59416337e+02	8.41836375e+02	8.23774370e+02	8.05452155e+02	7.87080131e+02	7.68853740e+02	7.50950294e+02	7.33526338e+02	7.16715708e+02	7.00628373e+02	6.85350073e+02	6.70942689e+02	6.57445241e+02	6.44875369e+02	6.33231203e+02	6.22493518e+02	6.12628161e+02	6.03588739e+02	5.95319577e+02	5.87758916e+02	5.80842280e+02	5.74505892e+02	5.68689955e+02	5.63341589e+02	5.58417238e+02	5.53884357e+02	5.49722275e+02	5.45922194e+02	5.42486370e+02	5.39426571e+02	5.36761989e+02	5.34516775e+02	5.32717365e+02	5.31389750e+02	5.30556785e+02	5.30235632e+02	5.30435377e+02	5.31154915e+02	5.32381191e+02	5.34087953e+02	5.36235200e+02	5.38769524e+02	5.41625470e+02	5.44727890e+02	5.47994990e+02	5.51341457e+02	5.54680855e+02	5.57926583e+02	5.60991255e+02	5.63785326e+02	5.66216674e+02	5.68193078e+02	5.69628726e+02	5.70454358e+02	5.70629002e+02	5.70150422e+02	5.69061507e+02	5.67450770e+02	5.65446402e+02	5.63204594e+02	5.60893753e+02	5.58676902e+02	5.56694728e+02	5.55051701e+02	5.53807200e+02	5.52972918e+02	5.52516828e+02	5.52372967e+02	5.52455241e+02	5.52672699e+02	5.52943451e+02	5.53204753e+02	5.53417766e+02	5.53566825e+02	5.53654407e+02	5.53693877e+02	5.53702279e+02	5.53694926e+02	5.53682583e+02	5.53671052e+02	5.53662302e+02	5.53656125e+02	5.53651541e+02	5.53647636e+02	5.53643842e+02	5.53639913e+02	5.53635782e+02	5.53631452e+02	5.53626940e+02	5.53622253e+02	5.53617397e+02	5.53612373e+02	5.53607183e+02	5.53601830e+02	5.53596316e+02	5.53590646e+02	5.53584824e+02	5.53578853e+02	5.53572740e+02	5.53566490e+02	5.53560109e+02	5.53553603e+02	5.53546979e+02	5.53540243e+02	5.53533403e+02	5.53526466e+02	5.53519439e+02	5.53512329e+02	5.53505143e+02	5.53497890e+02	5.53490576e+02	5.53483209e+02	5.53475795e+02	5.53468341e+02	5.53460854e+02	5.53453340e+02	5.53445806e+02	5.53438258e+02	5.53430700e+02	5.53423140e+02	5.53415581e+02	5.53408029e+02	5.53400488e+02	5.53392964e+02	5.53385459e+02	5.53377979e+02	5.53370526e+02	5.53363104e+02	5.53355716e+02	5.53348365e+02	5.53341054e+02	5.53333785e+02	5.53326560e+02	5.53319383e+02	5.53312254e+02	5.53305175e+02	5.53298148e+02	5.53291174e+02	5.53284255e+02	5.53277392e+02	5.53270585e+02	5.53263836e+02	5.53257146e+02	5.53250515e+02	5.53243943e+02	5.53237432e+02	5.53230981e+02	5.53224592e+02	5.53218263e+02	5.53211996e+02	5.53205791e+02	5.53199647e+02	5.53193565e+02	5.53187545e+02	5.53181586e+02	5.53175688e+02	5.53169852e+02	5.53164077e+02	5.53158363e+02	5.53152709e+02	5.53147115e+02	5.53141582e+02	5.53136108e+02	5.53130694e+02	5.53125338e+02	5.53120041e+02	5.53114802e+02	5.53109621e+02	5.53104497e+02	5.53099430e+02	5.53094420e+02	5.53089465e+02	5.53084566e+02	5.53079722e+02	5.53074933e+02	5.53070197e+02	5.53065515e+02	5.53060887e+02	5.53056311e+02	5.53051787e+02	5.53047314e+02	5.53042893e+02	5.53038522e+02	5.53034202e+02	5.53029931e+02	5.53025709e+02	5.53021535e+02	5.53017410e+02	5.53013333e+02	5.53009303e+02	5.53005319e+02	5.53001381e+02	5.52997489e+02	5.52993643e+02	5.52989841e+02	5.52986083e+02	5.52982369e+02	5.52978699e+02	5.52975071e+02	5.52971485e+02	5.52967942e+02	5.52964439e+02	5.52960978e+02	5.52957558e+02	5.52954177e+02	5.52950836e+02	5.52947534e+02	5.52944271e+02	5.52941046e+02	5.52937860e+02	5.52934710e+02	5.52931598e+02
18	36	9.15716759e+02	9.20479015e+02	9.22425883e+02	9.21689465e+02	9.18419126e+02	9.12780107e+02	9.04952098e+02	8.95127747e+02	8.83511018e+02	8.70315364e+02	8.55761628e+02	8.40075636e+02	8.23485453e+02	8.06218307e+02	7.88497240e+02	7.70537583e+02	7.52543396e+02	7.34704068e+02	7.17191256e+02	7.00156350e+02	6.83728619e+02	6.68014112e+02	6.53095323e+02	6.39031573e+02	6.25859982e+02	6.13596922e+02	6.02239831e+02	5.91769313e+02	5.82151500e+02	5.73340673e+02	5.65282139e+02	5.57915346e+02	5.51177160e+02	5.45005187e+02	5.39340960e+02	5.34132793e+02	5.29338116e+02	5.24925106e+02	5.20873523e+02	5.17174696e+02	5.13830724e+02	5.10852969e+02	5.08260025e+02	5.06075312e+02	5.04324483e+02	5.03032763e+02	5.02222345e+02	5.01909890e+02	5.02104229e+02	5.02804293e+02	5.03997410e+02	5.05658081e+02	5.07747447e+02	5.10213604e+02	5.12992923e+02	5.16012333e+02	5.19192271e+02	5.22449728e+02	5.25700573e+02	5.28860487e+02	5.31844362e+02	5.34564964e+02	5.36932530e+02	5.38857189e+02	5.40255310e+02	5.41059386e+02	5.41229480e+02	5.40763408e+02	5.39702959e+02	5.38134372e+02	5.36182538e+02	5.33999596e+02	5.31749557e+02	5.29591154e+02	5.27661341e+02	5.26061791e+02	5.24850270e+02	5.24038124e+02	5.23594153e+02	5.23454131e+02	5.23534246e+02	5.23745960e+02	5.24009556e+02	5.24263957e+02	5.24471353e+02	5.24616491e+02	5.24701784e+02	5.24740243e+02	5.24748458e+02	5.24741337e+02	5.24729360e+02	5.24718176e+02	5.24709701e+02	5.24703732e+02	5.24699316e+02	5.24695561e+02	5.24691918e+02	5.24688143e+02	5.24684174e+02	5.24680014e+02	5.24675677e+02	5.24671171e+02	5.24666502e+02	5.24661671e+02	5.24656679e+02	5.24651530e+02	5.24646226e+02	5.24640770e+02	5.24635166e+02	5.24629419e+02	5.24623534e+02	5.24617515e+02	5.24611369e+02	5.24605102e+02	5.24598720e+02	5.24592229e+02	5.24585636e+02	5.24578949e+02	5.24572173e+02	5.24565317e+02	5.24558386e+02	5.24551389e+02	5.24544332e+02	5.24537222e+02	5.24530066e+02	5.24522869e+02	5.24515640e+02	5.24508384e+02	5.24501107e+02	5.24493814e+02	5.24486512e+02	5.24479205e+02	5.24471899e+02	5.24464598e+02	5.24457308e+02	5.24450031e+02	5.24442773e+02	5.24435537e+02	5.24428326e+02	5.24421145e+02	5.24413995e+02	5.24406881e+02	5.24399803e+02	5.24392766e+02	5.24385771e+02	5.24378820e+02	5.24371916e+02	5.24365059e+02	5.24358251e+02	5.24351495e+02	5.24344791e+02	5.24338140e+02	5.24331543e+02	5.24325001e+02	5.24318516e+02	5.24312087e+02	5.24305716e+02	5.24299402e+02	5.24293146e+02	5.24286949e+02	5.24280811e+02	5.24274732e+02	5.24268712e+02	5.24262752e+02	5.24256850e+02	5.24251008e+02	5.24245226e+02	5.24239502e+02	5.24233838e+02	5.24228232e+02	5.24222685e+02	5.24217197e+02	5.24211766e+02	5.24206394e+02	5.24201079e+02	5.24195821e+02	5.24190621e+02	5.24185476e+02	5.24180388e+02	5.24175356e+02	5.24170379e+02	5.24165458e+02	5.24160590e+02	5.24155777e+02	5.24151018e+02	5.24146311e+02	5.24141658e+02	5.24137057e+02	5.24132507e+02	5.24128009e+02	5.24123562e+02	5.24119166e+02	5.24114819e+02	5.24110522e+02	5.24106274e+02	5.24102074e+02	5.24097923e+02	5.24093819e+02	5.24089762e+02	5.24085752e+02	5.24081788e+02	5.24077870e+02	5.24073997e+02	5.24070169e+02	5.24066385e+02	5.24062645e+02	5.24058948e+02	5.24055294e+02	5.24051683e+02	5.24048113e+02	5.24044586e+02	5.24041099e+02	5.24037653e+02	5.24034247e+02	5.24030881e+02	5.24027554e+02	5.24024266e+02	5.24021016e+02	5.24017805e+02	5.24014631e+02	5.24011495e+02	5.24008395e+02	5.24005332e+02	5.24002304e+02
17	36	9.33280397e+02	9.38278155e+02	9.40415637e+02	9.39826458e+02	9.36661743e+02	9.31088716e+02	9.23289270e+02	9.13458454e+02	9.01802825e+02	8.88538606e+02	8.73889567e+02	8.58084599e+02	8.41354938e+02	8.23931054e+02	8.06039257e+02	7.87898119e+02	7.69714860e+02	7.51681888e+02	7.33973680e+02	7.16744194e+02	7.00124977e+02	6.84224033e+02	6.69125475e+02	6.54889900e+02	6.41555377e+02	6.29138910e+02	6.17638281e+02	6.07034179e+02	5.97292594e+02	5.88367471e+02	5.80203623e+02	5.72739897e+02	5.65912486e+02	5.59658307e+02	5.53918225e+02	5.48639959e+02	5.43780445e+02	5.39307500e+02	5.35200668e+02	5.31451215e+02	5.28061317e+02	5.25042540e+02	5.22413777e+02	5.20198814e+02	5.18423694e+02	5.17114027e+02	5.16292336e+02	5.15975532e+02	5.16172574e+02	5.16882375e+02	5.18092071e+02	5.19775788e+02	5.21894094e+02	5.24394334e+02	5.27211967e+02	5.30272882e+02	5.33496401e+02	5.36798362e+02	5.40093484e+02	5.43296305e+02	5.46320578e+02	5.49077914e+02	5.51477372e+02	5.53427903e+02	5.54844787e+02	5.55659641e+02	5.55832011e+02	5.55359685e+02	5.54285003e+02	5.52695341e+02	5.50717241e+02	5.48504866e+02	5.46224427e+02	5.44036799e+02	5.42080807e+02	5.40459518e+02	5.39231508e+02	5.38408295e+02	5.37958264e+02	5.37816324e+02	5.37897518e+02	5.38112105e+02	5.38379279e+02	5.38637131e+02	5.38847335e+02	5.38994435e+02	5.39080873e+02	5.39119837e+02	5.39128147e+02	5.39120910e+02	5.39108751e+02	5.39097394e+02	5.39088782e+02	5.39082710e+02	5.39078211e+02	5.39074381e+02	5.39070664e+02	5.39066812e+02	5.39062763e+02	5.39058519e+02	5.39054095e+02	5.39049500e+02	5.39044738e+02	5.39039811e+02	5.39034722e+02	5.39029471e+02	5.39024063e+02	5.39018501e+02	5.39012789e+02	5.39006932e+02	5.39000934e+02	5.38994800e+02	5.38988538e+02	5.38982152e+02	5.38975650e+02	5.38969038e+02	5.38962323e+02	5.38955511e+02	5.38948611e+02	5.38941629e+02	5.38934572e+02	5.38927448e+02	5.38920263e+02	5.38913025e+02	5.38905741e+02	5.38898417e+02	5.38891060e+02	5.38883676e+02	5.38876271e+02	5.38868851e+02	5.38861422e+02	5.38853989e+02	5.38846558e+02	5.38839132e+02	5.38831717e+02	5.38824318e+02	5.38816937e+02	5.38809580e+02	5.38802248e+02	5.38794947e+02	5.38787679e+02	5.38780447e+02	5.38773254e+02	5.38766101e+02	5.38758992e+02	5.38751928e+02	5.38744912e+02	5.38737945e+02	5.38731028e+02	5.38724163e+02	5.38717352e+02	5.38710596e+02	5.38703894e+02	5.38697250e+02	5.38690662e+02	5.38684132e+02	5.38677661e+02	5.38671249e+02	5.38664897e+02	5.38658604e+02	5.38652371e+02	5.38646198e+02	5.38640086e+02	5.38634034e+02	5.38628043e+02	5.38622112e+02	5.38616241e+02	5.38610431e+02	5.38604681e+02	5.38598991e+02	5.38593360e+02	5.38587789e+02	5.38582278e+02	5.38576825e+02	5.38571431e+02	5.38566095e+02	5.38560817e+02	5.38555597e+02	5.38550433e+02	5.38545327e+02	5.38540277e+02	5.38535283e+02	5.38530344e+02	5.38525460e+02	5.38520631e+02	5.38515856e+02	5.38511135e+02	5.38506466e+02	5.38501851e+02	5.38497288e+02	5.38492776e+02	5.38488316e+02	5.38483907e+02	5.38479548e+02	5.38475238e+02	5.38470978e+02	5.38466767e+02	5.38462605e+02	5.38458490e+02	5.38454422e+02	5.38450402e+02	5.38446427e+02	5.38442499e+02	5.38438616e+02	5.38434778e+02	5.38430985e+02	5.38427236e+02	5.38423530e+02	5.38419868e+02	5.38416248e+02	5.38412670e+02	5.38409134e+02	5.38405639e+02	5.38402185e+02	5.38398771e+02	5.38395398e+02	5.38392063e+02	5.38388768e+02	5.38385512e+02	5.38382293e+02	5.38379113e+02	5.38375969e+02	5.38372863e+02	5.38369793e+02
17	37	9.58524634e+02	9.63183863e+02	9.64966856e+02	9.64010949e+02	9.60470846e+02	9.54517177e+02	9.46335031e+02	9.36122412e+02	9.24088573e+02	9.10452137e+02	8.95438973e+02	8.79279742e+02	8.62207121e+02	8.44452688e+02	8.26243536e+02	8.07798723e+02	7.89325690e+02	7.71016849e+02	7.53046518e+02	7.35568401e+02	7.18713748e+02	7.02590268e+02	6.87281818e+02	6.72848780e+02	6.59329043e+02	6.46739436e+02	6.35077529e+02	6.24323731e+02	6.14443649e+02	6.05390727e+02	5.97109170e+02	5.89537118e+02	5.82610004e+02	5.76263965e+02	5.70439123e+02	5.65082529e+02	5.60150568e+02	5.55610652e+02	5.51442085e+02	5.47636064e+02	5.44194851e+02	5.41130239e+02	5.38461456e+02	5.36212694e+02	5.34410438e+02	5.33080720e+02	5.32246438e+02	5.31924781e+02	5.32124851e+02	5.32845540e+02	5.34073772e+02	5.35783249e+02	5.37933904e+02	5.40472241e+02	5.43332697e+02	5.46440004e+02	5.49712235e+02	5.53063942e+02	5.56408554e+02	5.59659337e+02	5.62728770e+02	5.65527174e+02	5.67962287e+02	5.69941750e+02	5.71379624e+02	5.72206546e+02	5.72381482e+02	5.71902195e+02	5.70811637e+02	5.69198455e+02	5.67191035e+02	5.64945804e+02	5.62631430e+02	5.60411184e+02	5.58425976e+02	5.56780439e+02	5.55534047e+02	5.54698514e+02	5.54241763e+02	5.54097731e+02	5.54180189e+02	5.54398044e+02	5.54669279e+02	5.54931053e+02	5.55144466e+02	5.55293828e+02	5.55381620e+02	5.55421230e+02	5.55429726e+02	5.55422445e+02	5.55410170e+02	5.55398711e+02	5.55390042e+02	5.55383951e+02	5.55379460e+02	5.55375650e+02	5.55371955e+02	5.55368127e+02	5.55364098e+02	5.55359874e+02	5.55355467e+02	5.55350888e+02	5.55346140e+02	5.55341226e+02	5.55336146e+02	5.55330903e+02	5.55325500e+02	5.55319940e+02	5.55314227e+02	5.55308366e+02	5.55302361e+02	5.55296218e+02	5.55289943e+02	5.55283541e+02	5.55277019e+02	5.55270384e+02	5.55263642e+02	5.55256801e+02	5.55249868e+02	5.55242849e+02	5.55235753e+02	5.55228587e+02	5.55221357e+02	5.55214071e+02	5.55206736e+02	5.55199358e+02	5.55191945e+02	5.55184503e+02	5.55177037e+02	5.55169555e+02	5.55162061e+02	5.55154562e+02	5.55147062e+02	5.55139567e+02	5.55132081e+02	5.55124609e+02	5.55117155e+02	5.55109723e+02	5.55102317e+02	5.55094939e+02	5.55087594e+02	5.55080285e+02	5.55073013e+02	5.55065782e+02	5.55058595e+02	5.55051452e+02	5.55044357e+02	5.55037310e+02	5.55030315e+02	5.55023371e+02	5.55016481e+02	5.55009646e+02	5.55002866e+02	5.54996143e+02	5.54989477e+02	5.54982870e+02	5.54976322e+02	5.54969833e+02	5.54963404e+02	5.54957035e+02	5.54950727e+02	5.54944479e+02	5.54938292e+02	5.54932167e+02	5.54926102e+02	5.54920099e+02	5.54914156e+02	5.54908275e+02	5.54902454e+02	5.54896693e+02	5.54890993e+02	5.54885354e+02	5.54879774e+02	5.54874253e+02	5.54868792e+02	5.54863390e+02	5.54858047e+02	5.54852761e+02	5.54847534e+02	5.54842364e+02	5.54837251e+02	5.54832194e+02	5.54827194e+02	5.54822249e+02	5.54817360e+02	5.54812525e+02	5.54807745e+02	5.54803018e+02	5.54798345e+02	5.54793725e+02	5.54789157e+02	5.54784641e+02	5.54780176e+02	5.54775762e+02	5.54771399e+02	5.54767086e+02	5.54762822e+02	5.54758607e+02	5.54754440e+02	5.54750322e+02	5.54746251e+02	5.54742227e+02	5.54738249e+02	5.54734318e+02	5.54730432e+02	5.54726591e+02	5.54722794e+02	5.54719042e+02	5.54715334e+02	5.54711668e+02	5.54708046e+02	5.54704465e+02	5.54700926e+02	5.54697429e+02	5.54693973e+02	5.54690557e+02	5.54687180e+02	5.54683844e+02	5.54680547e+02	5.54677288e+02	5.54674067e+02	5.54670885e+02	5.54667739e+02	5.54664631e+02
18	37	9.41153819e+02	9.45590234e+02	9.47193937e+02	9.46100743e+02	9.42463598e+02	9.36451161e+02	9.28246340e+02	9.18044774e+02	9.06053163e+02	8.92487420e+02	8.77570552e+02	8.61530235e+02	8.44596063e+02	8.26996472e+02	8.08955396e+02	7.90688763e+02	7.72400975e+02	7.54281542e+02	7.36502081e+02	7.19213837e+02	7.02545884e+02	6.86604066e+02	6.71470698e+02	6.57204948e+02	6.43843803e+02	6.31403493e+02	6.19881265e+02	6.09257449e+02	5.99497798e+02	5.90556087e+02	5.82376998e+02	5.74899261e+02	5.68058961e+02	5.61792908e+02	5.56041870e+02	5.50753481e+02	5.45884605e+02	5.41403005e+02	5.37288195e+02	5.33531432e+02	5.30134904e+02	5.27110205e+02	5.24476272e+02	5.22256944e+02	5.20478321e+02	5.19166067e+02	5.18342753e+02	5.18025327e+02	5.18222767e+02	5.18933982e+02	5.20146082e+02	5.21833137e+02	5.23955634e+02	5.26460808e+02	5.29283986e+02	5.32350909e+02	5.35580737e+02	5.38889141e+02	5.42190674e+02	5.45399709e+02	5.48429835e+02	5.51192496e+02	5.53596580e+02	5.55550870e+02	5.56970487e+02	5.57786922e+02	5.57959645e+02	5.57486442e+02	5.56409732e+02	5.54817055e+02	5.52835192e+02	5.50618598e+02	5.48333802e+02	5.46141990e+02	5.44182255e+02	5.42557868e+02	5.41327520e+02	5.40502755e+02	5.40051899e+02	5.39909734e+02	5.39991141e+02	5.40206201e+02	5.40473954e+02	5.40732370e+02	5.40943049e+02	5.41090503e+02	5.41177181e+02	5.41216297e+02	5.41224702e+02	5.41217533e+02	5.41205435e+02	5.41194144e+02	5.41185607e+02	5.41179616e+02	5.41175205e+02	5.41171468e+02	5.41167845e+02	5.41164091e+02	5.41160140e+02	5.41155997e+02	5.41151674e+02	5.41147182e+02	5.41142524e+02	5.41137702e+02	5.41132718e+02	5.41127573e+02	5.41122271e+02	5.41116814e+02	5.41111207e+02	5.41105453e+02	5.41099558e+02	5.41093527e+02	5.41087365e+02	5.41081079e+02	5.41074674e+02	5.41068157e+02	5.41061535e+02	5.41054815e+02	5.41048003e+02	5.41041108e+02	5.41034135e+02	5.41027092e+02	5.41019987e+02	5.41012826e+02	5.41005616e+02	5.40998363e+02	5.40991075e+02	5.40983757e+02	5.40976417e+02	5.40969059e+02	5.40961689e+02	5.40954313e+02	5.40946936e+02	5.40939563e+02	5.40932199e+02	5.40924847e+02	5.40917513e+02	5.40910200e+02	5.40902911e+02	5.40895651e+02	5.40888422e+02	5.40881227e+02	5.40874069e+02	5.40866951e+02	5.40859875e+02	5.40852843e+02	5.40845857e+02	5.40838918e+02	5.40832029e+02	5.40825191e+02	5.40818406e+02	5.40811674e+02	5.40804996e+02	5.40798374e+02	5.40791808e+02	5.40785299e+02	5.40778848e+02	5.40772455e+02	5.40766121e+02	5.40759846e+02	5.40753630e+02	5.40747474e+02	5.40741378e+02	5.40735341e+02	5.40729364e+02	5.40723448e+02	5.40717591e+02	5.40711794e+02	5.40706056e+02	5.40700378e+02	5.40694760e+02	5.40689200e+02	5.40683700e+02	5.40678258e+02	5.40672874e+02	5.40667548e+02	5.40662280e+02	5.40657069e+02	5.40651915e+02	5.40646817e+02	5.40641775e+02	5.40636789e+02	5.40631859e+02	5.40626983e+02	5.40622161e+02	5.40617393e+02	5.40612679e+02	5.40608018e+02	5.40603409e+02	5.40598852e+02	5.40594347e+02	5.40589893e+02	5.40585489e+02	5.40581136e+02	5.40576832e+02	5.40572578e+02	5.40568372e+02	5.40564214e+02	5.40560105e+02	5.40556042e+02	5.40552026e+02	5.40548056e+02	5.40544133e+02	5.40540254e+02	5.40536421e+02	5.40532632e+02	5.40528886e+02	5.40525185e+02	5.40521526e+02	5.40517910e+02	5.40514335e+02	5.40510803e+02	5.40507312e+02	5.40503861e+02	5.40500451e+02	5.40497080e+02	5.40493749e+02	5.40490457e+02	5.40487204e+02	5.40483988e+02	5.40480811e+02	5.40477670e+02	5.40474567e+02	5.40471499e+02
18	38	9.66154988e+02	9.70253753e+02	9.71504773e+02	9.70047505e+02	9.66038389e+02	9.59649389e+02	9.51066510e+02	9.40488237e+02	9.28123853e+02	9.14191563e+02	8.98916358e+02	8.82527583e+02	8.65256172e+02	8.47331579e+02	8.28978446e+02	8.10413127e+02	7.91840198e+02	7.73449148e+02	7.55411428e+02	7.37878035e+02	7.20977766e+02	7.04816203e+02	6.89475439e+02	6.75014467e+02	6.61470129e+02	6.48858509e+02	6.37176669e+02	6.26404680e+02	6.16507927e+02	6.07439697e+02	5.99144074e+02	5.91559091e+02	5.84620081e+02	5.78263084e+02	5.72428131e+02	5.67062193e+02	5.62121591e+02	5.57573687e+02	5.53397758e+02	5.49584990e+02	5.46137658e+02	5.43067580e+02	5.40394026e+02	5.38141236e+02	5.36335745e+02	5.35003640e+02	5.34167861e+02	5.33845630e+02	5.34046067e+02	5.34768062e+02	5.35998513e+02	5.37711071e+02	5.39865595e+02	5.42408486e+02	5.45274061e+02	5.48386914e+02	5.51664968e+02	5.55022622e+02	5.58373152e+02	5.61629671e+02	5.64704507e+02	5.67507826e+02	5.69947210e+02	5.71930143e+02	5.73370540e+02	5.74198922e+02	5.74374186e+02	5.73894090e+02	5.72801662e+02	5.71185698e+02	5.69174807e+02	5.66925683e+02	5.64607289e+02	5.62383183e+02	5.60394523e+02	5.58746127e+02	5.57497580e+02	5.56660617e+02	5.56203107e+02	5.56058870e+02	5.56141526e+02	5.56359822e+02	5.56631595e+02	5.56893892e+02	5.57107746e+02	5.57257439e+02	5.57345457e+02	5.57385210e+02	5.57393798e+02	5.57386584e+02	5.57374371e+02	5.57362978e+02	5.57354382e+02	5.57348372e+02	5.57343968e+02	5.57340249e+02	5.57336648e+02	5.57332915e+02	5.57328984e+02	5.57324859e+02	5.57320553e+02	5.57316076e+02	5.57311432e+02	5.57306621e+02	5.57301646e+02	5.57296508e+02	5.57291210e+02	5.57285756e+02	5.57280148e+02	5.57274391e+02	5.57268489e+02	5.57262449e+02	5.57256274e+02	5.57249972e+02	5.57243548e+02	5.57237009e+02	5.57230361e+02	5.57223612e+02	5.57216769e+02	5.57209838e+02	5.57202827e+02	5.57195743e+02	5.57188594e+02	5.57181386e+02	5.57174126e+02	5.57166821e+02	5.57159478e+02	5.57152104e+02	5.57144704e+02	5.57137284e+02	5.57129852e+02	5.57122411e+02	5.57114967e+02	5.57107526e+02	5.57100092e+02	5.57092669e+02	5.57085263e+02	5.57077877e+02	5.57070514e+02	5.57063179e+02	5.57055875e+02	5.57048604e+02	5.57041369e+02	5.57034174e+02	5.57027021e+02	5.57019911e+02	5.57012847e+02	5.57005831e+02	5.56998864e+02	5.56991949e+02	5.56985085e+02	5.56978276e+02	5.56971521e+02	5.56964821e+02	5.56958179e+02	5.56951593e+02	5.56945066e+02	5.56938598e+02	5.56932188e+02	5.56925838e+02	5.56919548e+02	5.56913318e+02	5.56907148e+02	5.56901039e+02	5.56894990e+02	5.56889001e+02	5.56883074e+02	5.56877206e+02	5.56871399e+02	5.56865652e+02	5.56859965e+02	5.56854337e+02	5.56848769e+02	5.56843260e+02	5.56837810e+02	5.56832419e+02	5.56827086e+02	5.56821811e+02	5.56816593e+02	5.56811433e+02	5.56806329e+02	5.56801281e+02	5.56796290e+02	5.56791354e+02	5.56786472e+02	5.56781646e+02	5.56776873e+02	5.56772154e+02	5.56767488e+02	5.56762875e+02	5.56758314e+02	5.56753805e+02	5.56749347e+02	5.56744939e+02	5.56740582e+02	5.56736275e+02	5.56732017e+02	5.56727808e+02	5.56723647e+02	5.56719534e+02	5.56715468e+02	5.56711449e+02	5.56707477e+02	5.56703550e+02	5.56699669e+02	5.56695833e+02	5.56692041e+02	5.56688293e+02	5.56684589e+02	5.56680928e+02	5.56677310e+02	5.56673733e+02	5.56670198e+02	5.56666705e+02	5.56663252e+02	5.56659840e+02	5.56656468e+02	5.56653135e+02	5.56649841e+02	5.56646585e+02	5.56643368e+02	5.56640189e+02	5.56637047e+02	5.56633941e+02
19	39	9.73881991e+02	9.77436614e+02	9.78171295e+02	9.76227528e+02	9.71763415e+02	9.64952185e+02	9.55980687e+02	9.45047828e+02	9.32362873e+02	9.18143565e+02	9.02613995e+02	8.86002177e+02	8.68537313e+02	8.50446760e+02	8.31952759e+02	8.13269028e+02	7.94597366e+02	7.76124447e+02	7.58018973e+02	7.40429361e+02	7.23482082e+02	7.07280717e+02	6.91905709e+02	6.77414758e+02	6.63843744e+02	6.51208066e+02	6.39504323e+02	6.28712277e+02	6.18797104e+02	6.09711943e+02	6.01400754e+02	5.93801457e+02	5.86849276e+02	5.80480146e+02	5.74633999e+02	5.69257717e+02	5.64307547e+02	5.59750799e+02	5.55566718e+02	5.51746481e+02	5.48292373e+02	5.45216244e+02	5.42537406e+02	5.40280155e+02	5.38471084e+02	5.37136335e+02	5.36298898e+02	5.35976031e+02	5.36176873e+02	5.36900313e+02	5.38133218e+02	5.39849186e+02	5.42007991e+02	5.44555922e+02	5.47427164e+02	5.50546154e+02	5.53830653e+02	5.57194889e+02	5.60551969e+02	5.63814836e+02	5.66895651e+02	5.69704409e+02	5.72148519e+02	5.74135289e+02	5.75578477e+02	5.76408471e+02	5.76584094e+02	5.76103099e+02	5.75008596e+02	5.73389549e+02	5.71374808e+02	5.69121371e+02	5.66798522e+02	5.64570136e+02	5.62577647e+02	5.60926082e+02	5.59675142e+02	5.58836588e+02	5.58378230e+02	5.58233759e+02	5.58316626e+02	5.58535401e+02	5.58807759e+02	5.59070627e+02	5.59284959e+02	5.59435008e+02	5.59523265e+02	5.59563166e+02	5.59571843e+02	5.59564692e+02	5.59552533e+02	5.59541200e+02	5.59532673e+02	5.59526739e+02	5.59522417e+02	5.59518784e+02	5.59515271e+02	5.59511629e+02	5.59507791e+02	5.59503760e+02	5.59499551e+02	5.59495171e+02	5.59490625e+02	5.59485913e+02	5.59481038e+02	5.59476001e+02	5.59470804e+02	5.59465450e+02	5.59459942e+02	5.59454284e+02	5.59448482e+02	5.59442539e+02	5.59436461e+02	5.59430254e+02	5.59423924e+02	5.59417477e+02	5.59410919e+02	5.59404259e+02	5.59397501e+02	5.59390655e+02	5.59383726e+02	5.59376721e+02	5.59369649e+02	5.59362515e+02	5.59355328e+02	5.59348093e+02	5.59340817e+02	5.59333507e+02	5.59326170e+02	5.59318811e+02	5.59311436e+02	5.59304050e+02	5.59296660e+02	5.59289270e+02	5.59281885e+02	5.59274510e+02	5.59267149e+02	5.59259806e+02	5.59252485e+02	5.59245190e+02	5.59237924e+02	5.59230689e+02	5.59223490e+02	5.59216328e+02	5.59209207e+02	5.59202128e+02	5.59195093e+02	5.59188105e+02	5.59181166e+02	5.59174276e+02	5.59167437e+02	5.59160651e+02	5.59153919e+02	5.59147242e+02	5.59140620e+02	5.59134055e+02	5.59127547e+02	5.59121097e+02	5.59114705e+02	5.59108372e+02	5.59102098e+02	5.59095884e+02	5.59089730e+02	5.59083635e+02	5.59077600e+02	5.59071625e+02	5.59065710e+02	5.59059855e+02	5.59054060e+02	5.59048325e+02	5.59042649e+02	5.59037032e+02	5.59031475e+02	5.59025976e+02	5.59020536e+02	5.59015154e+02	5.59009830e+02	5.59004564e+02	5.58999355e+02	5.58994202e+02	5.58989106e+02	5.58984067e+02	5.58979082e+02	5.58974153e+02	5.58969279e+02	5.58964459e+02	5.58959693e+02	5.58954981e+02	5.58950321e+02	5.58945714e+02	5.58941158e+02	5.58936655e+02	5.58932202e+02	5.58927800e+02	5.58923448e+02	5.58919146e+02	5.58914893e+02	5.58910688e+02	5.58906532e+02	5.58902423e+02	5.58898362e+02	5.58894347e+02	5.58890379e+02	5.58886456e+02	5.58882579e+02	5.58878747e+02	5.58874958e+02	5.58871214e+02	5.58867514e+02	5.58863856e+02	5.58860241e+02	5.58856667e+02	5.58853136e+02	5.58849645e+02	5.58846196e+02	5.58842786e+02	5.58839417e+02	5.58836086e+02	5.58832795e+02	5.58829542e+02	5.58826328e+02	5.58823151e+02	5.58820011e+02	5.58816908e+02
18	40	1.01489110e+03	1.01828589e+03	1.01880914e+03	1.01660737e+03	1.01184373e+03	1.00469645e+03	9.95357360e+02	9.84030218e+02	9.70929018e+02	9.56276062e+02	9.40299809e+02	9.23232414e+02	9.05306972e+02	8.86754455e+02	8.67800424e+02	8.48661611e+02	8.29542519e+02	8.10632218e+02	7.92101513e+02	7.74100651e+02	7.56757684e+02	7.40177537e+02	7.24441774e+02	7.09608991e+02	6.95715727e+02	6.82777781e+02	6.70791870e+02	6.59737576e+02	6.49579594e+02	6.40270293e+02	6.31752618e+02	6.23963279e+02	6.16836176e+02	6.10305884e+02	6.04311029e+02	5.98797322e+02	5.93720045e+02	5.89045798e+02	5.84753406e+02	5.80833920e+02	5.77289780e+02	5.74133232e+02	5.71384178e+02	5.69067626e+02	5.67210940e+02	5.65841010e+02	5.64981478e+02	5.64650091e+02	5.64856240e+02	5.65598775e+02	5.66864193e+02	5.68625349e+02	5.70840900e+02	5.73455662e+02	5.76402025e+02	5.79602397e+02	5.82972348e+02	5.86423848e+02	5.89867744e+02	5.93214744e+02	5.96374775e+02	5.99255567e+02	6.01762218e+02	6.03799730e+02	6.05279725e+02	6.06130872e+02	6.06310978e+02	6.05817748e+02	6.04695370e+02	6.03035033e+02	6.00968828e+02	5.98657720e+02	5.96275305e+02	5.93989663e+02	5.91945886e+02	5.90251744e+02	5.88968520e+02	5.88108313e+02	5.87638124e+02	5.87489941e+02	5.87574980e+02	5.87799443e+02	5.88078875e+02	5.88348571e+02	5.88568477e+02	5.88722439e+02	5.88813013e+02	5.88853982e+02	5.88862922e+02	5.88855626e+02	5.88843195e+02	5.88831612e+02	5.88822907e+02	5.88816866e+02	5.88812478e+02	5.88808798e+02	5.88805243e+02	5.88801556e+02	5.88797669e+02	5.88793584e+02	5.88789316e+02	5.88784874e+02	5.88780261e+02	5.88775479e+02	5.88770528e+02	5.88765411e+02	5.88760129e+02	5.88754686e+02	5.88749084e+02	5.88743328e+02	5.88737422e+02	5.88731371e+02	5.88725180e+02	5.88718855e+02	5.88712403e+02	5.88705829e+02	5.88699141e+02	5.88692344e+02	5.88685448e+02	5.88678457e+02	5.88671381e+02	5.88664226e+02	5.88657000e+02	5.88649709e+02	5.88642361e+02	5.88634964e+02	5.88627523e+02	5.88620046e+02	5.88612539e+02	5.88605009e+02	5.88597461e+02	5.88589901e+02	5.88582336e+02	5.88574769e+02	5.88567207e+02	5.88559655e+02	5.88552115e+02	5.88544594e+02	5.88537095e+02	5.88529621e+02	5.88522176e+02	5.88514764e+02	5.88507387e+02	5.88500049e+02	5.88492751e+02	5.88485497e+02	5.88478288e+02	5.88471126e+02	5.88464014e+02	5.88456953e+02	5.88449944e+02	5.88442989e+02	5.88436089e+02	5.88429245e+02	5.88422458e+02	5.88415729e+02	5.88409059e+02	5.88402448e+02	5.88395897e+02	5.88389406e+02	5.88382977e+02	5.88376608e+02	5.88370300e+02	5.88364054e+02	5.88357869e+02	5.88351745e+02	5.88345684e+02	5.88339684e+02	5.88333745e+02	5.88327867e+02	5.88322051e+02	5.88316295e+02	5.88310600e+02	5.88304966e+02	5.88299392e+02	5.88293877e+02	5.88288422e+02	5.88283026e+02	5.88277689e+02	5.88272410e+02	5.88267189e+02	5.88262025e+02	5.88256919e+02	5.88251869e+02	5.88246875e+02	5.88241938e+02	5.88237055e+02	5.88232227e+02	5.88227454e+02	5.88222734e+02	5.88218068e+02	5.88213455e+02	5.88208894e+02	5.88204385e+02	5.88199927e+02	5.88195520e+02	5.88191164e+02	5.88186858e+02	5.88182601e+02	5.88178392e+02	5.88174233e+02	5.88170121e+02	5.88166057e+02	5.88162039e+02	5.88158069e+02	5.88154144e+02	5.88150264e+02	5.88146430e+02	5.88142640e+02	5.88138894e+02	5.88135192e+02	5.88131533e+02	5.88127916e+02	5.88124342e+02	5.88120810e+02	5.88117318e+02	5.88113868e+02	5.88110458e+02	5.88107088e+02	5.88103757e+02	5.88100466e+02	5.88097213e+02	5.88093998e+02	5.88090821e+02
20	40	9.81687916e+02	9.84713985e+02	9.84947271e+02	9.82531233e+02	9.77625558e+02	9.70404663e+02	9.61056181e+02	9.49779377e+02	9.36783448e+02	9.22285637e+02	9.06509108e+02	8.89680534e+02	8.72027395e+02	8.53774977e+02	8.35143164e+02	8.16343107e+02	7.97573916e+02	7.79019550e+02	7.60846075e+02	7.43199449e+02	7.26203943e+02	7.09961250e+02	6.94550273e+02	6.80027511e+02	6.66427956e+02	6.53766381e+02	6.42038963e+02	6.31225181e+02	6.21290017e+02	6.12186465e+02	6.03858360e+02	5.96243505e+02	5.89277009e+02	5.82894691e+02	5.77036375e+02	5.71648848e+02	5.66688277e+02	5.62121916e+02	5.57928973e+02	5.54100616e+02	5.50639143e+02	5.47556435e+02	5.44871854e+02	5.42609754e+02	5.40796790e+02	5.39459166e+02	5.38619925e+02	5.38296366e+02	5.38497649e+02	5.39222657e+02	5.40458230e+02	5.42177904e+02	5.44341360e+02	5.46894770e+02	5.49772168e+02	5.52897828e+02	5.56189332e+02	5.59560721e+02	5.62924918e+02	5.66194683e+02	5.69281995e+02	5.72096663e+02	5.74545907e+02	5.76536847e+02	5.77983065e+02	5.78814809e+02	5.78990818e+02	5.78508843e+02	5.77412081e+02	5.75789678e+02	5.73770751e+02	5.71512620e+02	5.69184924e+02	5.66951882e+02	5.64955227e+02	5.63300210e+02	5.62046663e+02	5.61206375e+02	5.60747089e+02	5.60602357e+02	5.60685448e+02	5.60904736e+02	5.61177723e+02	5.61441202e+02	5.61656047e+02	5.61806474e+02	5.61894982e+02	5.61935033e+02	5.61943799e+02	5.61936705e+02	5.61924596e+02	5.61913318e+02	5.61904853e+02	5.61898991e+02	5.61894746e+02	5.61891195e+02	5.61887767e+02	5.61884211e+02	5.61880462e+02	5.61876520e+02	5.61872402e+02	5.61868115e+02	5.61863663e+02	5.61859046e+02	5.61854267e+02	5.61849325e+02	5.61844224e+02	5.61838966e+02	5.61833554e+02	5.61827992e+02	5.61822285e+02	5.61816436e+02	5.61810451e+02	5.61804335e+02	5.61798095e+02	5.61791736e+02	5.61785265e+02	5.61778689e+02	5.61772015e+02	5.61765249e+02	5.61758398e+02	5.61751470e+02	5.61744471e+02	5.61737410e+02	5.61730291e+02	5.61723123e+02	5.61715912e+02	5.61708665e+02	5.61701387e+02	5.61694085e+02	5.61686766e+02	5.61679434e+02	5.61672094e+02	5.61664753e+02	5.61657415e+02	5.61650085e+02	5.61642767e+02	5.61635465e+02	5.61628184e+02	5.61620926e+02	5.61613695e+02	5.61606496e+02	5.61599329e+02	5.61592199e+02	5.61585108e+02	5.61578057e+02	5.61571050e+02	5.61564089e+02	5.61557174e+02	5.61550308e+02	5.61543493e+02	5.61536729e+02	5.61530018e+02	5.61523360e+02	5.61516758e+02	5.61510211e+02	5.61503721e+02	5.61497288e+02	5.61490912e+02	5.61484595e+02	5.61478336e+02	5.61472136e+02	5.61465995e+02	5.61459914e+02	5.61453891e+02	5.61447929e+02	5.61442025e+02	5.61436182e+02	5.61430397e+02	5.61424672e+02	5.61419006e+02	5.61413399e+02	5.61407851e+02	5.61402361e+02	5.61396929e+02	5.61391555e+02	5.61386239e+02	5.61380981e+02	5.61375779e+02	5.61370633e+02	5.61365544e+02	5.61360511e+02	5.61355533e+02	5.61350610e+02	5.61345742e+02	5.61340928e+02	5.61336167e+02	5.61331460e+02	5.61326805e+02	5.61322203e+02	5.61317652e+02	5.61313153e+02	5.61308705e+02	5.61304307e+02	5.61299959e+02	5.61295661e+02	5.61291412e+02	5.61287211e+02	5.61283058e+02	5.61278953e+02	5.61274895e+02	5.61270884e+02	5.61266919e+02	5.61262999e+02	5.61259125e+02	5.61255296e+02	5.61251510e+02	5.61247769e+02	5.61244071e+02	5.61240416e+02	5.61236803e+02	5.61233232e+02	5.61229703e+02	5.61226215e+02	5.61222767e+02	5.61219360e+02	5.61215992e+02	5.61212664e+02	5.61209375e+02	5.61206124e+02	5.61202911e+02	5.61199736e+02	5.61196598e+02	5.61193497e+02
19	40	9.98220441e+02	1.00142955e+03	1.00180663e+03	9.99496648e+02	9.94661025e+02	9.87476085e+02	9.78131547e+02	9.66828918e+02	9.53779788e+02	9.39203923e+02	9.23327126e+02	9.06378806e+02	8.88589241e+02	8.70186555e+02	8.51393462e+02	8.32423896e+02	8.13479656e+02	7.94747252e+02	7.76395113e+02	7.58571336e+02	7.41402078e+02	7.24990645e+02	7.09417267e+02	6.94739491e+02	6.80993079e+02	6.68193319e+02	6.56336654e+02	6.45402616e+02	6.35356043e+02	6.26149617e+02	6.17726728e+02	6.10024632e+02	6.02977832e+02	5.96521528e+02	5.90594943e+02	5.85144326e+02	5.80125402e+02	5.75505099e+02	5.71262432e+02	5.67388510e+02	5.63885704e+02	5.60766076e+02	5.58049259e+02	5.55759933e+02	5.53925108e+02	5.52571331e+02	5.51721945e+02	5.51394472e+02	5.51598188e+02	5.52331960e+02	5.53582455e+02	5.55322870e+02	5.57512373e+02	5.60096459e+02	5.63008340e+02	5.66171355e+02	5.69502082e+02	5.72913527e+02	5.76317573e+02	5.79625956e+02	5.82749627e+02	5.85597357e+02	5.88075304e+02	5.90089530e+02	5.91552637e+02	5.92394082e+02	5.92572140e+02	5.92084538e+02	5.90974968e+02	5.89333598e+02	5.87291033e+02	5.85006414e+02	5.82651358e+02	5.80392016e+02	5.78371801e+02	5.76697222e+02	5.75428836e+02	5.74578589e+02	5.74113852e+02	5.73967395e+02	5.74051460e+02	5.74273335e+02	5.74549546e+02	5.74816134e+02	5.75033509e+02	5.75185704e+02	5.75275245e+02	5.75315756e+02	5.75324610e+02	5.75317415e+02	5.75305145e+02	5.75293715e+02	5.75285131e+02	5.75279180e+02	5.75274864e+02	5.75271249e+02	5.75267758e+02	5.75264137e+02	5.75260319e+02	5.75256307e+02	5.75252115e+02	5.75247751e+02	5.75243219e+02	5.75238520e+02	5.75233656e+02	5.75228628e+02	5.75223437e+02	5.75218087e+02	5.75212581e+02	5.75206923e+02	5.75201117e+02	5.75195168e+02	5.75189081e+02	5.75182861e+02	5.75176516e+02	5.75170050e+02	5.75163472e+02	5.75156786e+02	5.75150002e+02	5.75143124e+02	5.75136162e+02	5.75129121e+02	5.75122009e+02	5.75114834e+02	5.75107601e+02	5.75100319e+02	5.75092994e+02	5.75085633e+02	5.75078241e+02	5.75070826e+02	5.75063393e+02	5.75055948e+02	5.75048496e+02	5.75041043e+02	5.75033594e+02	5.75026153e+02	5.75018725e+02	5.75011314e+02	5.75003924e+02	5.74996559e+02	5.74989222e+02	5.74981917e+02	5.74974645e+02	5.74967412e+02	5.74960218e+02	5.74953066e+02	5.74945958e+02	5.74938897e+02	5.74931884e+02	5.74924921e+02	5.74918009e+02	5.74911150e+02	5.74904345e+02	5.74897595e+02	5.74890901e+02	5.74884263e+02	5.74877683e+02	5.74871162e+02	5.74864699e+02	5.74858295e+02	5.74851951e+02	5.74845667e+02	5.74839443e+02	5.74833279e+02	5.74827176e+02	5.74821133e+02	5.74815151e+02	5.74809229e+02	5.74803368e+02	5.74797566e+02	5.74791825e+02	5.74786144e+02	5.74780523e+02	5.74774961e+02	5.74769458e+02	5.74764014e+02	5.74758629e+02	5.74753302e+02	5.74748032e+02	5.74742820e+02	5.74737665e+02	5.74732567e+02	5.74727525e+02	5.74722539e+02	5.74717608e+02	5.74712732e+02	5.74707911e+02	5.74703143e+02	5.74698429e+02	5.74693768e+02	5.74689160e+02	5.74684604e+02	5.74680100e+02	5.74675646e+02	5.74671244e+02	5.74666891e+02	5.74662589e+02	5.74658335e+02	5.74654130e+02	5.74649974e+02	5.74645865e+02	5.74641804e+02	5.74637789e+02	5.74633821e+02	5.74629898e+02	5.74626021e+02	5.74622189e+02	5.74618401e+02	5.74614657e+02	5.74610956e+02	5.74607299e+02	5.74603684e+02	5.74600111e+02	5.74596580e+02	5.74593090e+02	5.74589641e+02	5.74586232e+02	5.74582863e+02	5.74579533e+02	5.74576243e+02	5.74572990e+02	5.74569776e+02	5.74566600e+02	5.74563461e+02
19	41	1.02215071e+03	1.02500678e+03	1.02502063e+03	1.02234064e+03	1.01713144e+03	1.00957234e+03	9.99855794e+02	9.88185786e+02	9.74776078e+02	9.59848308e+02	9.43629832e+02	9.26351291e+02	9.08243880e+02	8.89536329e+02	8.70451682e+02	8.51203950e+02	8.31994808e+02	8.13010494e+02	7.94419078e+02	7.76368271e+02	7.58983864e+02	7.42368855e+02	7.26603243e+02	7.11744410e+02	6.97828004e+02	6.84869202e+02	6.72864302e+02	6.61792616e+02	6.51618657e+02	6.42294668e+02	6.33763486e+02	6.25961727e+02	6.18823195e+02	6.12282375e+02	6.06277805e+02	6.00755121e+02	5.95669541e+02	5.90987620e+02	5.86688154e+02	5.82762186e+02	5.79212166e+02	5.76050367e+02	5.73296728e+02	5.70976306e+02	5.69116513e+02	5.67744288e+02	5.66883318e+02	5.66551379e+02	5.66757880e+02	5.67501669e+02	5.68769218e+02	5.70533334e+02	5.72752601e+02	5.75371737e+02	5.78323018e+02	5.81528717e+02	5.84904261e+02	5.88361475e+02	5.91811056e+02	5.95163565e+02	5.98328786e+02	6.01214300e+02	6.03725052e+02	6.05765896e+02	6.07248314e+02	6.08100862e+02	6.08281281e+02	6.07787273e+02	6.06663095e+02	6.05000084e+02	6.02930542e+02	6.00615693e+02	5.98229413e+02	5.95940060e+02	5.93892963e+02	5.92196073e+02	5.90910775e+02	5.90049191e+02	5.89578270e+02	5.89429887e+02	5.89515114e+02	5.89739996e+02	5.90019941e+02	5.90290137e+02	5.90510464e+02	5.90664740e+02	5.90755527e+02	5.90796629e+02	5.90805654e+02	5.90798419e+02	5.90786042e+02	5.90774519e+02	5.90765882e+02	5.90759914e+02	5.90755606e+02	5.90752010e+02	5.90748541e+02	5.90744943e+02	5.90741146e+02	5.90737153e+02	5.90732979e+02	5.90728633e+02	5.90724117e+02	5.90719433e+02	5.90714581e+02	5.90709563e+02	5.90704381e+02	5.90699037e+02	5.90693535e+02	5.90687879e+02	5.90682072e+02	5.90676119e+02	5.90670025e+02	5.90663796e+02	5.90657438e+02	5.90650957e+02	5.90644360e+02	5.90637654e+02	5.90630845e+02	5.90623940e+02	5.90616947e+02	5.90609874e+02	5.90602726e+02	5.90595512e+02	5.90588239e+02	5.90580913e+02	5.90573542e+02	5.90566132e+02	5.90558690e+02	5.90551222e+02	5.90543734e+02	5.90536233e+02	5.90528723e+02	5.90521211e+02	5.90513700e+02	5.90506197e+02	5.90498706e+02	5.90491230e+02	5.90483775e+02	5.90476343e+02	5.90468939e+02	5.90461566e+02	5.90454226e+02	5.90446923e+02	5.90439660e+02	5.90432439e+02	5.90425261e+02	5.90418130e+02	5.90411047e+02	5.90404014e+02	5.90397032e+02	5.90390102e+02	5.90383227e+02	5.90376407e+02	5.90369643e+02	5.90362936e+02	5.90356288e+02	5.90349697e+02	5.90343166e+02	5.90336694e+02	5.90330282e+02	5.90323931e+02	5.90317640e+02	5.90311410e+02	5.90305241e+02	5.90299133e+02	5.90293086e+02	5.90287100e+02	5.90281175e+02	5.90275311e+02	5.90269507e+02	5.90263764e+02	5.90258081e+02	5.90252458e+02	5.90246895e+02	5.90241391e+02	5.90235947e+02	5.90230561e+02	5.90225233e+02	5.90219964e+02	5.90214752e+02	5.90209598e+02	5.90204500e+02	5.90199459e+02	5.90194474e+02	5.90189544e+02	5.90184669e+02	5.90179849e+02	5.90175083e+02	5.90170370e+02	5.90165711e+02	5.90161104e+02	5.90156550e+02	5.90152047e+02	5.90147596e+02	5.90143195e+02	5.90138845e+02	5.90134544e+02	5.90130293e+02	5.90126090e+02	5.90121936e+02	5.90117829e+02	5.90113770e+02	5.90109758e+02	5.90105791e+02	5.90101871e+02	5.90097996e+02	5.90094167e+02	5.90090381e+02	5.90086640e+02	5.90082941e+02	5.90079286e+02	5.90075674e+02	5.90072104e+02	5.90068575e+02	5.90065087e+02	5.90061641e+02	5.90058234e+02	5.90054867e+02	5.90051540e+02	5.90048252e+02	5.90045002e+02	5.90041791e+02	5.90038617e+02
20	41	1.00578783e+03	1.00847088e+03	1.00834982e+03	1.00557151e+03	1.00029886e+03	9.92709286e+02	9.82993191e+02	9.71352339e+02	9.57998144e+02	9.43149772e+02	9.27031999e+02	9.09872803e+02	8.91900654e+02	8.73341534e+02	8.54415743e+02	8.35334605e+02	8.16297202e+02	7.97487319e+02	7.79070757e+02	7.61193173e+02	7.43978552e+02	7.27528349e+02	7.11921291e+02	6.97213762e+02	6.83440671e+02	6.70616707e+02	6.58737913e+02	6.47783555e+02	6.37718291e+02	6.28494668e+02	6.20055960e+02	6.12339315e+02	6.05279128e+02	5.98810490e+02	5.92872525e+02	5.87411393e+02	5.82382743e+02	5.77753449e+02	5.73502494e+02	5.69620979e+02	5.66111285e+02	5.62985505e+02	5.60263317e+02	5.57969456e+02	5.56130991e+02	5.54774525e+02	5.53923453e+02	5.53595333e+02	5.53799460e+02	5.54534699e+02	5.55787689e+02	5.57531570e+02	5.59725425e+02	5.62314633e+02	5.65232272e+02	5.68401526e+02	5.71738804e+02	5.75156938e+02	5.78567641e+02	5.81882475e+02	5.85012223e+02	5.87865481e+02	5.90348230e+02	5.92366356e+02	5.93832296e+02	5.94675379e+02	5.94853799e+02	5.94365281e+02	5.93253599e+02	5.91609093e+02	5.89562612e+02	5.87273605e+02	5.84914017e+02	5.82650322e+02	5.80626212e+02	5.78948406e+02	5.77677585e+02	5.76825717e+02	5.76360114e+02	5.76213414e+02	5.76297689e+02	5.76520047e+02	5.76796848e+02	5.77064010e+02	5.77281867e+02	5.77434419e+02	5.77524197e+02	5.77564851e+02	5.77573790e+02	5.77566653e+02	5.77554433e+02	5.77543057e+02	5.77534536e+02	5.77528655e+02	5.77524416e+02	5.77520881e+02	5.77517474e+02	5.77513938e+02	5.77510208e+02	5.77506285e+02	5.77502183e+02	5.77497911e+02	5.77493472e+02	5.77488868e+02	5.77484099e+02	5.77479166e+02	5.77474071e+02	5.77468817e+02	5.77463407e+02	5.77457844e+02	5.77452133e+02	5.77446278e+02	5.77440284e+02	5.77434156e+02	5.77427901e+02	5.77421525e+02	5.77415034e+02	5.77408434e+02	5.77401733e+02	5.77394937e+02	5.77388054e+02	5.77381090e+02	5.77374053e+02	5.77366951e+02	5.77359789e+02	5.77352575e+02	5.77345315e+02	5.77338017e+02	5.77330687e+02	5.77323331e+02	5.77315954e+02	5.77308563e+02	5.77301164e+02	5.77293761e+02	5.77286360e+02	5.77278965e+02	5.77271582e+02	5.77264213e+02	5.77256864e+02	5.77249538e+02	5.77242238e+02	5.77234968e+02	5.77227731e+02	5.77220530e+02	5.77213367e+02	5.77206246e+02	5.77199167e+02	5.77192133e+02	5.77185146e+02	5.77178208e+02	5.77171321e+02	5.77164485e+02	5.77157702e+02	5.77150973e+02	5.77144299e+02	5.77137681e+02	5.77131120e+02	5.77124616e+02	5.77118170e+02	5.77111783e+02	5.77105455e+02	5.77099186e+02	5.77092976e+02	5.77086827e+02	5.77080737e+02	5.77074707e+02	5.77068738e+02	5.77062828e+02	5.77056978e+02	5.77051188e+02	5.77045458e+02	5.77039787e+02	5.77034176e+02	5.77028623e+02	5.77023130e+02	5.77017695e+02	5.77012318e+02	5.77006999e+02	5.77001738e+02	5.76996533e+02	5.76991386e+02	5.76986295e+02	5.76981260e+02	5.76976280e+02	5.76971356e+02	5.76966487e+02	5.76961671e+02	5.76956910e+02	5.76952202e+02	5.76947546e+02	5.76942943e+02	5.76938393e+02	5.76933893e+02	5.76929445e+02	5.76925047e+02	5.76920699e+02	5.76916401e+02	5.76912152e+02	5.76907951e+02	5.76903799e+02	5.76899694e+02	5.76895636e+02	5.76891625e+02	5.76887660e+02	5.76883741e+02	5.76879868e+02	5.76876039e+02	5.76872254e+02	5.76868513e+02	5.76864816e+02	5.76861161e+02	5.76857549e+02	5.76853979e+02	5.76850451e+02	5.76846964e+02	5.76843517e+02	5.76840111e+02	5.76836744e+02	5.76833417e+02	5.76830128e+02	5.76826878e+02	5.76823667e+02	5.76820492e+02	5.76817355e+02
20	42	1.02948670e+03	1.03182013e+03	1.03133993e+03	1.02819630e+03	1.02255525e+03	1.01459711e+03	1.00451490e+03	9.92512761e+02	9.78804187e+02	9.63610111e+02	9.47156772e+02	9.29673295e+02	9.11388989e+02	8.92530380e+02	8.73318047e+02	8.53963357e+02	8.34665253e+02	8.15607245e+02	7.96954790e+02	7.78853183e+02	7.61426078e+02	7.44774664e+02	7.28977477e+02	7.14090777e+02	7.00149392e+02	6.87167927e+02	6.75142305e+02	6.64051587e+02	6.53860120e+02	6.44520020e+02	6.35974018e+02	6.28158627e+02	6.21007551e+02	6.14455175e+02	6.08439943e+02	6.02907406e+02	5.97812712e+02	5.93122367e+02	5.88815136e+02	5.84882054e+02	5.81325580e+02	5.78158017e+02	5.75399345e+02	5.73074674e+02	5.71211470e+02	5.69836727e+02	5.68974176e+02	5.68641631e+02	5.68848518e+02	5.69593683e+02	5.70863569e+02	5.72630933e+02	5.74854276e+02	5.77478213e+02	5.80434890e+02	5.83646434e+02	5.87028117e+02	5.90491599e+02	5.93947417e+02	5.97305972e+02	6.00476886e+02	6.03367580e+02	6.05882832e+02	6.07927331e+02	6.09412405e+02	6.10266488e+02	6.10447247e+02	6.09952382e+02	6.08826226e+02	6.07160277e+02	6.05087067e+02	6.02768107e+02	6.00377582e+02	5.98084151e+02	5.96033406e+02	5.94333494e+02	5.93045914e+02	5.92182814e+02	5.91711082e+02	5.91562474e+02	5.91647900e+02	5.91873236e+02	5.92153736e+02	5.92424472e+02	5.92645251e+02	5.92799864e+02	5.92890875e+02	5.92932116e+02	5.92941224e+02	5.92934044e+02	5.92921718e+02	5.92910248e+02	5.92901673e+02	5.92895776e+02	5.92891543e+02	5.92888027e+02	5.92884640e+02	5.92881126e+02	5.92877415e+02	5.92873511e+02	5.92869427e+02	5.92865171e+02	5.92860748e+02	5.92856157e+02	5.92851400e+02	5.92846477e+02	5.92841390e+02	5.92836142e+02	5.92830736e+02	5.92825175e+02	5.92819462e+02	5.92813604e+02	5.92807603e+02	5.92801467e+02	5.92795200e+02	5.92788808e+02	5.92782299e+02	5.92775679e+02	5.92768954e+02	5.92762132e+02	5.92755219e+02	5.92748223e+02	5.92741152e+02	5.92734011e+02	5.92726809e+02	5.92719553e+02	5.92712248e+02	5.92704903e+02	5.92697523e+02	5.92690116e+02	5.92682686e+02	5.92675240e+02	5.92667784e+02	5.92660322e+02	5.92652862e+02	5.92645406e+02	5.92637960e+02	5.92630528e+02	5.92623114e+02	5.92615722e+02	5.92608357e+02	5.92601020e+02	5.92593716e+02	5.92586447e+02	5.92579216e+02	5.92572026e+02	5.92564878e+02	5.92557775e+02	5.92550720e+02	5.92543712e+02	5.92536756e+02	5.92529850e+02	5.92522998e+02	5.92516200e+02	5.92509458e+02	5.92502772e+02	5.92496142e+02	5.92489571e+02	5.92483057e+02	5.92476603e+02	5.92470208e+02	5.92463873e+02	5.92457597e+02	5.92451382e+02	5.92445228e+02	5.92439133e+02	5.92433100e+02	5.92427126e+02	5.92421214e+02	5.92415361e+02	5.92409569e+02	5.92403837e+02	5.92398165e+02	5.92392552e+02	5.92386999e+02	5.92381505e+02	5.92376070e+02	5.92370693e+02	5.92365374e+02	5.92360113e+02	5.92354910e+02	5.92349763e+02	5.92344673e+02	5.92339639e+02	5.92334661e+02	5.92329738e+02	5.92324870e+02	5.92320056e+02	5.92315296e+02	5.92310590e+02	5.92305937e+02	5.92301336e+02	5.92296787e+02	5.92292290e+02	5.92287844e+02	5.92283448e+02	5.92279103e+02	5.92274807e+02	5.92270560e+02	5.92266362e+02	5.92262212e+02	5.92258110e+02	5.92254055e+02	5.92250047e+02	5.92246084e+02	5.92242168e+02	5.92238297e+02	5.92234471e+02	5.92230689e+02	5.92226951e+02	5.92223256e+02	5.92219604e+02	5.92215995e+02	5.92212428e+02	5.92208902e+02	5.92205418e+02	5.92201974e+02	5.92198570e+02	5.92195206e+02	5.92191882e+02	5.92188596e+02	5.92185349e+02	5.92182140e+02	5.92178968e+02
20	43	1.05279336e+03	1.05477190e+03	1.05392899e+03	1.05041804e+03	1.04440811e+03	1.03608229e+03	1.02563614e+03	1.01327603e+03	9.99217379e+02	9.83682756e+02	9.66899713e+02	9.49098375e+02	9.30508748e+02	9.11357766e+02	8.91866156e+02	8.72245213e+02	8.52693637e+02	8.33394580e+02	8.14513085e+02	7.96194036e+02	7.78560723e+02	7.61714045e+02	7.45732338e+02	7.30671735e+02	7.16566985e+02	7.03432618e+02	6.91264443e+02	6.80041327e+02	6.69727319e+02	6.60274119e+02	6.51623932e+02	6.43712657e+02	6.36473326e+02	6.29839637e+02	6.23749377e+02	6.18147504e+02	6.12988680e+02	6.08239054e+02	6.03877176e+02	5.99894020e+02	5.96292122e+02	5.93083986e+02	5.90289889e+02	5.87935299e+02	5.86048073e+02	5.84655581e+02	5.83781886e+02	5.83445044e+02	5.83654611e+02	5.84409413e+02	5.85695707e+02	5.87485873e+02	5.89737851e+02	5.92395510e+02	5.95390094e+02	5.98642703e+02	6.02067504e+02	6.05575020e+02	6.09074646e+02	6.12475655e+02	6.15686544e+02	6.18613589e+02	6.21160402e+02	6.23230511e+02	6.24734163e+02	6.25598927e+02	6.25781958e+02	6.25280929e+02	6.24140719e+02	6.22453948e+02	6.20354784e+02	6.18006739e+02	6.15586174e+02	6.13263868e+02	6.11187261e+02	6.09465883e+02	6.08162031e+02	6.07288023e+02	6.06810342e+02	6.06659881e+02	6.06746423e+02	6.06974652e+02	6.07258745e+02	6.07532952e+02	6.07756569e+02	6.07913184e+02	6.08005393e+02	6.08047204e+02	6.08056476e+02	6.08049257e+02	6.08036827e+02	6.08025268e+02	6.08016642e+02	6.08010729e+02	6.08006504e+02	6.08003005e+02	6.07999641e+02	6.07996148e+02	6.07992459e+02	6.07988574e+02	6.07984508e+02	6.07980270e+02	6.07975863e+02	6.07971287e+02	6.07966543e+02	6.07961632e+02	6.07956556e+02	6.07951316e+02	6.07945915e+02	6.07940357e+02	6.07934646e+02	6.07928786e+02	6.07922781e+02	6.07916638e+02	6.07910362e+02	6.07903958e+02	6.07897434e+02	6.07890795e+02	6.07884050e+02	6.07877204e+02	6.07870265e+02	6.07863240e+02	6.07856136e+02	6.07848961e+02	6.07841722e+02	6.07834426e+02	6.07827080e+02	6.07819691e+02	6.07812265e+02	6.07804808e+02	6.07797328e+02	6.07789831e+02	6.07782321e+02	6.07774804e+02	6.07767287e+02	6.07759773e+02	6.07752267e+02	6.07744775e+02	6.07737300e+02	6.07729846e+02	6.07722417e+02	6.07715017e+02	6.07707649e+02	6.07700315e+02	6.07693019e+02	6.07685762e+02	6.07678549e+02	6.07671380e+02	6.07664258e+02	6.07657184e+02	6.07650161e+02	6.07643190e+02	6.07636271e+02	6.07629407e+02	6.07622599e+02	6.07615846e+02	6.07609152e+02	6.07602515e+02	6.07595936e+02	6.07589417e+02	6.07582958e+02	6.07576559e+02	6.07570220e+02	6.07563942e+02	6.07557725e+02	6.07551568e+02	6.07545473e+02	6.07539439e+02	6.07533465e+02	6.07527553e+02	6.07521701e+02	6.07515910e+02	6.07510179e+02	6.07504508e+02	6.07498898e+02	6.07493347e+02	6.07487855e+02	6.07482422e+02	6.07477048e+02	6.07471733e+02	6.07466475e+02	6.07461275e+02	6.07456131e+02	6.07451045e+02	6.07446015e+02	6.07441041e+02	6.07436122e+02	6.07431258e+02	6.07426448e+02	6.07421693e+02	6.07416990e+02	6.07412341e+02	6.07407745e+02	6.07403201e+02	6.07398708e+02	6.07394266e+02	6.07389875e+02	6.07385534e+02	6.07381243e+02	6.07377001e+02	6.07372808e+02	6.07368662e+02	6.07364565e+02	6.07360514e+02	6.07356511e+02	6.07352553e+02	6.07348642e+02	6.07344775e+02	6.07340954e+02	6.07337176e+02	6.07333443e+02	6.07329753e+02	6.07326106e+02	6.07322501e+02	6.07318939e+02	6.07315417e+02	6.07311937e+02	6.07308498e+02	6.07305099e+02	6.07301739e+02	6.07298419e+02	6.07295138e+02	6.07291895e+02	6.07288690e+02
20	44	1.07571639e+03	1.07733600e+03	1.07612790e+03	1.07224864e+03	1.06587021e+03	1.05717836e+03	1.04637106e+03	1.03365676e+03	1.01925271e+03	1.00338295e+03	9.86276224e+02	9.68163507e+02	9.49275367e+02	9.29839021e+02	9.10075227e+02	8.90195103e+02	8.70397015e+02	8.50863685e+02	8.31759686e+02	8.13229449e+02	7.95395871e+02	7.78359550e+02	7.62198615e+02	7.46969075e+02	7.32705603e+02	7.19422664e+02	7.07115960e+02	6.95764176e+02	6.85331074e+02	6.75767954e+02	6.67016510e+02	6.59012044e+02	6.51686938e+02	6.44974221e+02	6.38811039e+02	6.33141779e+02	6.27920627e+02	6.23113383e+02	6.18698395e+02	6.14666571e+02	6.11020526e+02	6.07772956e+02	6.04944428e+02	6.02560761e+02	6.00650188e+02	5.99240446e+02	5.98355918e+02	5.98014900e+02	5.98227072e+02	5.98991241e+02	6.00293481e+02	6.02105809e+02	6.04385618e+02	6.07076052e+02	6.10107477e+02	6.13399998e+02	6.16866706e+02	6.20417019e+02	6.23959223e+02	6.27401494e+02	6.30651234e+02	6.33613609e+02	6.36191097e+02	6.38286095e+02	6.39807805e+02	6.40682950e+02	6.40868188e+02	6.40361169e+02	6.39207301e+02	6.37500294e+02	6.35375904e+02	6.32999591e+02	6.30549830e+02	6.28199460e+02	6.26097718e+02	6.24355476e+02	6.23035810e+02	6.22151202e+02	6.21667737e+02	6.21515476e+02	6.21603104e+02	6.21834144e+02	6.22121730e+02	6.22399310e+02	6.22625687e+02	6.22784248e+02	6.22877622e+02	6.22919986e+02	6.22929419e+02	6.22922162e+02	6.22909634e+02	6.22897988e+02	6.22889312e+02	6.22883385e+02	6.22879168e+02	6.22875689e+02	6.22872347e+02	6.22868877e+02	6.22865208e+02	6.22861344e+02	6.22857298e+02	6.22853079e+02	6.22848689e+02	6.22844129e+02	6.22839400e+02	6.22834502e+02	6.22829437e+02	6.22824207e+02	6.22818814e+02	6.22813261e+02	6.22807553e+02	6.22801693e+02	6.22795687e+02	6.22789539e+02	6.22783255e+02	6.22776842e+02	6.22770305e+02	6.22763651e+02	6.22756887e+02	6.22750020e+02	6.22743057e+02	6.22736006e+02	6.22728874e+02	6.22721667e+02	6.22714394e+02	6.22707061e+02	6.22699676e+02	6.22692246e+02	6.22684776e+02	6.22677275e+02	6.22669747e+02	6.22662200e+02	6.22654640e+02	6.22647071e+02	6.22639500e+02	6.22631931e+02	6.22624369e+02	6.22616819e+02	6.22609286e+02	6.22601772e+02	6.22594283e+02	6.22586822e+02	6.22579392e+02	6.22571996e+02	6.22564637e+02	6.22557318e+02	6.22550041e+02	6.22542809e+02	6.22535623e+02	6.22528486e+02	6.22521399e+02	6.22514363e+02	6.22507381e+02	6.22500454e+02	6.22493581e+02	6.22486766e+02	6.22480008e+02	6.22473308e+02	6.22466667e+02	6.22460086e+02	6.22453565e+02	6.22447104e+02	6.22440704e+02	6.22434365e+02	6.22428088e+02	6.22421871e+02	6.22415716e+02	6.22409623e+02	6.22403591e+02	6.22397620e+02	6.22391711e+02	6.22385863e+02	6.22380076e+02	6.22374349e+02	6.22368683e+02	6.22363077e+02	6.22357531e+02	6.22352044e+02	6.22346617e+02	6.22341248e+02	6.22335938e+02	6.22330686e+02	6.22325492e+02	6.22320355e+02	6.22315274e+02	6.22310250e+02	6.22305282e+02	6.22300370e+02	6.22295512e+02	6.22290709e+02	6.22285960e+02	6.22281265e+02	6.22276622e+02	6.22272032e+02	6.22267495e+02	6.22263009e+02	6.22258574e+02	6.22254189e+02	6.22249855e+02	6.22245570e+02	6.22241335e+02	6.22237148e+02	6.22233010e+02	6.22228919e+02	6.22224875e+02	6.22220878e+02	6.22216927e+02	6.22213022e+02	6.22209162e+02	6.22205347e+02	6.22201576e+02	6.22197849e+02	6.22194165e+02	6.22190524e+02	6.22186926e+02	6.22183369e+02	6.22179854e+02	6.22176381e+02	6.22172947e+02	6.22169554e+02	6.22166201e+02	6.22162887e+02	6.22159611e+02	6.22156374e+02
22	44	1.04433185e+03	1.04566577e+03	1.04424130e+03	1.04021197e+03	1.03374639e+03	1.02502667e+03	1.01424682e+03	1.00161111e+03	9.87332366e+02	9.71630022e+02	9.54728030e+02	9.36852477e+02	9.18228954e+02	8.99079686e+02	8.79620489e+02	8.60057661e+02	8.40584945e+02	8.21380713e+02	8.02605527e+02	7.84400204e+02	7.66884472e+02	7.50156223e+02	7.34291360e+02	7.19344144e+02	7.05347956e+02	6.92316412e+02	6.80244776e+02	6.69111675e+02	6.58881151e+02	6.49505082e+02	6.40925978e+02	6.33080136e+02	6.25901036e+02	6.19322842e+02	6.13283788e+02	6.07729237e+02	6.02614182e+02	5.97905016e+02	5.93580436e+02	5.89631457e+02	5.86060564e+02	5.82880121e+02	5.80110206e+02	5.77776040e+02	5.75905214e+02	5.74524842e+02	5.73658760e+02	5.73324858e+02	5.73532605e+02	5.74280840e+02	5.75555947e+02	5.77330563e+02	5.79563012e+02	5.82197671e+02	5.85166400e+02	5.88390999e+02	5.91786391e+02	5.95263874e+02	5.98733622e+02	6.02105679e+02	6.05289309e+02	6.08191570e+02	6.10716869e+02	6.12769526e+02	6.14260528e+02	6.15118032e+02	6.15299544e+02	6.14802755e+02	6.13672172e+02	6.11999649e+02	6.09918237e+02	6.07590083e+02	6.05190064e+02	6.02887510e+02	6.00828603e+02	5.99121928e+02	5.97829239e+02	5.96962735e+02	5.96489179e+02	5.96340051e+02	5.96425904e+02	5.96652236e+02	5.96933959e+02	5.97205883e+02	5.97427654e+02	5.97582997e+02	5.97674488e+02	5.97716013e+02	5.97725282e+02	5.97718203e+02	5.97705962e+02	5.97694587e+02	5.97686124e+02	5.97680354e+02	5.97676261e+02	5.97672892e+02	5.97669659e+02	5.97666302e+02	5.97662753e+02	5.97659013e+02	5.97655096e+02	5.97651011e+02	5.97646761e+02	5.97642346e+02	5.97637765e+02	5.97633021e+02	5.97628114e+02	5.97623046e+02	5.97617820e+02	5.97612438e+02	5.97606905e+02	5.97601223e+02	5.97595399e+02	5.97589437e+02	5.97583341e+02	5.97577119e+02	5.97570776e+02	5.97564319e+02	5.97557753e+02	5.97551086e+02	5.97544326e+02	5.97537478e+02	5.97530550e+02	5.97523549e+02	5.97516482e+02	5.97509356e+02	5.97502178e+02	5.97494954e+02	5.97487692e+02	5.97480397e+02	5.97473076e+02	5.97465735e+02	5.97458379e+02	5.97451015e+02	5.97443646e+02	5.97436279e+02	5.97428918e+02	5.97421567e+02	5.97414232e+02	5.97406915e+02	5.97399620e+02	5.97392352e+02	5.97385113e+02	5.97377906e+02	5.97370735e+02	5.97363602e+02	5.97356509e+02	5.97349458e+02	5.97342452e+02	5.97335493e+02	5.97328581e+02	5.97321720e+02	5.97314910e+02	5.97308152e+02	5.97301447e+02	5.97294797e+02	5.97288203e+02	5.97281665e+02	5.97275184e+02	5.97268760e+02	5.97262394e+02	5.97256087e+02	5.97249839e+02	5.97243650e+02	5.97237520e+02	5.97231450e+02	5.97225439e+02	5.97219487e+02	5.97213596e+02	5.97207764e+02	5.97201991e+02	5.97196278e+02	5.97190623e+02	5.97185028e+02	5.97179492e+02	5.97174013e+02	5.97168594e+02	5.97163231e+02	5.97157927e+02	5.97152680e+02	5.97147489e+02	5.97142356e+02	5.97137278e+02	5.97132256e+02	5.97127289e+02	5.97122377e+02	5.97117519e+02	5.97112716e+02	5.97107966e+02	5.97103269e+02	5.97098625e+02	5.97094033e+02	5.97089493e+02	5.97085004e+02	5.97080566e+02	5.97076178e+02	5.97071840e+02	5.97067551e+02	5.97063312e+02	5.97059120e+02	5.97054977e+02	5.97050881e+02	5.97046832e+02	5.97042829e+02	5.97038873e+02	5.97034962e+02	5.97031097e+02	5.97027276e+02	5.97023499e+02	5.97019765e+02	5.97016075e+02	5.97012428e+02	5.97008823e+02	5.97005261e+02	5.97001739e+02	5.96998258e+02	5.96994818e+02	5.96991419e+02	5.96988058e+02	5.96984737e+02	5.96981455e+02	5.96978211e+02	5.96975005e+02	5.96971837e+02
21	45	1.08267011e+03	1.08379215e+03	1.08211546e+03	1.07779812e+03	1.07101325e+03	1.06194737e+03	1.05079876e+03	1.03777579e+03	1.02309520e+03	1.00698013e+03	9.89658009e+02	9.71358171e+02	9.52309189e+02	9.32736013e+02	9.12856927e+02	8.92880444e+02	8.73002281e+02	8.53402565e+02	8.34243418e+02	8.15667046e+02	7.97794408e+02	7.80724492e+02	7.64534150e+02	7.49278429e+02	7.34991313e+02	7.21686803e+02	7.09360294e+02	6.97990274e+02	6.87540370e+02	6.77961776e+02	6.69196092e+02	6.61178526e+02	6.53841363e+02	6.47117539e+02	6.40944109e+02	6.35265378e+02	6.30035466e+02	6.25220126e+02	6.20797674e+02	6.16759011e+02	6.13106763e+02	6.09853652e+02	6.07020287e+02	6.04632536e+02	6.02718684e+02	6.01306521e+02	6.00420474e+02	6.00078874e+02	6.00291416e+02	6.01056907e+02	6.02361393e+02	6.04176842e+02	6.06460568e+02	6.09155616e+02	6.12192227e+02	6.15490366e+02	6.18962973e+02	6.22519310e+02	6.26067508e+02	6.29515589e+02	6.32770801e+02	6.35738154e+02	6.38319966e+02	6.40418476e+02	6.41942738e+02	6.42819356e+02	6.43004921e+02	6.42497076e+02	6.41341305e+02	6.39631472e+02	6.37503556e+02	6.35123290e+02	6.32669447e+02	6.30315156e+02	6.28209905e+02	6.26464758e+02	6.25142896e+02	6.24256828e+02	6.23772583e+02	6.23620103e+02	6.23707919e+02	6.23939393e+02	6.24227510e+02	6.24505606e+02	6.24732416e+02	6.24891297e+02	6.24984884e+02	6.25027378e+02	6.25036888e+02	6.25029682e+02	6.25017198e+02	6.25005601e+02	6.24996983e+02	6.24991120e+02	6.24986973e+02	6.24983567e+02	6.24980301e+02	6.24976909e+02	6.24973321e+02	6.24969539e+02	6.24965577e+02	6.24961443e+02	6.24957140e+02	6.24952669e+02	6.24948029e+02	6.24943221e+02	6.24938247e+02	6.24933107e+02	6.24927805e+02	6.24922344e+02	6.24916727e+02	6.24910957e+02	6.24905041e+02	6.24898982e+02	6.24892786e+02	6.24886460e+02	6.24880008e+02	6.24873438e+02	6.24866756e+02	6.24859970e+02	6.24853086e+02	6.24846111e+02	6.24839053e+02	6.24831919e+02	6.24824716e+02	6.24817452e+02	6.24810133e+02	6.24802766e+02	6.24795358e+02	6.24787917e+02	6.24780447e+02	6.24772955e+02	6.24765448e+02	6.24757930e+02	6.24750408e+02	6.24742886e+02	6.24735370e+02	6.24727864e+02	6.24720372e+02	6.24712899e+02	6.24705449e+02	6.24698024e+02	6.24690630e+02	6.24683268e+02	6.24675942e+02	6.24668654e+02	6.24661407e+02	6.24654203e+02	6.24647045e+02	6.24639934e+02	6.24632872e+02	6.24625861e+02	6.24618902e+02	6.24611997e+02	6.24605146e+02	6.24598351e+02	6.24591613e+02	6.24584932e+02	6.24578310e+02	6.24571746e+02	6.24565242e+02	6.24558797e+02	6.24552413e+02	6.24546089e+02	6.24539826e+02	6.24533623e+02	6.24527482e+02	6.24521401e+02	6.24515382e+02	6.24509423e+02	6.24503526e+02	6.24497688e+02	6.24491912e+02	6.24486196e+02	6.24480540e+02	6.24474943e+02	6.24469407e+02	6.24463929e+02	6.24458511e+02	6.24453151e+02	6.24447849e+02	6.24442605e+02	6.24437418e+02	6.24432288e+02	6.24427215e+02	6.24422198e+02	6.24417237e+02	6.24412331e+02	6.24407480e+02	6.24402683e+02	6.24397940e+02	6.24393250e+02	6.24388613e+02	6.24384029e+02	6.24379497e+02	6.24375016e+02	6.24370586e+02	6.24366206e+02	6.24361877e+02	6.24357597e+02	6.24353366e+02	6.24349183e+02	6.24345049e+02	6.24340962e+02	6.24336922e+02	6.24332929e+02	6.24328982e+02	6.24325081e+02	6.24321224e+02	6.24317413e+02	6.24313645e+02	6.24309922e+02	6.24306241e+02	6.24302603e+02	6.24299008e+02	6.24295455e+02	6.24291943e+02	6.24288472e+02	6.24285041e+02	6.24281651e+02	6.24278300e+02	6.24274989e+02	6.24271716e+02	6.24268481e+02
22	46	1.08967263e+03	1.09031237e+03	1.08818161e+03	1.08343994e+03	1.07626155e+03	1.06683361e+03	1.05535468e+03	1.04203301e+03	1.02708478e+03	1.01073222e+03	9.93201438e+02	9.74720120e+02	9.55514875e+02	9.35808436e+02	9.15816673e+02	8.95745574e+02	8.75788301e+02	8.56122493e+02	8.36907932e+02	8.18284713e+02	8.00371972e+02	7.83267184e+02	7.67046015e+02	7.51762625e+02	7.37450370e+02	7.24122824e+02	7.11775110e+02	7.00385533e+02	6.89917593e+02	6.80322380e+02	6.71541400e+02	6.63509760e+02	6.56159646e+02	6.49423889e+02	6.43239449e+02	6.37550544e+02	6.32311222e+02	6.27487182e+02	6.23056712e+02	6.19010703e+02	6.15351790e+02	6.12092727e+02	6.09254165e+02	6.06862025e+02	6.04944651e+02	6.03529886e+02	6.02642207e+02	6.02299979e+02	6.02512919e+02	6.03279829e+02	6.04586728e+02	6.06405529e+02	6.08693464e+02	6.11393467e+02	6.14435648e+02	6.17739820e+02	6.21218764e+02	6.24781571e+02	6.28336208e+02	6.31790529e+02	6.35051618e+02	6.38024317e+02	6.40610773e+02	6.42713053e+02	6.44240055e+02	6.45118255e+02	6.45304167e+02	6.44795433e+02	6.43637616e+02	6.41924744e+02	6.39793038e+02	6.37408523e+02	6.34950291e+02	6.32591785e+02	6.30482761e+02	6.28734488e+02	6.27410265e+02	6.26522624e+02	6.26037535e+02	6.25884816e+02	6.25972830e+02	6.26204764e+02	6.26493447e+02	6.26772092e+02	6.26999361e+02	6.27158581e+02	6.27252390e+02	6.27295016e+02	6.27304601e+02	6.27297443e+02	6.27285000e+02	6.27273448e+02	6.27264882e+02	6.27259080e+02	6.27254999e+02	6.27251663e+02	6.27248470e+02	6.27245153e+02	6.27241642e+02	6.27237939e+02	6.27234057e+02	6.27230005e+02	6.27225786e+02	6.27221399e+02	6.27216845e+02	6.27212123e+02	6.27207236e+02	6.27202184e+02	6.27196970e+02	6.27191596e+02	6.27186066e+02	6.27180384e+02	6.27174554e+02	6.27168581e+02	6.27162470e+02	6.27156227e+02	6.27149858e+02	6.27143369e+02	6.27136766e+02	6.27130058e+02	6.27123249e+02	6.27116349e+02	6.27109363e+02	6.27102299e+02	6.27095164e+02	6.27087965e+02	6.27080710e+02	6.27073405e+02	6.27066057e+02	6.27058673e+02	6.27051258e+02	6.27043820e+02	6.27036364e+02	6.27028895e+02	6.27021420e+02	6.27013944e+02	6.27006472e+02	6.26999007e+02	6.26991556e+02	6.26984121e+02	6.26976708e+02	6.26969318e+02	6.26961958e+02	6.26954628e+02	6.26947333e+02	6.26940074e+02	6.26932856e+02	6.26925679e+02	6.26918547e+02	6.26911461e+02	6.26904423e+02	6.26897435e+02	6.26890498e+02	6.26883614e+02	6.26876783e+02	6.26870007e+02	6.26863288e+02	6.26856625e+02	6.26850019e+02	6.26843472e+02	6.26836983e+02	6.26830553e+02	6.26824183e+02	6.26817873e+02	6.26811623e+02	6.26805434e+02	6.26799305e+02	6.26793236e+02	6.26787228e+02	6.26781280e+02	6.26775393e+02	6.26769566e+02	6.26763799e+02	6.26758092e+02	6.26752445e+02	6.26746858e+02	6.26741330e+02	6.26735860e+02	6.26730449e+02	6.26725097e+02	6.26719802e+02	6.26714565e+02	6.26709385e+02	6.26704262e+02	6.26699195e+02	6.26694185e+02	6.26689229e+02	6.26684329e+02	6.26679483e+02	6.26674692e+02	6.26669954e+02	6.26665269e+02	6.26660637e+02	6.26656058e+02	6.26651530e+02	6.26647053e+02	6.26642628e+02	6.26638252e+02	6.26633927e+02	6.26629651e+02	6.26625423e+02	6.26621245e+02	6.26617114e+02	6.26613030e+02	6.26608994e+02	6.26605004e+02	6.26601060e+02	6.26597162e+02	6.26593308e+02	6.26589499e+02	6.26585735e+02	6.26582014e+02	6.26578336e+02	6.26574701e+02	6.26571108e+02	6.26567557e+02	6.26564047e+02	6.26560579e+02	6.26557150e+02	6.26553762e+02	6.26550414e+02	6.26547104e+02	6.26543833e+02	6.26540601e+02
20	46	1.12044463e+03	1.12133880e+03	1.11939696e+03	1.11478168e+03	1.10767049e+03	1.09825415e+03	1.08673505e+03	1.07332550e+03	1.05824596e+03	1.04172307e+03	1.02398751e+03	1.00527161e+03	9.85806689e+02	9.65820191e+02	9.45532622e+02	9.25154478e+02	9.04883232e+02	8.84900566e+02	8.65369980e+02	8.46434910e+02	8.28217422e+02	8.10817488e+02	7.94312828e+02	7.78759217e+02	7.64191202e+02	7.50623139e+02	7.38050550e+02	7.26451785e+02	7.15790067e+02	7.06015933e+02	6.97070102e+02	6.88886734e+02	6.81396959e+02	6.74532528e+02	6.68229356e+02	6.62430727e+02	6.57089919e+02	6.52172065e+02	6.47655116e+02	6.43529863e+02	6.39799065e+02	6.36475792e+02	6.33581166e+02	6.31141677e+02	6.29186283e+02	6.27743426e+02	6.26838103e+02	6.26489068e+02	6.26706240e+02	6.27488392e+02	6.28821245e+02	6.30676118e+02	6.33009354e+02	6.35762709e+02	6.38864862e+02	6.42234002e+02	6.45781163e+02	6.49413635e+02	6.53037578e+02	6.56559062e+02	6.59883387e+02	6.62913588e+02	6.65549965e+02	6.67692745e+02	6.69249121e+02	6.70144195e+02	6.70333672e+02	6.69815154e+02	6.68635063e+02	6.66889207e+02	6.64716391e+02	6.62285812e+02	6.59780000e+02	6.57375757e+02	6.55225760e+02	6.53443467e+02	6.52093441e+02	6.51188483e+02	6.50693917e+02	6.50538201e+02	6.50627914e+02	6.50864352e+02	6.51158644e+02	6.51442701e+02	6.51674376e+02	6.51836675e+02	6.51932287e+02	6.51975716e+02	6.51985459e+02	6.51978131e+02	6.51965414e+02	6.51953604e+02	6.51944837e+02	6.51938885e+02	6.51934687e+02	6.51931247e+02	6.51927950e+02	6.51924526e+02	6.51920902e+02	6.51917081e+02	6.51913076e+02	6.51908896e+02	6.51904544e+02	6.51900020e+02	6.51895324e+02	6.51890456e+02	6.51885417e+02	6.51880210e+02	6.51874837e+02	6.51869300e+02	6.51863603e+02	6.51857750e+02	6.51851745e+02	6.51845594e+02	6.51839303e+02	6.51832876e+02	6.51826320e+02	6.51819643e+02	6.51812849e+02	6.51805948e+02	6.51798945e+02	6.51791849e+02	6.51784666e+02	6.51777404e+02	6.51770070e+02	6.51762672e+02	6.51755217e+02	6.51747712e+02	6.51740164e+02	6.51732580e+02	6.51724967e+02	6.51717330e+02	6.51709676e+02	6.51702010e+02	6.51694339e+02	6.51686668e+02	6.51679002e+02	6.51671345e+02	6.51663702e+02	6.51656078e+02	6.51648476e+02	6.51640901e+02	6.51633355e+02	6.51625843e+02	6.51618367e+02	6.51610929e+02	6.51603533e+02	6.51596181e+02	6.51588875e+02	6.51581618e+02	6.51574410e+02	6.51567254e+02	6.51560151e+02	6.51553103e+02	6.51546111e+02	6.51539176e+02	6.51532298e+02	6.51525479e+02	6.51518720e+02	6.51512021e+02	6.51505382e+02	6.51498804e+02	6.51492288e+02	6.51485834e+02	6.51479442e+02	6.51473112e+02	6.51466844e+02	6.51460639e+02	6.51454496e+02	6.51448415e+02	6.51442396e+02	6.51436440e+02	6.51430545e+02	6.51424712e+02	6.51418940e+02	6.51413230e+02	6.51407580e+02	6.51401991e+02	6.51396462e+02	6.51390993e+02	6.51385584e+02	6.51380234e+02	6.51374942e+02	6.51369708e+02	6.51364533e+02	6.51359414e+02	6.51354353e+02	6.51349348e+02	6.51344399e+02	6.51339506e+02	6.51334667e+02	6.51329883e+02	6.51325153e+02	6.51320477e+02	6.51315854e+02	6.51311283e+02	6.51306765e+02	6.51302298e+02	6.51297882e+02	6.51293516e+02	6.51289201e+02	6.51284935e+02	6.51280719e+02	6.51276550e+02	6.51272430e+02	6.51268358e+02	6.51264332e+02	6.51260353e+02	6.51256421e+02	6.51252534e+02	6.51248692e+02	6.51244894e+02	6.51241141e+02	6.51237431e+02	6.51233765e+02	6.51230142e+02	6.51226560e+02	6.51223021e+02	6.51219523e+02	6.51216066e+02	6.51212649e+02	6.51209272e+02	6.51205935e+02	6.51202637e+02
22	47	1.11179454e+03	1.11208432e+03	1.10959956e+03	1.10450271e+03	1.09697060e+03	1.08719279e+03	1.07536994e+03	1.06171208e+03	1.04643691e+03	1.02976786e+03	1.01193195e+03	9.93157462e+02	9.73671355e+02	9.53696452e+02	9.33448510e+02	9.13133237e+02	8.92943404e+02	8.73056199e+02	8.53630959e+02	8.34807376e+02	8.16704269e+02	7.99418896e+02	7.83026803e+02	7.67582109e+02	7.53118166e+02	7.39648538e+02	7.27168288e+02	7.15655576e+02	7.05073645e+02	6.95373214e+02	6.86495303e+02	6.78374452e+02	6.70942224e+02	6.64130814e+02	6.57876566e+02	6.52123150e+02	6.46824161e+02	6.41944965e+02	6.37463650e+02	6.33371052e+02	6.29669876e+02	6.26373063e+02	6.23501540e+02	6.21081564e+02	6.19141839e+02	6.17710561e+02	6.16812512e+02	6.16466287e+02	6.16681719e+02	6.17457596e+02	6.18779760e+02	6.20619777e+02	6.22934353e+02	6.25665732e+02	6.28743182e+02	6.32085561e+02	6.35604622e+02	6.39208399e+02	6.42803795e+02	6.46297616e+02	6.49595897e+02	6.52602417e+02	6.55218238e+02	6.57344345e+02	6.58888632e+02	6.59776769e+02	6.59964794e+02	6.59450326e+02	6.58279431e+02	6.56547187e+02	6.54391331e+02	6.51979755e+02	6.49493572e+02	6.47108200e+02	6.44975113e+02	6.43206866e+02	6.41867503e+02	6.40969713e+02	6.40479088e+02	6.40324643e+02	6.40413696e+02	6.40648320e+02	6.40940345e+02	6.41222219e+02	6.41452128e+02	6.41613209e+02	6.41708133e+02	6.41751288e+02	6.41761025e+02	6.41753830e+02	6.41741290e+02	6.41729654e+02	6.41721041e+02	6.41715224e+02	6.41711150e+02	6.41707832e+02	6.41704659e+02	6.41701364e+02	6.41697873e+02	6.41694188e+02	6.41690325e+02	6.41686291e+02	6.41682088e+02	6.41677717e+02	6.41673178e+02	6.41668469e+02	6.41663594e+02	6.41658552e+02	6.41653346e+02	6.41647979e+02	6.41642453e+02	6.41636774e+02	6.41630943e+02	6.41624968e+02	6.41618852e+02	6.41612602e+02	6.41606223e+02	6.41599721e+02	6.41593104e+02	6.41586377e+02	6.41579549e+02	6.41572626e+02	6.41565614e+02	6.41558523e+02	6.41551358e+02	6.41544127e+02	6.41536837e+02	6.41529495e+02	6.41522108e+02	6.41514682e+02	6.41507225e+02	6.41499742e+02	6.41492240e+02	6.41484724e+02	6.41477200e+02	6.41469673e+02	6.41462148e+02	6.41454631e+02	6.41447125e+02	6.41439636e+02	6.41432166e+02	6.41424721e+02	6.41417303e+02	6.41409915e+02	6.41402561e+02	6.41395245e+02	6.41387967e+02	6.41380731e+02	6.41373539e+02	6.41366393e+02	6.41359296e+02	6.41352248e+02	6.41345251e+02	6.41338307e+02	6.41331416e+02	6.41324581e+02	6.41317802e+02	6.41311079e+02	6.41304415e+02	6.41297809e+02	6.41291262e+02	6.41284774e+02	6.41278346e+02	6.41271979e+02	6.41265672e+02	6.41259426e+02	6.41253241e+02	6.41247116e+02	6.41241053e+02	6.41235050e+02	6.41229108e+02	6.41223228e+02	6.41217407e+02	6.41211648e+02	6.41205948e+02	6.41200308e+02	6.41194728e+02	6.41189208e+02	6.41183747e+02	6.41178344e+02	6.41173000e+02	6.41167714e+02	6.41162486e+02	6.41157314e+02	6.41152200e+02	6.41147142e+02	6.41142140e+02	6.41137194e+02	6.41132303e+02	6.41127466e+02	6.41122684e+02	6.41117955e+02	6.41113279e+02	6.41108656e+02	6.41104086e+02	6.41099567e+02	6.41095100e+02	6.41090683e+02	6.41086317e+02	6.41082001e+02	6.41077733e+02	6.41073515e+02	6.41069345e+02	6.41065223e+02	6.41061149e+02	6.41057121e+02	6.41053140e+02	6.41049205e+02	6.41045315e+02	6.41041471e+02	6.41037670e+02	6.41033914e+02	6.41030202e+02	6.41026532e+02	6.41022906e+02	6.41019321e+02	6.41015778e+02	6.41012277e+02	6.41008816e+02	6.41005396e+02	6.41002016e+02	6.40998675e+02	6.40995373e+02	6.40992110e+02
22	48	1.13356102e+03	1.13350025e+03	1.13066206e+03	1.12521170e+03	1.11732853e+03	1.10720440e+03	1.09504194e+03	1.08105288e+03	1.06545630e+03	1.04847672e+03	1.03034194e+03	1.01128075e+03	9.91520347e+02	9.71283557e+02	9.50785937e+02	9.30232846e+02	9.09816608e+02	8.89713923e+02	8.70083648e+02	8.51065060e+02	8.32776650e+02	8.15315464e+02	7.98756931e+02	7.83155135e+02	7.68543431e+02	7.54935385e+02	7.42326005e+02	7.30693317e+02	7.20000316e+02	7.10197359e+02	7.01224997e+02	6.93017219e+02	6.85504979e+02	6.78619850e+02	6.72297581e+02	6.66481304e+02	6.61124174e+02	6.56191233e+02	6.51660376e+02	6.47522380e+02	6.43780022e+02	6.40446425e+02	6.37542785e+02	6.35095685e+02	6.33134181e+02	6.31686812e+02	6.30778659e+02	6.30428538e+02	6.30646400e+02	6.31431014e+02	6.32768053e+02	6.34628742e+02	6.36969279e+02	6.39731230e+02	6.42843046e+02	6.46222655e+02	6.49780808e+02	6.53424505e+02	6.57059618e+02	6.60591928e+02	6.63926449e+02	6.66965926e+02	6.69610360e+02	6.71759683e+02	6.73320814e+02	6.74218634e+02	6.74408718e+02	6.73888661e+02	6.72705025e+02	6.70953903e+02	6.68774517e+02	6.66336571e+02	6.63823153e+02	6.61411602e+02	6.59255068e+02	6.57467359e+02	6.56113243e+02	6.55205564e+02	6.54709543e+02	6.54553419e+02	6.54643483e+02	6.54880729e+02	6.55176011e+02	6.55461031e+02	6.55693513e+02	6.55856409e+02	6.55952418e+02	6.55996090e+02	6.56005976e+02	6.55998744e+02	6.55986112e+02	6.55974395e+02	6.55965735e+02	6.55959905e+02	6.55955839e+02	6.55952538e+02	6.55949386e+02	6.55946112e+02	6.55942641e+02	6.55938977e+02	6.55935133e+02	6.55931117e+02	6.55926932e+02	6.55922578e+02	6.55918053e+02	6.55913359e+02	6.55908497e+02	6.55903466e+02	6.55898270e+02	6.55892910e+02	6.55887391e+02	6.55881715e+02	6.55875886e+02	6.55869910e+02	6.55863791e+02	6.55857535e+02	6.55851148e+02	6.55844637e+02	6.55838006e+02	6.55831264e+02	6.55824418e+02	6.55817474e+02	6.55810440e+02	6.55803323e+02	6.55796130e+02	6.55788869e+02	6.55781547e+02	6.55774170e+02	6.55766747e+02	6.55759283e+02	6.55751785e+02	6.55744260e+02	6.55736714e+02	6.55729152e+02	6.55721581e+02	6.55714006e+02	6.55706432e+02	6.55698864e+02	6.55691307e+02	6.55683765e+02	6.55676242e+02	6.55668742e+02	6.55661269e+02	6.55653826e+02	6.55646416e+02	6.55639043e+02	6.55631709e+02	6.55624416e+02	6.55617166e+02	6.55609963e+02	6.55602808e+02	6.55595702e+02	6.55588647e+02	6.55581645e+02	6.55574697e+02	6.55567804e+02	6.55560968e+02	6.55554188e+02	6.55547467e+02	6.55540804e+02	6.55534201e+02	6.55527657e+02	6.55521173e+02	6.55514750e+02	6.55508388e+02	6.55502087e+02	6.55495848e+02	6.55489669e+02	6.55483552e+02	6.55477497e+02	6.55471502e+02	6.55465569e+02	6.55459697e+02	6.55453886e+02	6.55448136e+02	6.55442446e+02	6.55436816e+02	6.55431246e+02	6.55425736e+02	6.55420285e+02	6.55414893e+02	6.55409559e+02	6.55404284e+02	6.55399066e+02	6.55393906e+02	6.55388802e+02	6.55383755e+02	6.55378764e+02	6.55373829e+02	6.55368948e+02	6.55364123e+02	6.55359351e+02	6.55354634e+02	6.55349969e+02	6.55345357e+02	6.55340798e+02	6.55336290e+02	6.55331833e+02	6.55327428e+02	6.55323072e+02	6.55318766e+02	6.55314510e+02	6.55310302e+02	6.55306143e+02	6.55302032e+02	6.55297968e+02	6.55293951e+02	6.55289980e+02	6.55286055e+02	6.55282175e+02	6.55278341e+02	6.55274550e+02	6.55270804e+02	6.55267102e+02	6.55263442e+02	6.55259825e+02	6.55256250e+02	6.55252717e+02	6.55249225e+02	6.55245774e+02	6.55242363e+02	6.55238992e+02	6.55235661e+02	6.55232368e+02
20	48	1.16373537e+03	1.16390079e+03	1.16122679e+03	1.15588159e+03	1.14804787e+03	1.13792095e+03	1.12570721e+03	1.11162233e+03	1.09588949e+03	1.07873743e+03	1.06039833e+03	1.04110539e+03	1.02109028e+03	1.00058025e+03	9.79795227e+02	9.58944781e+02	9.38225263e+02	9.17817135e+02	8.97882710e+02	8.78564362e+02	8.59983297e+02	8.42238873e+02	8.25408421e+02	8.09547523e+02	7.94690638e+02	7.80852054e+02	7.68027148e+02	7.56193977e+02	7.45315267e+02	7.35340840e+02	7.26210495e+02	7.17857309e+02	7.10211226e+02	7.03202783e+02	6.96766728e+02	6.90845298e+02	6.85390910e+02	6.80368062e+02	6.75754329e+02	6.71540390e+02	6.67729142e+02	6.64334010e+02	6.61376641e+02	6.58884164e+02	6.56886225e+02	6.55411933e+02	6.54486871e+02	6.54130227e+02	6.54352146e+02	6.55151367e+02	6.56513278e+02	6.58408537e+02	6.60792488e+02	6.63605569e+02	6.66774858e+02	6.70216729e+02	6.73840258e+02	6.77550718e+02	6.81252250e+02	6.84848925e+02	6.88244049e+02	6.91338633e+02	6.94030908e+02	6.96219045e+02	6.97808326e+02	6.98722318e+02	6.98915818e+02	6.98386385e+02	6.97181404e+02	6.95398672e+02	6.93179889e+02	6.90697798e+02	6.88138783e+02	6.85683401e+02	6.83487601e+02	6.81667290e+02	6.80288446e+02	6.79364172e+02	6.78859070e+02	6.78700074e+02	6.78791767e+02	6.79033331e+02	6.79333989e+02	6.79624195e+02	6.79860901e+02	6.80026749e+02	6.80124486e+02	6.80168929e+02	6.80178968e+02	6.80171574e+02	6.80158680e+02	6.80146716e+02	6.80137865e+02	6.80131893e+02	6.80127715e+02	6.80124315e+02	6.80121065e+02	6.80117688e+02	6.80114111e+02	6.80110334e+02	6.80106373e+02	6.80102235e+02	6.80097924e+02	6.80093439e+02	6.80088779e+02	6.80083945e+02	6.80078938e+02	6.80073759e+02	6.80068410e+02	6.80062894e+02	6.80057215e+02	6.80051375e+02	6.80045379e+02	6.80039232e+02	6.80032939e+02	6.80026507e+02	6.80019941e+02	6.80013247e+02	6.80006433e+02	6.79999506e+02	6.79992472e+02	6.79985339e+02	6.79978115e+02	6.79970807e+02	6.79963422e+02	6.79955968e+02	6.79948453e+02	6.79940884e+02	6.79933267e+02	6.79925610e+02	6.79917920e+02	6.79910203e+02	6.79902465e+02	6.79894713e+02	6.79886952e+02	6.79879188e+02	6.79871427e+02	6.79863673e+02	6.79855931e+02	6.79848205e+02	6.79840500e+02	6.79832820e+02	6.79825168e+02	6.79817548e+02	6.79809964e+02	6.79802417e+02	6.79794911e+02	6.79787448e+02	6.79780031e+02	6.79772662e+02	6.79765342e+02	6.79758074e+02	6.79750860e+02	6.79743699e+02	6.79736595e+02	6.79729548e+02	6.79722559e+02	6.79715629e+02	6.79708759e+02	6.79701950e+02	6.79695201e+02	6.79688515e+02	6.79681890e+02	6.79675328e+02	6.79668829e+02	6.79662393e+02	6.79656019e+02	6.79649709e+02	6.79643462e+02	6.79637278e+02	6.79631157e+02	6.79625099e+02	6.79619104e+02	6.79613171e+02	6.79607301e+02	6.79601493e+02	6.79595746e+02	6.79590061e+02	6.79584437e+02	6.79578874e+02	6.79573372e+02	6.79567929e+02	6.79562546e+02	6.79557222e+02	6.79551957e+02	6.79546751e+02	6.79541602e+02	6.79536510e+02	6.79531476e+02	6.79526497e+02	6.79521575e+02	6.79516708e+02	6.79511897e+02	6.79507139e+02	6.79502436e+02	6.79497786e+02	6.79493189e+02	6.79488645e+02	6.79484152e+02	6.79479711e+02	6.79475321e+02	6.79470981e+02	6.79466691e+02	6.79462450e+02	6.79458259e+02	6.79454116e+02	6.79450020e+02	6.79445972e+02	6.79441971e+02	6.79438017e+02	6.79434108e+02	6.79430245e+02	6.79426426e+02	6.79422652e+02	6.79418922e+02	6.79415236e+02	6.79411592e+02	6.79407991e+02	6.79404433e+02	6.79400915e+02	6.79397439e+02	6.79394004e+02	6.79390609e+02	6.79387254e+02
24	48	1.10378326e+03	1.10350225e+03	1.10050521e+03	1.09495443e+03	1.08702603e+03	1.07690838e+03	1.06480038e+03	1.05090988e+03	1.03545191e+03	1.01864675e+03	1.00071791e+03	9.81889774e+02	9.62385126e+02	9.42422392e+02	9.22212805e+02	9.01957535e+02	8.81844915e+02	8.62047908e+02	8.42721943e+02	8.24003217e+02	8.06007526e+02	7.88829614e+02	7.72543019e+02	7.57200332e+02	7.42833813e+02	7.29456303e+02	7.17062448e+02	7.05630239e+02	6.95122945e+02	6.85491455e+02	6.76677074e+02	6.68614702e+02	6.61236302e+02	6.54474486e+02	6.48266001e+02	6.42554875e+02	6.37295001e+02	6.32451964e+02	6.28003982e+02	6.23941927e+02	6.20268459e+02	6.16996396e+02	6.14146484e+02	6.11744760e+02	6.09819691e+02	6.08399243e+02	6.07507998e+02	6.07164401e+02	6.07378207e+02	6.08148214e+02	6.09460380e+02	6.11286499e+02	6.13583622e+02	6.16294445e+02	6.19348788e+02	6.22666136e+02	6.26158913e+02	6.29735849e+02	6.33304543e+02	6.36772489e+02	6.40046408e+02	6.43030778e+02	6.45627371e+02	6.47737881e+02	6.49270861e+02	6.50152510e+02	6.50339177e+02	6.49828496e+02	6.48666204e+02	6.46946690e+02	6.44806698e+02	6.42412897e+02	6.39945074e+02	6.37577353e+02	6.35460083e+02	6.33704975e+02	6.32375585e+02	6.31484500e+02	6.30997559e+02	6.30844304e+02	6.30932738e+02	6.31165665e+02	6.31455569e+02	6.31735401e+02	6.31963657e+02	6.32123600e+02	6.32217879e+02	6.32260778e+02	6.32270509e+02	6.32263437e+02	6.32251064e+02	6.32239590e+02	6.32231121e+02	6.32225430e+02	6.32221472e+02	6.32218268e+02	6.32215211e+02	6.32212035e+02	6.32208668e+02	6.32205112e+02	6.32201381e+02	6.32197484e+02	6.32193421e+02	6.32189194e+02	6.32184801e+02	6.32180242e+02	6.32175519e+02	6.32170633e+02	6.32165584e+02	6.32160377e+02	6.32155013e+02	6.32149496e+02	6.32143830e+02	6.32138020e+02	6.32132070e+02	6.32125986e+02	6.32119773e+02	6.32113438e+02	6.32106986e+02	6.32100425e+02	6.32093761e+02	6.32087001e+02	6.32080152e+02	6.32073222e+02	6.32066216e+02	6.32059143e+02	6.32052009e+02	6.32044821e+02	6.32037586e+02	6.32030310e+02	6.32023001e+02	6.32015663e+02	6.32008304e+02	6.32000929e+02	6.31993544e+02	6.31986154e+02	6.31978763e+02	6.31971378e+02	6.31964002e+02	6.31956639e+02	6.31949295e+02	6.31941972e+02	6.31934674e+02	6.31927405e+02	6.31920167e+02	6.31912964e+02	6.31905798e+02	6.31898672e+02	6.31891588e+02	6.31884548e+02	6.31877554e+02	6.31870607e+02	6.31863710e+02	6.31856864e+02	6.31850070e+02	6.31843330e+02	6.31836643e+02	6.31830012e+02	6.31823437e+02	6.31816919e+02	6.31810458e+02	6.31804055e+02	6.31797711e+02	6.31791425e+02	6.31785199e+02	6.31779032e+02	6.31772924e+02	6.31766876e+02	6.31760888e+02	6.31754959e+02	6.31749090e+02	6.31743280e+02	6.31737530e+02	6.31731840e+02	6.31726208e+02	6.31720635e+02	6.31715121e+02	6.31709665e+02	6.31704267e+02	6.31698927e+02	6.31693645e+02	6.31688419e+02	6.31683251e+02	6.31678138e+02	6.31673082e+02	6.31668081e+02	6.31663135e+02	6.31658244e+02	6.31653407e+02	6.31648624e+02	6.31643894e+02	6.31639217e+02	6.31634593e+02	6.31630021e+02	6.31625500e+02	6.31621030e+02	6.31616611e+02	6.31612242e+02	6.31607922e+02	6.31603652e+02	6.31599430e+02	6.31595257e+02	6.31591131e+02	6.31587053e+02	6.31583021e+02	6.31579036e+02	6.31575096e+02	6.31571202e+02	6.31567353e+02	6.31563548e+02	6.31559788e+02	6.31556070e+02	6.31552396e+02	6.31548765e+02	6.31545175e+02	6.31541627e+02	6.31538121e+02	6.31534655e+02	6.31531230e+02	6.31527844e+02	6.31524499e+02	6.31521192e+02	6.31517923e+02	6.31514693e+02
22	49	1.15497953e+03	1.15456850e+03	1.15137824e+03	1.14557672e+03	1.13734575e+03	1.12687934e+03	1.11438197e+03	1.10006698e+03	1.08415472e+03	1.06687068e+03	1.04844333e+03	1.02910189e+03	1.00907367e+03	9.88581435e+02	9.67840463e+02	9.47055704e+02	9.26418989e+02	9.06106493e+02	8.86276576e+02	8.67068087e+02	8.48599192e+02	8.30966722e+02	8.14246002e+02	7.98491086e+02	7.83735346e+02	7.69992352e+02	7.57257071e+02	7.45507399e+02	7.34706095e+02	7.24803165e+02	7.15738705e+02	7.07446162e+02	6.99855901e+02	6.92898889e+02	6.86510291e+02	6.80632718e+02	6.75218894e+02	6.70233544e+02	6.65654377e+02	6.61472113e+02	6.57689599e+02	6.54320133e+02	6.51385174e+02	6.48911626e+02	6.46928885e+02	6.45465826e+02	6.44547819e+02	6.44193900e+02	6.44414131e+02	6.45207265e+02	6.46558808e+02	6.48439656e+02	6.50805507e+02	6.53597270e+02	6.56742597e+02	6.60158509e+02	6.63754780e+02	6.67437406e+02	6.71111247e+02	6.74681088e+02	6.78050948e+02	6.81122560e+02	6.83794895e+02	6.85966858e+02	6.87544413e+02	6.88451676e+02	6.88643767e+02	6.88118261e+02	6.86922200e+02	6.85152671e+02	6.82950339e+02	6.80486680e+02	6.77946705e+02	6.75509627e+02	6.73330229e+02	6.71523543e+02	6.70155041e+02	6.69237719e+02	6.68736437e+02	6.68578674e+02	6.68669726e+02	6.68909529e+02	6.69207987e+02	6.69496074e+02	6.69731065e+02	6.69895731e+02	6.69992800e+02	6.70036975e+02	6.70047007e+02	6.70039741e+02	6.70027018e+02	6.70015222e+02	6.70006518e+02	6.70000676e+02	6.69996618e+02	6.69993335e+02	6.69990204e+02	6.69986951e+02	6.69983502e+02	6.69979858e+02	6.69976033e+02	6.69972036e+02	6.69967870e+02	6.69963533e+02	6.69959025e+02	6.69954346e+02	6.69949497e+02	6.69944479e+02	6.69939293e+02	6.69933943e+02	6.69928431e+02	6.69922760e+02	6.69916934e+02	6.69910959e+02	6.69904839e+02	6.69898580e+02	6.69892186e+02	6.69885666e+02	6.69879025e+02	6.69872270e+02	6.69865407e+02	6.69858445e+02	6.69851390e+02	6.69844250e+02	6.69837031e+02	6.69829742e+02	6.69822390e+02	6.69814981e+02	6.69807524e+02	6.69800023e+02	6.69792488e+02	6.69784923e+02	6.69777335e+02	6.69769730e+02	6.69762115e+02	6.69754494e+02	6.69746873e+02	6.69739256e+02	6.69731650e+02	6.69724057e+02	6.69716483e+02	6.69708931e+02	6.69701405e+02	6.69693909e+02	6.69686445e+02	6.69679017e+02	6.69671628e+02	6.69664280e+02	6.69656976e+02	6.69649717e+02	6.69642506e+02	6.69635344e+02	6.69628234e+02	6.69621176e+02	6.69614172e+02	6.69607224e+02	6.69600332e+02	6.69593497e+02	6.69586721e+02	6.69580003e+02	6.69573345e+02	6.69566747e+02	6.69560209e+02	6.69553732e+02	6.69547317e+02	6.69540963e+02	6.69534671e+02	6.69528440e+02	6.69522271e+02	6.69516164e+02	6.69510119e+02	6.69504135e+02	6.69498213e+02	6.69492352e+02	6.69486552e+02	6.69480814e+02	6.69475136e+02	6.69469518e+02	6.69463960e+02	6.69458462e+02	6.69453024e+02	6.69447644e+02	6.69442323e+02	6.69437060e+02	6.69431855e+02	6.69426708e+02	6.69421617e+02	6.69416583e+02	6.69411605e+02	6.69406682e+02	6.69401815e+02	6.69397002e+02	6.69392243e+02	6.69387538e+02	6.69382886e+02	6.69378287e+02	6.69373740e+02	6.69369245e+02	6.69364801e+02	6.69360407e+02	6.69356064e+02	6.69351771e+02	6.69347527e+02	6.69343331e+02	6.69339184e+02	6.69335085e+02	6.69331033e+02	6.69327027e+02	6.69323068e+02	6.69319155e+02	6.69315287e+02	6.69311464e+02	6.69307685e+02	6.69303950e+02	6.69300259e+02	6.69296610e+02	6.69293004e+02	6.69289441e+02	6.69285918e+02	6.69282437e+02	6.69278996e+02	6.69275596e+02	6.69272236e+02	6.69268914e+02
23	49	1.14018209e+03	1.13966659e+03	1.13640182e+03	1.13055425e+03	1.12230410e+03	1.11184362e+03	1.09937550e+03	1.08511113e+03	1.06926887e+03	1.05207214e+03	1.03374731e+03	1.01452144e+03	9.94619691e+02	9.74262681e+02	9.53663594e+02	9.33025345e+02	9.12537833e+02	8.92375424e+02	8.72694823e+02	8.53633391e+02	8.35307992e+02	8.17814348e+02	8.01226871e+02	7.85598895e+02	7.70963261e+02	7.57333192e+02	7.44703479e+02	7.33052004e+02	7.22341660e+02	7.12522715e+02	7.03535633e+02	6.95314311e+02	6.87789604e+02	6.80892990e+02	6.74560124e+02	6.68734054e+02	6.63367866e+02	6.58426552e+02	6.53887977e+02	6.49742909e+02	6.45994137e+02	6.42654810e+02	6.39746168e+02	6.37294844e+02	6.35329950e+02	6.33880076e+02	6.32970352e+02	6.32619627e+02	6.32837872e+02	6.33623852e+02	6.34963212e+02	6.36827127e+02	6.39171714e+02	6.41938435e+02	6.45055611e+02	6.48441027e+02	6.52005278e+02	6.55655203e+02	6.59296513e+02	6.62834828e+02	6.66175005e+02	6.69219626e+02	6.71868529e+02	6.74021481e+02	6.75585248e+02	6.76484589e+02	6.76675007e+02	6.76154094e+02	6.74968487e+02	6.73214439e+02	6.71031403e+02	6.68589366e+02	6.66071723e+02	6.63656113e+02	6.61495946e+02	6.59705228e+02	6.58348837e+02	6.57439643e+02	6.56942809e+02	6.56786452e+02	6.56876705e+02	6.57114392e+02	6.57410216e+02	6.57695762e+02	6.57928684e+02	6.58091903e+02	6.58188124e+02	6.58231921e+02	6.58241877e+02	6.58234689e+02	6.58222094e+02	6.58210417e+02	6.58201806e+02	6.58196032e+02	6.58192027e+02	6.58188792e+02	6.58185708e+02	6.58182503e+02	6.58179105e+02	6.58175514e+02	6.58171745e+02	6.58167807e+02	6.58163700e+02	6.58159426e+02	6.58154982e+02	6.58150370e+02	6.58145590e+02	6.58140643e+02	6.58135531e+02	6.58130255e+02	6.58124820e+02	6.58119227e+02	6.58113482e+02	6.58107589e+02	6.58101552e+02	6.58095378e+02	6.58089071e+02	6.58082638e+02	6.58076085e+02	6.58069419e+02	6.58062647e+02	6.58055775e+02	6.58048812e+02	6.58041764e+02	6.58034638e+02	6.58027442e+02	6.58020183e+02	6.58012868e+02	6.58005503e+02	6.57998096e+02	6.57990653e+02	6.57983181e+02	6.57975686e+02	6.57968174e+02	6.57960650e+02	6.57953121e+02	6.57945590e+02	6.57938064e+02	6.57930547e+02	6.57923044e+02	6.57915558e+02	6.57908093e+02	6.57900654e+02	6.57893244e+02	6.57885865e+02	6.57878521e+02	6.57871216e+02	6.57863950e+02	6.57856727e+02	6.57849549e+02	6.57842417e+02	6.57835335e+02	6.57828302e+02	6.57821321e+02	6.57814394e+02	6.57807520e+02	6.57800702e+02	6.57793941e+02	6.57787236e+02	6.57780590e+02	6.57774002e+02	6.57767474e+02	6.57761005e+02	6.57754596e+02	6.57748247e+02	6.57741959e+02	6.57735732e+02	6.57729566e+02	6.57723460e+02	6.57717416e+02	6.57711432e+02	6.57705509e+02	6.57699647e+02	6.57693845e+02	6.57688104e+02	6.57682423e+02	6.57676802e+02	6.57671240e+02	6.57665738e+02	6.57660294e+02	6.57654910e+02	6.57649583e+02	6.57644315e+02	6.57639104e+02	6.57633950e+02	6.57628853e+02	6.57623812e+02	6.57618826e+02	6.57613897e+02	6.57609022e+02	6.57604201e+02	6.57599435e+02	6.57594722e+02	6.57590062e+02	6.57585455e+02	6.57580900e+02	6.57576397e+02	6.57571944e+02	6.57567543e+02	6.57563191e+02	6.57558889e+02	6.57554637e+02	6.57550433e+02	6.57546277e+02	6.57542169e+02	6.57538108e+02	6.57534094e+02	6.57530126e+02	6.57526204e+02	6.57522328e+02	6.57518496e+02	6.57514709e+02	6.57510965e+02	6.57507265e+02	6.57503608e+02	6.57499994e+02	6.57496421e+02	6.57492891e+02	6.57489401e+02	6.57485952e+02	6.57482543e+02	6.57479174e+02	6.57475845e+02	6.57472554e+02
22	50	1.17605737e+03	1.17529719e+03	1.17175698e+03	1.16560729e+03	1.15703229e+03	1.14622805e+03	1.13340083e+03	1.11876544e+03	1.10254340e+03	1.08496106e+03	1.06624749e+03	1.04663219e+03	1.02634255e+03	1.00560117e+03	9.84622997e+02	9.63612519e+02	9.42761031e+02	9.22244162e+02	9.02219758e+02	8.82826236e+02	8.64181438e+02	8.46381990e+02	8.29503119e+02	8.13598865e+02	7.98702620e+02	7.84827972e+02	7.71969852e+02	7.60106037e+02	7.49199056e+02	7.39198576e+02	7.30044247e+02	7.21668993e+02	7.14002600e+02	7.06975444e+02	7.00522124e+02	6.94584739e+02	6.89115594e+02	6.84079106e+02	6.79452799e+02	6.75227339e+02	6.71405640e+02	6.68001174e+02	6.65035656e+02	6.62536299e+02	6.60532836e+02	6.59054466e+02	6.58126845e+02	6.57769219e+02	6.57991762e+02	6.58793210e+02	6.60158906e+02	6.62059424e+02	6.64449976e+02	6.67270829e+02	6.70448856e+02	6.73900191e+02	6.77533659e+02	6.81254269e+02	6.84965900e+02	6.88572363e+02	6.91976707e+02	6.95079677e+02	6.97779238e+02	6.99973292e+02	7.01566873e+02	7.02483349e+02	7.02677400e+02	7.02146577e+02	7.00938392e+02	6.99150901e+02	6.96926179e+02	6.94437430e+02	6.91871540e+02	6.89409554e+02	6.87207845e+02	6.85382642e+02	6.84000102e+02	6.83073371e+02	6.82566957e+02	6.82407596e+02	6.82499610e+02	6.82741908e+02	6.83043465e+02	6.83334546e+02	6.83571987e+02	6.83738380e+02	6.83836482e+02	6.83881149e+02	6.83891324e+02	6.83884024e+02	6.83871214e+02	6.83859342e+02	6.83850595e+02	6.83844741e+02	6.83840691e+02	6.83837427e+02	6.83834318e+02	6.83831086e+02	6.83827658e+02	6.83824034e+02	6.83820230e+02	6.83816253e+02	6.83812105e+02	6.83807786e+02	6.83803295e+02	6.83798632e+02	6.83793798e+02	6.83788794e+02	6.83783620e+02	6.83778280e+02	6.83772776e+02	6.83767112e+02	6.83761291e+02	6.83755318e+02	6.83749198e+02	6.83742937e+02	6.83736539e+02	6.83730012e+02	6.83723361e+02	6.83716595e+02	6.83709718e+02	6.83702739e+02	6.83695666e+02	6.83688504e+02	6.83681262e+02	6.83673948e+02	6.83666567e+02	6.83659129e+02	6.83651639e+02	6.83644104e+02	6.83636533e+02	6.83628930e+02	6.83621303e+02	6.83613657e+02	6.83605999e+02	6.83598335e+02	6.83590668e+02	6.83583006e+02	6.83575352e+02	6.83567711e+02	6.83560088e+02	6.83552486e+02	6.83544909e+02	6.83537362e+02	6.83529846e+02	6.83522366e+02	6.83514924e+02	6.83507523e+02	6.83500165e+02	6.83492853e+02	6.83485588e+02	6.83478373e+02	6.83471208e+02	6.83464097e+02	6.83457039e+02	6.83450037e+02	6.83443091e+02	6.83436203e+02	6.83429373e+02	6.83422602e+02	6.83415891e+02	6.83409241e+02	6.83402651e+02	6.83396122e+02	6.83389655e+02	6.83383250e+02	6.83376906e+02	6.83370625e+02	6.83364406e+02	6.83358249e+02	6.83352154e+02	6.83346122e+02	6.83340151e+02	6.83334242e+02	6.83328394e+02	6.83322608e+02	6.83316883e+02	6.83311219e+02	6.83305615e+02	6.83300072e+02	6.83294588e+02	6.83289164e+02	6.83283799e+02	6.83278492e+02	6.83273244e+02	6.83268054e+02	6.83262921e+02	6.83257844e+02	6.83252825e+02	6.83247861e+02	6.83242953e+02	6.83238100e+02	6.83233302e+02	6.83228557e+02	6.83223867e+02	6.83219229e+02	6.83214644e+02	6.83210111e+02	6.83205630e+02	6.83201200e+02	6.83196821e+02	6.83192491e+02	6.83188212e+02	6.83183981e+02	6.83179799e+02	6.83175666e+02	6.83171580e+02	6.83167541e+02	6.83163549e+02	6.83159603e+02	6.83155702e+02	6.83151847e+02	6.83148037e+02	6.83144271e+02	6.83140549e+02	6.83136870e+02	6.83133234e+02	6.83129640e+02	6.83126088e+02	6.83122578e+02	6.83119108e+02	6.83115680e+02	6.83112291e+02	6.83108942e+02
24	50	1.14683324e+03	1.14587758e+03	1.14220006e+03	1.13596830e+03	1.12736328e+03	1.11657766e+03	1.10381411e+03	1.08928364e+03	1.07320387e+03	1.05579710e+03	1.03728830e+03	1.01790278e+03	9.97863754e+02	9.77389652e+02	9.56691360e+02	9.35969438e+02	9.15411449e+02	8.95189534e+02	8.75458347e+02	8.56353441e+02	8.37990149e+02	8.20462962e+02	8.03845344e+02	7.88189947e+02	7.73529141e+02	7.59875841e+02	7.47224641e+02	7.35553295e+02	7.24824597e+02	7.14988728e+02	7.05986062e+02	6.97750399e+02	6.90212494e+02	6.83303720e+02	6.76959633e+02	6.71123195e+02	6.65747417e+02	6.60797238e+02	6.56250491e+02	6.52097936e+02	6.48342371e+02	6.44996978e+02	6.42083040e+02	6.39627244e+02	6.37658759e+02	6.36206233e+02	6.35294845e+02	6.34943481e+02	6.35162130e+02	6.35949555e+02	6.37291373e+02	6.39158703e+02	6.41507578e+02	6.44279347e+02	6.47402199e+02	6.50793763e+02	6.54364469e+02	6.58020987e+02	6.61668855e+02	6.65213528e+02	6.68559693e+02	6.71609760e+02	6.74263392e+02	6.76420185e+02	6.77986741e+02	6.78887692e+02	6.79078462e+02	6.78556640e+02	6.77368945e+02	6.75611798e+02	6.73424895e+02	6.70978525e+02	6.68456406e+02	6.66036496e+02	6.63872482e+02	6.62078574e+02	6.60719772e+02	6.59808971e+02	6.59311272e+02	6.59154665e+02	6.59245115e+02	6.59483265e+02	6.59779659e+02	6.60065759e+02	6.60299142e+02	6.60462699e+02	6.60559139e+02	6.60603064e+02	6.60613089e+02	6.60605942e+02	6.60593379e+02	6.60581740e+02	6.60573175e+02	6.60567454e+02	6.60563507e+02	6.60560334e+02	6.60557315e+02	6.60554178e+02	6.60550848e+02	6.60547328e+02	6.60543632e+02	6.60539768e+02	6.60535737e+02	6.60531539e+02	6.60527174e+02	6.60522641e+02	6.60517941e+02	6.60513074e+02	6.60508042e+02	6.60502848e+02	6.60497494e+02	6.60491982e+02	6.60486318e+02	6.60480504e+02	6.60474547e+02	6.60468451e+02	6.60462221e+02	6.60455865e+02	6.60449387e+02	6.60442794e+02	6.60436094e+02	6.60429293e+02	6.60422398e+02	6.60415417e+02	6.60408356e+02	6.60401223e+02	6.60394025e+02	6.60386769e+02	6.60379461e+02	6.60372110e+02	6.60364720e+02	6.60357300e+02	6.60349854e+02	6.60342389e+02	6.60334911e+02	6.60327425e+02	6.60319937e+02	6.60312451e+02	6.60304973e+02	6.60297506e+02	6.60290056e+02	6.60282625e+02	6.60275219e+02	6.60267839e+02	6.60260491e+02	6.60253176e+02	6.60245897e+02	6.60238658e+02	6.60231460e+02	6.60224305e+02	6.60217197e+02	6.60210136e+02	6.60203124e+02	6.60196164e+02	6.60189255e+02	6.60182400e+02	6.60175600e+02	6.60168855e+02	6.60162167e+02	6.60155536e+02	6.60148963e+02	6.60142449e+02	6.60135993e+02	6.60129597e+02	6.60123261e+02	6.60116985e+02	6.60110769e+02	6.60104614e+02	6.60098519e+02	6.60092485e+02	6.60086511e+02	6.60080597e+02	6.60074744e+02	6.60068951e+02	6.60063218e+02	6.60057545e+02	6.60051932e+02	6.60046378e+02	6.60040882e+02	6.60035446e+02	6.60030068e+02	6.60024748e+02	6.60019485e+02	6.60014280e+02	6.60009132e+02	6.60004040e+02	6.59999005e+02	6.59994024e+02	6.59989100e+02	6.59984230e+02	6.59979414e+02	6.59974652e+02	6.59969943e+02	6.59965288e+02	6.59960684e+02	6.59956133e+02	6.59951633e+02	6.59947185e+02	6.59942786e+02	6.59938438e+02	6.59934140e+02	6.59929890e+02	6.59925689e+02	6.59921536e+02	6.59917431e+02	6.59913373e+02	6.59909362e+02	6.59905397e+02	6.59901477e+02	6.59897603e+02	6.59893774e+02	6.59889988e+02	6.59886247e+02	6.59882549e+02	6.59878894e+02	6.59875282e+02	6.59871711e+02	6.59868182e+02	6.59864694e+02	6.59861247e+02	6.59857840e+02	6.59854473e+02	6.59851145e+02	6.59847856e+02
23	50	1.16139932e+03	1.16054074e+03	1.15693129e+03	1.15074005e+03	1.14214959e+03	1.13135426e+03	1.11855853e+03	1.10397531e+03	1.08782415e+03	1.07032939e+03	1.05171803e+03	1.03221748e+03	1.01205304e+03	9.91445211e+02	9.70606913e+02	9.49740665e+02	9.29035892e+02	9.08666477e+02	8.88788665e+02	8.69539440e+02	8.51035389e+02	8.33372068e+02	8.16623822e+02	8.00843996e+02	7.86065470e+02	7.72301496e+02	7.59546837e+02	7.47779256e+02	7.36961417e+02	7.27043242e+02	7.17964746e+02	7.09659287e+02	7.02057138e+02	6.95089174e+02	6.88690471e+02	6.82803559e+02	6.77381098e+02	6.72387764e+02	6.67801238e+02	6.63612231e+02	6.59823599e+02	6.56448670e+02	6.53508941e+02	6.51031365e+02	6.49045391e+02	6.47579943e+02	6.46660439e+02	6.46305944e+02	6.46526540e+02	6.47320976e+02	6.48674734e+02	6.50558657e+02	6.52928370e+02	6.55724682e+02	6.58875121e+02	6.62296570e+02	6.65898657e+02	6.69587221e+02	6.73266971e+02	6.76842539e+02	6.80217793e+02	6.83294311e+02	6.85970908e+02	6.88146331e+02	6.89726400e+02	6.90635114e+02	6.90827524e+02	6.90301201e+02	6.89103261e+02	6.87330942e+02	6.85125130e+02	6.82657571e+02	6.80113567e+02	6.77672619e+02	6.75489758e+02	6.73680202e+02	6.72309532e+02	6.71390766e+02	6.70888709e+02	6.70730725e+02	6.70821958e+02	6.71062182e+02	6.71361158e+02	6.71649748e+02	6.71885160e+02	6.72050135e+02	6.72147407e+02	6.72191703e+02	6.72201803e+02	6.72194580e+02	6.72181894e+02	6.72170139e+02	6.72161483e+02	6.72155696e+02	6.72151698e+02	6.72148480e+02	6.72145416e+02	6.72142232e+02	6.72138853e+02	6.72135282e+02	6.72131532e+02	6.72127612e+02	6.72123523e+02	6.72119265e+02	6.72114837e+02	6.72110240e+02	6.72105473e+02	6.72100538e+02	6.72095436e+02	6.72090169e+02	6.72084741e+02	6.72079153e+02	6.72073411e+02	6.72067519e+02	6.72061481e+02	6.72055302e+02	6.72048989e+02	6.72042548e+02	6.72035984e+02	6.72029305e+02	6.72022518e+02	6.72015628e+02	6.72008645e+02	6.72001574e+02	6.71994423e+02	6.71987200e+02	6.71979911e+02	6.71972564e+02	6.71965166e+02	6.71957723e+02	6.71950243e+02	6.71942732e+02	6.71935196e+02	6.71927642e+02	6.71920074e+02	6.71912499e+02	6.71904922e+02	6.71897349e+02	6.71889783e+02	6.71882230e+02	6.71874693e+02	6.71867177e+02	6.71859686e+02	6.71852223e+02	6.71844792e+02	6.71837394e+02	6.71830034e+02	6.71822714e+02	6.71815437e+02	6.71808204e+02	6.71801017e+02	6.71793880e+02	6.71786792e+02	6.71779756e+02	6.71772773e+02	6.71765845e+02	6.71758972e+02	6.71752156e+02	6.71745397e+02	6.71738697e+02	6.71732055e+02	6.71725473e+02	6.71718950e+02	6.71712488e+02	6.71706087e+02	6.71699746e+02	6.71693467e+02	6.71687249e+02	6.71681092e+02	6.71674996e+02	6.71668962e+02	6.71662989e+02	6.71657077e+02	6.71651227e+02	6.71645437e+02	6.71639707e+02	6.71634038e+02	6.71628429e+02	6.71622880e+02	6.71617390e+02	6.71611959e+02	6.71606587e+02	6.71601273e+02	6.71596017e+02	6.71590819e+02	6.71585678e+02	6.71580594e+02	6.71575566e+02	6.71570594e+02	6.71565677e+02	6.71560815e+02	6.71556008e+02	6.71551254e+02	6.71546554e+02	6.71541908e+02	6.71537313e+02	6.71532771e+02	6.71528280e+02	6.71523841e+02	6.71519452e+02	6.71515113e+02	6.71510823e+02	6.71506583e+02	6.71502391e+02	6.71498248e+02	6.71494152e+02	6.71490103e+02	6.71486102e+02	6.71482146e+02	6.71478236e+02	6.71474371e+02	6.71470551e+02	6.71466775e+02	6.71463043e+02	6.71459355e+02	6.71455709e+02	6.71452106e+02	6.71448544e+02	6.71445024e+02	6.71441546e+02	6.71438108e+02	6.71434710e+02	6.71431351e+02	6.71428032e+02
23	51	1.18228136e+03	1.18108130e+03	1.17712966e+03	1.17059806e+03	1.16167133e+03	1.15054582e+03	1.13742768e+03	1.12253122e+03	1.10607711e+03	1.08829048e+03	1.06939888e+03	1.04962999e+03	1.02920915e+03	1.00835669e+03	9.87285205e+02	9.66196767e+02	9.45280299e+02	9.24709174e+02	9.04639173e+02	8.85206896e+02	8.66528656e+02	8.48699852e+02	8.31794775e+02	8.15866786e+02	8.00948816e+02	7.87054154e+02	7.74177540e+02	7.62296628e+02	7.51373860e+02	7.41358823e+02	7.32191091e+02	7.23803503e+02	7.16125758e+02	7.09088144e+02	7.02625174e+02	6.96678872e+02	6.91201479e+02	6.86157366e+02	6.81524031e+02	6.77292132e+02	6.73464592e+02	6.70054909e+02	6.67084835e+02	6.64581632e+02	6.62575082e+02	6.61094431e+02	6.60165379e+02	6.59807204e+02	6.60030095e+02	6.60832787e+02	6.62200597e+02	6.64104053e+02	6.66498293e+02	6.69323490e+02	6.72506398e+02	6.75963022e+02	6.79602043e+02	6.83328324e+02	6.87045598e+02	6.90657531e+02	6.94067025e+02	6.97174680e+02	6.99878311e+02	7.02075669e+02	7.03671652e+02	7.04589514e+02	7.04783869e+02	7.04252266e+02	7.03042287e+02	7.01252133e+02	6.99024088e+02	6.96531615e+02	6.93961879e+02	6.91496197e+02	6.89291182e+02	6.87463239e+02	6.86078629e+02	6.85150520e+02	6.84643366e+02	6.84483794e+02	6.84575982e+02	6.84818683e+02	6.85120736e+02	6.85412299e+02	6.85650141e+02	6.85816831e+02	6.85915128e+02	6.85959912e+02	6.85970153e+02	6.85962896e+02	6.85950122e+02	6.85938290e+02	6.85929591e+02	6.85923792e+02	6.85919802e+02	6.85916601e+02	6.85913557e+02	6.85910394e+02	6.85907036e+02	6.85903484e+02	6.85899754e+02	6.85895852e+02	6.85891781e+02	6.85887540e+02	6.85883129e+02	6.85878547e+02	6.85873795e+02	6.85868873e+02	6.85863782e+02	6.85858525e+02	6.85853104e+02	6.85847523e+02	6.85841786e+02	6.85835896e+02	6.85829858e+02	6.85823677e+02	6.85817360e+02	6.85810912e+02	6.85804339e+02	6.85797649e+02	6.85790847e+02	6.85783942e+02	6.85776940e+02	6.85769848e+02	6.85762675e+02	6.85755426e+02	6.85748110e+02	6.85740733e+02	6.85733304e+02	6.85725828e+02	6.85718312e+02	6.85710764e+02	6.85703189e+02	6.85695594e+02	6.85687985e+02	6.85680367e+02	6.85672746e+02	6.85665127e+02	6.85657514e+02	6.85649914e+02	6.85642329e+02	6.85634764e+02	6.85627222e+02	6.85619709e+02	6.85612226e+02	6.85604777e+02	6.85597365e+02	6.85589993e+02	6.85582662e+02	6.85575376e+02	6.85568137e+02	6.85560946e+02	6.85553805e+02	6.85546716e+02	6.85539680e+02	6.85532698e+02	6.85525773e+02	6.85518903e+02	6.85512092e+02	6.85505339e+02	6.85498644e+02	6.85492010e+02	6.85485436e+02	6.85478922e+02	6.85472470e+02	6.85466078e+02	6.85459748e+02	6.85453480e+02	6.85447274e+02	6.85441129e+02	6.85435046e+02	6.85429024e+02	6.85423064e+02	6.85417165e+02	6.85411328e+02	6.85405552e+02	6.85399836e+02	6.85394181e+02	6.85388586e+02	6.85383051e+02	6.85377576e+02	6.85372159e+02	6.85366802e+02	6.85361503e+02	6.85356262e+02	6.85351078e+02	6.85345952e+02	6.85340882e+02	6.85335869e+02	6.85330912e+02	6.85326009e+02	6.85321162e+02	6.85316369e+02	6.85311631e+02	6.85306945e+02	6.85302313e+02	6.85297733e+02	6.85293205e+02	6.85288728e+02	6.85284303e+02	6.85279928e+02	6.85275603e+02	6.85271327e+02	6.85267101e+02	6.85262923e+02	6.85258793e+02	6.85254711e+02	6.85250676e+02	6.85246687e+02	6.85242745e+02	6.85238848e+02	6.85234996e+02	6.85231189e+02	6.85227426e+02	6.85223707e+02	6.85220031e+02	6.85216398e+02	6.85212807e+02	6.85209258e+02	6.85205750e+02	6.85202283e+02	6.85198857e+02	6.85195471e+02	6.85192124e+02
24	51	1.16784970e+03	1.16655824e+03	1.16254346e+03	1.15597552e+03	1.14703769e+03	1.13592461e+03	1.12284068e+03	1.10799834e+03	1.09161636e+03	1.07391788e+03	1.05512846e+03	1.03547375e+03	1.01517703e+03	9.94456627e+02	9.73523169e+02	9.52576827e+02	9.31804722e+02	9.11378543e+02	8.91452532e+02	8.72161909e+02	8.53621778e+02	8.35926508e+02	8.19149539e+02	8.03343564e+02	7.88541019e+02	7.74754867e+02	7.61979688e+02	7.50193125e+02	7.39357751e+02	7.29423406e+02	7.20330018e+02	7.12010858e+02	7.04396097e+02	6.97416514e+02	6.91007089e+02	6.85110270e+02	6.79678646e+02	6.74676841e+02	6.70082507e+02	6.65886345e+02	6.62091224e+02	6.58710498e+02	6.55765709e+02	6.53283859e+02	6.51294454e+02	6.49826473e+02	6.48905378e+02	6.48550272e+02	6.48771255e+02	6.49567072e+02	6.50923178e+02	6.52810365e+02	6.55184175e+02	6.57985311e+02	6.61141172e+02	6.64568497e+02	6.68176752e+02	6.71871615e+02	6.75557633e+02	6.79139276e+02	6.82520251e+02	6.85601973e+02	6.88283090e+02	6.90462183e+02	6.92044918e+02	6.92955169e+02	6.93147916e+02	6.92620726e+02	6.91420791e+02	6.89645511e+02	6.87436005e+02	6.84964305e+02	6.82416025e+02	6.79970969e+02	6.77784431e+02	6.75971828e+02	6.74598855e+02	6.73678554e+02	6.73175672e+02	6.73017450e+02	6.73108871e+02	6.73349539e+02	6.73649060e+02	6.73938181e+02	6.74174034e+02	6.74339333e+02	6.74436815e+02	6.74481234e+02	6.74491402e+02	6.74484219e+02	6.74471566e+02	6.74459848e+02	6.74451237e+02	6.74445502e+02	6.74441563e+02	6.74438406e+02	6.74435406e+02	6.74432288e+02	6.74428978e+02	6.74425477e+02	6.74421798e+02	6.74417951e+02	6.74413937e+02	6.74409756e+02	6.74405405e+02	6.74400887e+02	6.74396199e+02	6.74391344e+02	6.74386322e+02	6.74381136e+02	6.74375789e+02	6.74370282e+02	6.74364620e+02	6.74358808e+02	6.74352849e+02	6.74346750e+02	6.74340514e+02	6.74334149e+02	6.74327661e+02	6.74321056e+02	6.74314340e+02	6.74307522e+02	6.74300607e+02	6.74293604e+02	6.74286518e+02	6.74279359e+02	6.74272132e+02	6.74264844e+02	6.74257504e+02	6.74250117e+02	6.74242691e+02	6.74235232e+02	6.74227746e+02	6.74220240e+02	6.74212719e+02	6.74205189e+02	6.74197655e+02	6.74190122e+02	6.74182596e+02	6.74175080e+02	6.74167580e+02	6.74160099e+02	6.74152641e+02	6.74145210e+02	6.74137809e+02	6.74130441e+02	6.74123109e+02	6.74115816e+02	6.74108564e+02	6.74101356e+02	6.74094193e+02	6.74087078e+02	6.74080011e+02	6.74072996e+02	6.74066033e+02	6.74059124e+02	6.74052270e+02	6.74045471e+02	6.74038729e+02	6.74032044e+02	6.74025418e+02	6.74018850e+02	6.74012342e+02	6.74005893e+02	6.73999505e+02	6.73993177e+02	6.73986910e+02	6.73980703e+02	6.73974557e+02	6.73968473e+02	6.73962449e+02	6.73956486e+02	6.73950583e+02	6.73944742e+02	6.73938960e+02	6.73933239e+02	6.73927578e+02	6.73921977e+02	6.73916435e+02	6.73910953e+02	6.73905529e+02	6.73900164e+02	6.73894857e+02	6.73889607e+02	6.73884415e+02	6.73879280e+02	6.73874202e+02	6.73869179e+02	6.73864212e+02	6.73859301e+02	6.73854444e+02	6.73849641e+02	6.73844892e+02	6.73840197e+02	6.73835554e+02	6.73830964e+02	6.73826426e+02	6.73821939e+02	6.73817503e+02	6.73813118e+02	6.73808783e+02	6.73804497e+02	6.73800260e+02	6.73796071e+02	6.73791931e+02	6.73787838e+02	6.73783793e+02	6.73779794e+02	6.73775841e+02	6.73771933e+02	6.73768071e+02	6.73764254e+02	6.73760480e+02	6.73756751e+02	6.73753064e+02	6.73749421e+02	6.73745820e+02	6.73742261e+02	6.73738743e+02	6.73735266e+02	6.73731830e+02	6.73728434e+02	6.73725078e+02	6.73721760e+02
24	52	1.18853645e+03	1.18691120e+03	1.18256203e+03	1.17566155e+03	1.16639518e+03	1.15495949e+03	1.14156051e+03	1.12641201e+03	1.10973377e+03	1.09174975e+03	1.07268596e+03	1.05276830e+03	1.03222007e+03	1.01125945e+03	9.90096715e+02	9.68931626e+02	9.47950831e+02	9.27325549e+02	9.07209602e+02	8.87737878e+02	8.69025256e+02	8.51165991e+02	8.34233510e+02	8.18280554e+02	8.03339636e+02	7.89423772e+02	7.76527536e+02	7.64628467e+02	7.53688923e+02	7.43658416e+02	7.34476437e+02	7.26075739e+02	7.18385927e+02	7.11337197e+02	7.04863968e+02	6.98908187e+02	6.93422026e+02	6.88369809e+02	6.83729004e+02	6.79490259e+02	6.75656509e+02	6.72241280e+02	6.69266365e+02	6.66759073e+02	6.64749240e+02	6.63266165e+02	6.62335592e+02	6.61976832e+02	6.62200093e+02	6.63004106e+02	6.64374164e+02	6.66280742e+02	6.68678902e+02	6.71508715e+02	6.74696812e+02	6.78159057e+02	6.81803979e+02	6.85536288e+02	6.89259560e+02	6.92877305e+02	6.96292273e+02	6.99404907e+02	7.02112863e+02	7.04313733e+02	7.05912266e+02	7.06831600e+02	7.07026277e+02	7.06493845e+02	7.05281957e+02	7.03488970e+02	7.01257391e+02	6.98760957e+02	6.96187130e+02	6.93717518e+02	6.91508986e+02	6.89678127e+02	6.88291315e+02	6.87361737e+02	6.86853794e+02	6.86693996e+02	6.86786364e+02	6.87029491e+02	6.87332067e+02	6.87624137e+02	6.87862403e+02	6.88029403e+02	6.88127903e+02	6.88172806e+02	6.88183113e+02	6.88175895e+02	6.88163155e+02	6.88151360e+02	6.88142705e+02	6.88136957e+02	6.88133025e+02	6.88129884e+02	6.88126904e+02	6.88123806e+02	6.88120515e+02	6.88117033e+02	6.88113373e+02	6.88109544e+02	6.88105547e+02	6.88101382e+02	6.88097048e+02	6.88092544e+02	6.88087870e+02	6.88083027e+02	6.88078017e+02	6.88072840e+02	6.88067500e+02	6.88062000e+02	6.88056342e+02	6.88050532e+02	6.88044573e+02	6.88038472e+02	6.88032232e+02	6.88025861e+02	6.88019363e+02	6.88012747e+02	6.88006018e+02	6.87999184e+02	6.87992251e+02	6.87985227e+02	6.87978120e+02	6.87970935e+02	6.87963681e+02	6.87956365e+02	6.87948994e+02	6.87941574e+02	6.87934114e+02	6.87926618e+02	6.87919094e+02	6.87911548e+02	6.87903986e+02	6.87896413e+02	6.87888836e+02	6.87881258e+02	6.87873686e+02	6.87866124e+02	6.87858576e+02	6.87851046e+02	6.87843539e+02	6.87836058e+02	6.87828606e+02	6.87821187e+02	6.87813804e+02	6.87806459e+02	6.87799155e+02	6.87791894e+02	6.87784679e+02	6.87777511e+02	6.87770392e+02	6.87763325e+02	6.87756309e+02	6.87749347e+02	6.87742440e+02	6.87735589e+02	6.87728795e+02	6.87722058e+02	6.87715380e+02	6.87708761e+02	6.87702201e+02	6.87695702e+02	6.87689263e+02	6.87682884e+02	6.87676567e+02	6.87670311e+02	6.87664116e+02	6.87657982e+02	6.87651910e+02	6.87645898e+02	6.87639948e+02	6.87634059e+02	6.87628231e+02	6.87622464e+02	6.87616757e+02	6.87611110e+02	6.87605523e+02	6.87599996e+02	6.87594528e+02	6.87589119e+02	6.87583768e+02	6.87578476e+02	6.87573241e+02	6.87568064e+02	6.87562944e+02	6.87557880e+02	6.87552872e+02	6.87547920e+02	6.87543024e+02	6.87538181e+02	6.87533394e+02	6.87528660e+02	6.87523979e+02	6.87519351e+02	6.87514775e+02	6.87510252e+02	6.87505779e+02	6.87501358e+02	6.87496987e+02	6.87492665e+02	6.87488394e+02	6.87484171e+02	6.87479996e+02	6.87475870e+02	6.87471791e+02	6.87467759e+02	6.87463773e+02	6.87459834e+02	6.87455939e+02	6.87452090e+02	6.87448286e+02	6.87444526e+02	6.87440809e+02	6.87437136e+02	6.87433505e+02	6.87429916e+02	6.87426370e+02	6.87422864e+02	6.87419400e+02	6.87415976e+02	6.87412591e+02	6.87409247e+02
24	53	1.20890028e+03	1.20694397e+03	1.20226387e+03	1.19503496e+03	1.18544477e+03	1.17369168e+03	1.15998322e+03	1.14453442e+03	1.12756602e+03	1.10930263e+03	1.08997070e+03	1.06979628e+03	1.04900264e+03	1.02780771e+03	1.00642142e+03	9.85043063e+02	9.63858799e+02	9.43039366e+02	9.22738161e+02	9.03089743e+02	8.84208774e+02	8.66189408e+02	8.49105067e+02	8.33008555e+02	8.17932466e+02	8.03889879e+02	7.90875365e+02	7.78866370e+02	7.67825043e+02	7.57700574e+02	7.48432031e+02	7.39951662e+02	7.32188517e+02	7.25072221e+02	7.18536649e+02	7.12523254e+02	7.06983805e+02	7.01882328e+02	6.97196115e+02	6.92915762e+02	6.89044268e+02	6.85595325e+02	6.82590973e+02	6.80058821e+02	6.78029027e+02	6.76531204e+02	6.75591370e+02	6.75229040e+02	6.75454527e+02	6.76266549e+02	6.77650240e+02	6.79575764e+02	6.81997718e+02	6.84855551e+02	6.88075145e+02	6.91571512e+02	6.95252263e+02	6.99021160e+02	7.02780833e+02	7.06433854e+02	7.09882037e+02	7.13024877e+02	7.15759057e+02	7.17981206e+02	7.19595177e+02	7.20523384e+02	7.20719948e+02	7.20182394e+02	7.18958827e+02	7.17148538e+02	7.14895392e+02	7.12374789e+02	7.09775999e+02	7.07282393e+02	7.05052370e+02	7.03203674e+02	7.01803339e+02	7.00864697e+02	7.00351809e+02	7.00190470e+02	7.00283766e+02	7.00529294e+02	7.00834855e+02	7.01129808e+02	7.01370431e+02	7.01539094e+02	7.01638589e+02	7.01683964e+02	7.01694408e+02	7.01687157e+02	7.01674331e+02	7.01662461e+02	7.01653765e+02	7.01648004e+02	7.01644079e+02	7.01640955e+02	7.01637995e+02	7.01634917e+02	7.01631646e+02	7.01628183e+02	7.01624542e+02	7.01620731e+02	7.01616752e+02	7.01612604e+02	7.01608286e+02	7.01603798e+02	7.01599138e+02	7.01594309e+02	7.01589310e+02	7.01584144e+02	7.01578813e+02	7.01573319e+02	7.01567667e+02	7.01561861e+02	7.01555903e+02	7.01549801e+02	7.01543559e+02	7.01537182e+02	7.01530678e+02	7.01524052e+02	7.01517312e+02	7.01510463e+02	7.01503514e+02	7.01496472e+02	7.01489343e+02	7.01482136e+02	7.01474857e+02	7.01467514e+02	7.01460113e+02	7.01452663e+02	7.01445169e+02	7.01437639e+02	7.01430079e+02	7.01422496e+02	7.01414894e+02	7.01407281e+02	7.01399662e+02	7.01392041e+02	7.01384425e+02	7.01376818e+02	7.01369224e+02	7.01361647e+02	7.01354093e+02	7.01346564e+02	7.01339063e+02	7.01331595e+02	7.01324162e+02	7.01316767e+02	7.01309413e+02	7.01302102e+02	7.01294836e+02	7.01287617e+02	7.01280447e+02	7.01273329e+02	7.01266262e+02	7.01259249e+02	7.01252291e+02	7.01245389e+02	7.01238545e+02	7.01231758e+02	7.01225029e+02	7.01218360e+02	7.01211751e+02	7.01205202e+02	7.01198714e+02	7.01192286e+02	7.01185920e+02	7.01179616e+02	7.01173373e+02	7.01167192e+02	7.01161072e+02	7.01155015e+02	7.01149018e+02	7.01143083e+02	7.01137210e+02	7.01131397e+02	7.01125645e+02	7.01119954e+02	7.01114323e+02	7.01108753e+02	7.01103241e+02	7.01097790e+02	7.01092397e+02	7.01087063e+02	7.01081787e+02	7.01076569e+02	7.01071408e+02	7.01066304e+02	7.01061257e+02	7.01056266e+02	7.01051330e+02	7.01046450e+02	7.01041624e+02	7.01036853e+02	7.01032135e+02	7.01027470e+02	7.01022858e+02	7.01018299e+02	7.01013791e+02	7.01009334e+02	7.01004928e+02	7.01000573e+02	7.00996267e+02	7.00992011e+02	7.00987803e+02	7.00983644e+02	7.00979532e+02	7.00975468e+02	7.00971451e+02	7.00967480e+02	7.00963555e+02	7.00959676e+02	7.00955841e+02	7.00952051e+02	7.00948305e+02	7.00944602e+02	7.00940942e+02	7.00937325e+02	7.00933750e+02	7.00930217e+02	7.00926725e+02	7.00923274e+02	7.00919863e+02	7.00916492e+02
25	53	1.19481549e+03	1.19277937e+03	1.18804618e+03	1.18078945e+03	1.17119517e+03	1.15946008e+03	1.14579000e+03	1.13039818e+03	1.11350352e+03	1.09532875e+03	1.07609839e+03	1.05603657e+03	1.03536465e+03	1.01429866e+03	9.93046660e+02	9.71806185e+02	9.50761699e+02	9.30082373e+02	9.09920171e+02	8.90408365e+02	8.71660492e+02	8.53769746e+02	8.36808753e+02	8.20829692e+02	8.05864694e+02	7.91926534e+02	7.79009633e+02	7.67091428e+02	7.56134199e+02	7.46087377e+02	7.36890374e+02	7.28475849e+02	7.20773312e+02	7.13712857e+02	7.07228810e+02	7.01263031e+02	6.95767624e+02	6.90706859e+02	6.86058175e+02	6.81812211e+02	6.77971912e+02	6.74550834e+02	6.71570812e+02	6.69059207e+02	6.67045912e+02	6.65560280e+02	6.64628103e+02	6.64268726e+02	6.64492377e+02	6.65297783e+02	6.66670211e+02	6.68580081e+02	6.70982375e+02	6.73817055e+02	6.77010623e+02	6.80478796e+02	6.84129942e+02	6.87868607e+02	6.91598203e+02	6.95222077e+02	6.98642817e+02	7.01760702e+02	7.04473217e+02	7.06677790e+02	7.08279012e+02	7.09199897e+02	7.09394913e+02	7.08861603e+02	7.07647702e+02	7.05851725e+02	7.03616418e+02	7.01115805e+02	6.98537661e+02	6.96063902e+02	6.93851658e+02	6.92017724e+02	6.90628585e+02	6.89697456e+02	6.89188679e+02	6.89028638e+02	6.89121195e+02	6.89364767e+02	6.89667890e+02	6.89960493e+02	6.90199201e+02	6.90366525e+02	6.90465236e+02	6.90510259e+02	6.90520631e+02	6.90513450e+02	6.90500740e+02	6.90488979e+02	6.90480367e+02	6.90474668e+02	6.90470789e+02	6.90467707e+02	6.90464788e+02	6.90461753e+02	6.90458527e+02	6.90455111e+02	6.90451519e+02	6.90447760e+02	6.90443835e+02	6.90439742e+02	6.90435482e+02	6.90431053e+02	6.90426455e+02	6.90421689e+02	6.90416756e+02	6.90411657e+02	6.90406395e+02	6.90400972e+02	6.90395393e+02	6.90389660e+02	6.90383778e+02	6.90377753e+02	6.90371588e+02	6.90365291e+02	6.90358867e+02	6.90352323e+02	6.90345664e+02	6.90338899e+02	6.90332034e+02	6.90325076e+02	6.90318032e+02	6.90310910e+02	6.90303716e+02	6.90296458e+02	6.90289144e+02	6.90281779e+02	6.90274371e+02	6.90266927e+02	6.90259452e+02	6.90251953e+02	6.90244437e+02	6.90236908e+02	6.90229372e+02	6.90221835e+02	6.90214302e+02	6.90206777e+02	6.90199264e+02	6.90191769e+02	6.90184295e+02	6.90176845e+02	6.90169423e+02	6.90162033e+02	6.90154677e+02	6.90147359e+02	6.90140080e+02	6.90132843e+02	6.90125651e+02	6.90118505e+02	6.90111408e+02	6.90104360e+02	6.90097364e+02	6.90090421e+02	6.90083531e+02	6.90076697e+02	6.90069919e+02	6.90063198e+02	6.90056535e+02	6.90049930e+02	6.90043385e+02	6.90036898e+02	6.90030472e+02	6.90024106e+02	6.90017800e+02	6.90011555e+02	6.90005371e+02	6.89999248e+02	6.89993185e+02	6.89987183e+02	6.89981243e+02	6.89975362e+02	6.89969543e+02	6.89963783e+02	6.89958084e+02	6.89952445e+02	6.89946865e+02	6.89941345e+02	6.89935884e+02	6.89930481e+02	6.89925137e+02	6.89919851e+02	6.89914622e+02	6.89909450e+02	6.89904335e+02	6.89899277e+02	6.89894274e+02	6.89889327e+02	6.89884435e+02	6.89879597e+02	6.89874814e+02	6.89870084e+02	6.89865408e+02	6.89860784e+02	6.89856212e+02	6.89851692e+02	6.89847223e+02	6.89842805e+02	6.89838437e+02	6.89834119e+02	6.89829850e+02	6.89825631e+02	6.89821459e+02	6.89817335e+02	6.89813259e+02	6.89809230e+02	6.89805247e+02	6.89801310e+02	6.89797418e+02	6.89793571e+02	6.89789769e+02	6.89786011e+02	6.89782296e+02	6.89778625e+02	6.89774996e+02	6.89771410e+02	6.89767865e+02	6.89764361e+02	6.89760898e+02	6.89757476e+02	6.89754094e+02	6.89750751e+02
24	54	1.22894789e+03	1.22666385e+03	1.22165685e+03	1.21410411e+03	1.20419519e+03	1.19213017e+03	1.17811804e+03	1.16237496e+03	1.14512256e+03	1.12658602e+03	1.10699214e+03	1.08656708e+03	1.06553399e+03	1.04411053e+03	1.02250624e+03	1.00091991e+03	9.79537206e+02	9.58528370e+02	9.38046383e+02	9.18225479e+02	8.99180118e+02	8.81004364e+02	8.63771644e+02	8.47534836e+02	8.32326626e+02	8.18160163e+02	8.05030021e+02	7.92913557e+02	7.81772719e+02	7.71556386e+02	7.62203211e+02	7.53644948e+02	7.45810106e+02	7.38627752e+02	7.32031227e+02	7.25961505e+02	7.20369957e+02	7.15220319e+02	7.10489712e+02	7.06168680e+02	7.02260283e+02	6.98778379e+02	6.95745247e+02	6.93188789e+02	6.91139480e+02	6.89627238e+02	6.88678350e+02	6.88312528e+02	6.88540193e+02	6.89360043e+02	6.90757063e+02	6.92701111e+02	6.95146328e+02	6.98031556e+02	7.01281945e+02	7.04811673e+02	7.08527452e+02	7.12332122e+02	7.16127384e+02	7.19814894e+02	7.23295551e+02	7.26467922e+02	7.29227741e+02	7.31470694e+02	7.33099758e+02	7.34036642e+02	7.34235050e+02	7.33692488e+02	7.32457503e+02	7.30630298e+02	7.28356066e+02	7.25811834e+02	7.23188638e+02	7.20671574e+02	7.18420539e+02	7.16554403e+02	7.15140848e+02	7.14193344e+02	7.13675621e+02	7.13512776e+02	7.13606978e+02	7.13854856e+02	7.14163334e+02	7.14461105e+02	7.14704034e+02	7.14874323e+02	7.14974791e+02	7.15020628e+02	7.15031205e+02	7.15023922e+02	7.15011013e+02	7.14999071e+02	7.14990333e+02	7.14984562e+02	7.14980644e+02	7.14977536e+02	7.14974596e+02	7.14971538e+02	7.14968287e+02	7.14964843e+02	7.14961222e+02	7.14957430e+02	7.14953469e+02	7.14949339e+02	7.14945038e+02	7.14940565e+02	7.14935921e+02	7.14931106e+02	7.14926120e+02	7.14920965e+02	7.14915644e+02	7.14910159e+02	7.14904513e+02	7.14898711e+02	7.14892756e+02	7.14886655e+02	7.14880411e+02	7.14874031e+02	7.14867521e+02	7.14860887e+02	7.14854136e+02	7.14847275e+02	7.14840312e+02	7.14833252e+02	7.14826105e+02	7.14818876e+02	7.14811574e+02	7.14804206e+02	7.14796778e+02	7.14789298e+02	7.14781774e+02	7.14774211e+02	7.14766617e+02	7.14758997e+02	7.14751359e+02	7.14743707e+02	7.14736047e+02	7.14728386e+02	7.14720727e+02	7.14713077e+02	7.14705439e+02	7.14697818e+02	7.14690217e+02	7.14682642e+02	7.14675094e+02	7.14667579e+02	7.14660098e+02	7.14652655e+02	7.14645252e+02	7.14637892e+02	7.14630577e+02	7.14623309e+02	7.14616090e+02	7.14608921e+02	7.14601806e+02	7.14594743e+02	7.14587736e+02	7.14580785e+02	7.14573891e+02	7.14567055e+02	7.14560278e+02	7.14553560e+02	7.14546903e+02	7.14540306e+02	7.14533770e+02	7.14527295e+02	7.14520882e+02	7.14514531e+02	7.14508242e+02	7.14502014e+02	7.14495849e+02	7.14489746e+02	7.14483704e+02	7.14477725e+02	7.14471807e+02	7.14465950e+02	7.14460155e+02	7.14454421e+02	7.14448747e+02	7.14443134e+02	7.14437582e+02	7.14432088e+02	7.14426655e+02	7.14421280e+02	7.14415964e+02	7.14410706e+02	7.14405506e+02	7.14400363e+02	7.14395277e+02	7.14390248e+02	7.14385275e+02	7.14380357e+02	7.14375494e+02	7.14370686e+02	7.14365932e+02	7.14361232e+02	7.14356585e+02	7.14351990e+02	7.14347448e+02	7.14342957e+02	7.14338518e+02	7.14334129e+02	7.14329790e+02	7.14325501e+02	7.14321261e+02	7.14317070e+02	7.14312927e+02	7.14308832e+02	7.14304784e+02	7.14300783e+02	7.14296828e+02	7.14292918e+02	7.14289054e+02	7.14285235e+02	7.14281460e+02	7.14277729e+02	7.14274041e+02	7.14270397e+02	7.14266794e+02	7.14263234e+02	7.14259715e+02	7.14256237e+02	7.14252800e+02	7.14249403e+02
26	54	1.20111206e+03	1.19867901e+03	1.19357496e+03	1.18597428e+03	1.17606347e+03	1.16403941e+03	1.15010770e+03	1.13448101e+03	1.11737735e+03	1.09901824e+03	1.07962672e+03	1.05942521e+03	1.03863314e+03	1.01746445e+03	9.96125102e+02	9.74810459e+02	9.53702904e+02	9.32969657e+02	9.12760922e+02	8.93208451e+02	8.74424526e+02	8.56501354e+02	8.39510826e+02	8.23504606e+02	8.08514483e+02	7.94553016e+02	7.81614487e+02	7.69676244e+02	7.58700487e+02	7.48636574e+02	7.39423828e+02	7.30994817e+02	7.23278946e+02	7.16206205e+02	7.09710823e+02	7.03734569e+02	6.98229472e+02	6.93159751e+02	6.88502811e+02	6.84249283e+02	6.80402122e+02	6.76974915e+02	6.73989542e+02	6.71473419e+02	6.69456496e+02	6.67968185e+02	6.67034326e+02	6.66674302e+02	6.66898361e+02	6.67705227e+02	6.69080137e+02	6.70993456e+02	6.73400081e+02	6.76239861e+02	6.79439161e+02	6.82913544e+02	6.86571211e+02	6.90316535e+02	6.94052757e+02	6.97683053e+02	7.01109840e+02	7.04233225e+02	7.06950518e+02	7.09158968e+02	7.10763007e+02	7.11685515e+02	7.11880885e+02	7.11346656e+02	7.10130643e+02	7.08331532e+02	7.06092317e+02	7.03587323e+02	7.01004655e+02	6.98526550e+02	6.96310415e+02	6.94473255e+02	6.93081677e+02	6.92148922e+02	6.91639267e+02	6.91478970e+02	6.91571721e+02	6.91815756e+02	6.92119451e+02	6.92412608e+02	6.92651777e+02	6.92819437e+02	6.92918364e+02	6.92963510e+02	6.92973946e+02	6.92966800e+02	6.92954117e+02	6.92942388e+02	6.92933814e+02	6.92928162e+02	6.92924336e+02	6.92921310e+02	6.92918449e+02	6.92915474e+02	6.92912310e+02	6.92908958e+02	6.92905433e+02	6.92901741e+02	6.92897884e+02	6.92893862e+02	6.92889673e+02	6.92885316e+02	6.92880792e+02	6.92876100e+02	6.92871242e+02	6.92866218e+02	6.92861031e+02	6.92855684e+02	6.92850180e+02	6.92844522e+02	6.92838715e+02	6.92832763e+02	6.92826672e+02	6.92820447e+02	6.92814094e+02	6.92807619e+02	6.92801029e+02	6.92794331e+02	6.92787531e+02	6.92780637e+02	6.92773655e+02	6.92766593e+02	6.92759459e+02	6.92752258e+02	6.92744998e+02	6.92737687e+02	6.92730330e+02	6.92722935e+02	6.92715508e+02	6.92708056e+02	6.92700583e+02	6.92693097e+02	6.92685602e+02	6.92678104e+02	6.92670608e+02	6.92663119e+02	6.92655641e+02	6.92648179e+02	6.92640736e+02	6.92633316e+02	6.92625923e+02	6.92618561e+02	6.92611232e+02	6.92603938e+02	6.92596684e+02	6.92589470e+02	6.92582300e+02	6.92575175e+02	6.92568098e+02	6.92561070e+02	6.92554092e+02	6.92547166e+02	6.92540294e+02	6.92533476e+02	6.92526713e+02	6.92520007e+02	6.92513358e+02	6.92506767e+02	6.92500234e+02	6.92493760e+02	6.92487345e+02	6.92480991e+02	6.92474696e+02	6.92468461e+02	6.92462287e+02	6.92456173e+02	6.92450120e+02	6.92444127e+02	6.92438195e+02	6.92432322e+02	6.92426511e+02	6.92420759e+02	6.92415067e+02	6.92409434e+02	6.92403861e+02	6.92398347e+02	6.92392892e+02	6.92387495e+02	6.92382157e+02	6.92376876e+02	6.92371652e+02	6.92366486e+02	6.92361376e+02	6.92356322e+02	6.92351324e+02	6.92346381e+02	6.92341493e+02	6.92336659e+02	6.92331880e+02	6.92327153e+02	6.92322480e+02	6.92317860e+02	6.92313291e+02	6.92308774e+02	6.92304309e+02	6.92299893e+02	6.92295529e+02	6.92291213e+02	6.92286947e+02	6.92282730e+02	6.92278561e+02	6.92274440e+02	6.92270365e+02	6.92266338e+02	6.92262357e+02	6.92258422e+02	6.92254533e+02	6.92250688e+02	6.92246888e+02	6.92243131e+02	6.92239418e+02	6.92235749e+02	6.92232121e+02	6.92228536e+02	6.92224993e+02	6.92221491e+02	6.92218029e+02	6.92214608e+02	6.92211227e+02	6.92207886e+02
25	54	1.21499009e+03	1.21263104e+03	1.20757506e+03	1.19999796e+03	1.19008774e+03	1.17804290e+03	1.16407072e+03	1.14838562e+03	1.13120740e+03	1.11275942e+03	1.09326660e+03	1.07295321e+03	1.05204055e+03	1.03074442e+03	1.00927255e+03	9.87822030e+02	9.66576877e+02	9.45705819e+02	9.25360447e+02	9.05673753e+02	8.86759106e+02	8.68709641e+02	8.51598016e+02	8.35476502e+02	8.20377336e+02	8.06313370e+02	7.93279035e+02	7.81251682e+02	7.70193385e+02	7.60053262e+02	7.50770302e+02	7.42276665e+02	7.34501309e+02	7.27373762e+02	7.20827808e+02	7.14804820e+02	7.09256498e+02	7.04146819e+02	6.99453046e+02	6.95165765e+02	6.91287987e+02	6.87833431e+02	6.84824178e+02	6.82287888e+02	6.80254772e+02	6.78754496e+02	6.77813122e+02	6.77450200e+02	6.77676061e+02	6.78489419e+02	6.79875384e+02	6.81804068e+02	6.84229989e+02	6.87092493e+02	6.90317337e+02	6.93819392e+02	6.97506116e+02	7.01281112e+02	7.05046854e+02	7.08705757e+02	7.12159479e+02	7.15307357e+02	7.18045913e+02	7.20271615e+02	7.21888166e+02	7.22817862e+02	7.23014752e+02	7.22476355e+02	7.21250857e+02	7.19437699e+02	7.17180975e+02	7.14656363e+02	7.12053431e+02	7.09555846e+02	7.07322262e+02	7.05470614e+02	7.04068048e+02	7.03127918e+02	7.02614230e+02	7.02452659e+02	7.02546135e+02	7.02792092e+02	7.03098178e+02	7.03393643e+02	7.03634692e+02	7.03803666e+02	7.03903364e+02	7.03948856e+02	7.03959362e+02	7.03952148e+02	7.03939352e+02	7.03927517e+02	7.03918862e+02	7.03913150e+02	7.03909278e+02	7.03906212e+02	7.03903311e+02	7.03900296e+02	7.03897088e+02	7.03893691e+02	7.03890117e+02	7.03886376e+02	7.03882467e+02	7.03878392e+02	7.03874147e+02	7.03869733e+02	7.03865149e+02	7.03860396e+02	7.03855474e+02	7.03850385e+02	7.03845132e+02	7.03839716e+02	7.03834142e+02	7.03828412e+02	7.03822532e+02	7.03816506e+02	7.03810339e+02	7.03804037e+02	7.03797606e+02	7.03791052e+02	7.03784382e+02	7.03777603e+02	7.03770722e+02	7.03763745e+02	7.03756681e+02	7.03749536e+02	7.03742318e+02	7.03735034e+02	7.03727691e+02	7.03720296e+02	7.03712856e+02	7.03705378e+02	7.03697867e+02	7.03690332e+02	7.03682777e+02	7.03675208e+02	7.03667631e+02	7.03660052e+02	7.03652475e+02	7.03644906e+02	7.03637348e+02	7.03629807e+02	7.03622285e+02	7.03614788e+02	7.03607318e+02	7.03599880e+02	7.03592475e+02	7.03585107e+02	7.03577778e+02	7.03570492e+02	7.03563250e+02	7.03556054e+02	7.03548906e+02	7.03541808e+02	7.03534761e+02	7.03527767e+02	7.03520828e+02	7.03513943e+02	7.03507115e+02	7.03500344e+02	7.03493632e+02	7.03486977e+02	7.03480382e+02	7.03473847e+02	7.03467372e+02	7.03460957e+02	7.03454604e+02	7.03448311e+02	7.03442079e+02	7.03435909e+02	7.03429800e+02	7.03423752e+02	7.03417765e+02	7.03411839e+02	7.03405974e+02	7.03400170e+02	7.03394427e+02	7.03388744e+02	7.03383121e+02	7.03377557e+02	7.03372053e+02	7.03366608e+02	7.03361222e+02	7.03355895e+02	7.03350625e+02	7.03345413e+02	7.03340258e+02	7.03335160e+02	7.03330118e+02	7.03325132e+02	7.03320201e+02	7.03315326e+02	7.03310504e+02	7.03305737e+02	7.03301024e+02	7.03296364e+02	7.03291756e+02	7.03287200e+02	7.03282696e+02	7.03278243e+02	7.03273841e+02	7.03269489e+02	7.03265187e+02	7.03260934e+02	7.03256729e+02	7.03252573e+02	7.03248465e+02	7.03244403e+02	7.03240389e+02	7.03236421e+02	7.03232498e+02	7.03228621e+02	7.03224789e+02	7.03221002e+02	7.03217258e+02	7.03213557e+02	7.03209900e+02	7.03206285e+02	7.03202712e+02	7.03199181e+02	7.03195691e+02	7.03192241e+02	7.03188832e+02	7.03185463e+02
25	55	1.23485358e+03	1.23217529e+03	1.22680082e+03	1.21890816e+03	1.20868727e+03	1.19633828e+03	1.18206986e+03	1.16609752e+03	1.14864189e+03	1.12992688e+03	1.11017772e+03	1.08961877e+03	1.06847122e+03	1.04695062e+03	1.02526429e+03	1.00360890e+03	9.82167978e+02	9.61109816e+02	9.40585635e+02	9.20728156e+02	9.01650590e+02	8.83446027e+02	8.66187170e+02	8.49926389e+02	8.34696037e+02	8.20509050e+02	8.07359873e+02	7.95225775e+02	7.84068636e+02	7.73837263e+02	7.64470238e+02	7.55899228e+02	7.48052654e+02	7.40859491e+02	7.34252992e+02	7.28174052e+02	7.22573980e+02	7.17416462e+02	7.12678592e+02	7.08350903e+02	7.04436469e+02	7.00949172e+02	6.97911332e+02	6.95350899e+02	6.93298398e+02	6.91783799e+02	6.90833431e+02	6.90467041e+02	6.90695065e+02	6.91516200e+02	6.92915405e+02	6.94862489e+02	6.97311516e+02	7.00201232e+02	7.03456666e+02	7.06991858e+02	7.10713376e+02	7.14523905e+02	7.18324998e+02	7.22018159e+02	7.25504138e+02	7.28681349e+02	7.31445373e+02	7.33691740e+02	7.35323283e+02	7.36261597e+02	7.36460318e+02	7.35916947e+02	7.34680107e+02	7.32850146e+02	7.30572477e+02	7.28024392e+02	7.25397218e+02	7.22876331e+02	7.20621876e+02	7.18752904e+02	7.17337205e+02	7.16388273e+02	7.15869781e+02	7.15706714e+02	7.15801090e+02	7.16049379e+02	7.16358364e+02	7.16656628e+02	7.16899966e+02	7.17070555e+02	7.17171218e+02	7.17217169e+02	7.17227807e+02	7.17220560e+02	7.17207681e+02	7.17195773e+02	7.17187076e+02	7.17181353e+02	7.17177488e+02	7.17174437e+02	7.17171556e+02	7.17168560e+02	7.17165371e+02	7.17161993e+02	7.17158438e+02	7.17154714e+02	7.17150823e+02	7.17146765e+02	7.17142536e+02	7.17138138e+02	7.17133568e+02	7.17128829e+02	7.17123919e+02	7.17118841e+02	7.17113597e+02	7.17108190e+02	7.17102621e+02	7.17096896e+02	7.17091018e+02	7.17084993e+02	7.17078824e+02	7.17072519e+02	7.17066082e+02	7.17059521e+02	7.17052841e+02	7.17046050e+02	7.17039154e+02	7.17032161e+02	7.17025078e+02	7.17017913e+02	7.17010672e+02	7.17003363e+02	7.16995993e+02	7.16988569e+02	7.16981099e+02	7.16973588e+02	7.16966044e+02	7.16958473e+02	7.16950882e+02	7.16943275e+02	7.16935659e+02	7.16928039e+02	7.16920420e+02	7.16912808e+02	7.16905207e+02	7.16897621e+02	7.16890055e+02	7.16882512e+02	7.16874996e+02	7.16867510e+02	7.16860058e+02	7.16852642e+02	7.16845266e+02	7.16837931e+02	7.16830640e+02	7.16823395e+02	7.16816199e+02	7.16809052e+02	7.16801956e+02	7.16794914e+02	7.16787925e+02	7.16780992e+02	7.16774116e+02	7.16767296e+02	7.16760535e+02	7.16753833e+02	7.16747190e+02	7.16740607e+02	7.16734085e+02	7.16727623e+02	7.16721223e+02	7.16714884e+02	7.16708606e+02	7.16702390e+02	7.16696235e+02	7.16690142e+02	7.16684111e+02	7.16678141e+02	7.16672232e+02	7.16666385e+02	7.16660598e+02	7.16654873e+02	7.16649207e+02	7.16643602e+02	7.16638056e+02	7.16632570e+02	7.16627144e+02	7.16621776e+02	7.16616466e+02	7.16611215e+02	7.16606021e+02	7.16600884e+02	7.16595804e+02	7.16590780e+02	7.16585812e+02	7.16580899e+02	7.16576042e+02	7.16571238e+02	7.16566489e+02	7.16561793e+02	7.16557150e+02	7.16552560e+02	7.16548022e+02	7.16543535e+02	7.16539099e+02	7.16534714e+02	7.16530379e+02	7.16526094e+02	7.16521857e+02	7.16517670e+02	7.16513530e+02	7.16509438e+02	7.16505393e+02	7.16501394e+02	7.16497442e+02	7.16493536e+02	7.16489674e+02	7.16485858e+02	7.16482085e+02	7.16478357e+02	7.16474672e+02	7.16471029e+02	7.16467429e+02	7.16463871e+02	7.16460354e+02	7.16456879e+02	7.16453444e+02	7.16450049e+02
26	55	1.22109843e+03	1.21835063e+03	1.21293191e+03	1.20501889e+03	1.19479999e+03	1.18247376e+03	1.16824722e+03	1.15233415e+03	1.13495342e+03	1.11632714e+03	1.09667872e+03	1.07623069e+03	1.05520243e+03	1.03380768e+03	1.01225204e+03	9.90730494e+02	9.69425002e+02	9.48502387e+02	9.28112529e+02	9.08386948e+02	8.89437804e+02	8.71357284e+02	8.54217350e+02	8.38069783e+02	8.22946499e+02	8.08860151e+02	7.95805041e+02	7.83758434e+02	7.72682335e+02	7.62525787e+02	7.53227699e+02	7.44720141e+02	7.36931970e+02	7.29792617e+02	7.23235771e+02	7.17202715e+02	7.11645083e+02	7.06526797e+02	7.01825090e+02	6.97530540e+02	6.93646167e+02	6.90185722e+02	6.87171327e+02	6.84630694e+02	6.82594092e+02	6.81091241e+02	6.80148251e+02	6.79784708e+02	6.80010961e+02	6.80825722e+02	6.82214073e+02	6.84146071e+02	6.86576154e+02	6.89443558e+02	6.92673912e+02	6.96181935e+02	6.99874925e+02	7.03656321e+02	7.07428430e+02	7.11093504e+02	7.14553038e+02	7.17706201e+02	7.20449349e+02	7.22678778e+02	7.24298036e+02	7.25229292e+02	7.25426522e+02	7.24887242e+02	7.23659714e+02	7.21843545e+02	7.19583066e+02	7.17054244e+02	7.14446965e+02	7.11945203e+02	7.09707880e+02	7.07853133e+02	7.06448223e+02	7.05506530e+02	7.04992000e+02	7.04830183e+02	7.04923846e+02	7.05170249e+02	7.05476886e+02	7.05772883e+02	7.06014376e+02	7.06183674e+02	7.06283580e+02	7.06329191e+02	7.06339760e+02	7.06332580e+02	7.06319812e+02	7.06308007e+02	7.06299391e+02	7.06293725e+02	7.06289905e+02	7.06286894e+02	7.06284051e+02	7.06281095e+02	7.06277949e+02	7.06274615e+02	7.06271107e+02	7.06267432e+02	7.06263592e+02	7.06259585e+02	7.06255412e+02	7.06251070e+02	7.06246559e+02	7.06241879e+02	7.06237032e+02	7.06232018e+02	7.06226839e+02	7.06221499e+02	7.06216000e+02	7.06210345e+02	7.06204539e+02	7.06198587e+02	7.06192493e+02	7.06186263e+02	7.06179903e+02	7.06173419e+02	7.06166818e+02	7.06160107e+02	7.06153291e+02	7.06146379e+02	7.06139378e+02	7.06132294e+02	7.06125135e+02	7.06117908e+02	7.06110621e+02	7.06103279e+02	7.06095891e+02	7.06088463e+02	7.06081001e+02	7.06073512e+02	7.06066002e+02	7.06058476e+02	7.06050941e+02	7.06043401e+02	7.06035863e+02	7.06028330e+02	7.06020807e+02	7.06013299e+02	7.06005810e+02	7.05998344e+02	7.05990904e+02	7.05983493e+02	7.05976115e+02	7.05968773e+02	7.05961470e+02	7.05954207e+02	7.05946987e+02	7.05939813e+02	7.05932686e+02	7.05925608e+02	7.05918580e+02	7.05911604e+02	7.05904682e+02	7.05897815e+02	7.05891002e+02	7.05884247e+02	7.05877549e+02	7.05870908e+02	7.05864327e+02	7.05857804e+02	7.05851342e+02	7.05844939e+02	7.05838597e+02	7.05832315e+02	7.05826093e+02	7.05819933e+02	7.05813834e+02	7.05807795e+02	7.05801817e+02	7.05795900e+02	7.05790043e+02	7.05784247e+02	7.05778511e+02	7.05772835e+02	7.05767219e+02	7.05761662e+02	7.05756165e+02	7.05750726e+02	7.05745346e+02	7.05740024e+02	7.05734760e+02	7.05729553e+02	7.05724403e+02	7.05719310e+02	7.05714273e+02	7.05709292e+02	7.05704366e+02	7.05699494e+02	7.05694677e+02	7.05689914e+02	7.05685205e+02	7.05680548e+02	7.05675944e+02	7.05671392e+02	7.05666891e+02	7.05662441e+02	7.05658042e+02	7.05653693e+02	7.05649394e+02	7.05645144e+02	7.05640942e+02	7.05636788e+02	7.05632682e+02	7.05628624e+02	7.05624612e+02	7.05620646e+02	7.05616726e+02	7.05612851e+02	7.05609021e+02	7.05605235e+02	7.05601493e+02	7.05597795e+02	7.05594139e+02	7.05590526e+02	7.05586955e+02	7.05583425e+02	7.05579937e+02	7.05576489e+02	7.05573081e+02	7.05569713e+02
26	56	1.24077878e+03	1.23772023e+03	1.23199142e+03	1.22377107e+03	1.21324948e+03	1.20062680e+03	1.18611134e+03	1.16991796e+03	1.15226628e+03	1.13337895e+03	1.11347967e+03	1.09279105e+03	1.07153234e+03	1.04991705e+03	1.02815042e+03	1.00642701e+03	9.84928356e+02	9.63820882e+02	9.43254149e+02	9.23359456e+02	9.04248851e+02	8.86014518e+02	8.68728498e+02	8.52442697e+02	8.37189169e+02	8.22980662e+02	8.09811505e+02	7.97658887e+02	7.86484622e+02	7.76237449e+02	7.66855870e+02	7.58271466e+02	7.50412564e+02	7.43208043e+02	7.36591064e+02	7.30502440e+02	7.24893410e+02	7.19727612e+02	7.14982108e+02	7.10647426e+02	7.06726648e+02	7.03233684e+02	7.00190897e+02	6.97626286e+02	6.95570432e+02	6.94053355e+02	6.93101433e+02	6.92734445e+02	6.92962846e+02	6.93785331e+02	6.95186830e+02	6.97137104e+02	6.99590135e+02	7.02484566e+02	7.05745300e+02	7.09286234e+02	7.13013780e+02	7.16830467e+02	7.20637685e+02	7.24336784e+02	7.27828354e+02	7.31010651e+02	7.33779092e+02	7.36029044e+02	7.37663192e+02	7.38603008e+02	7.38802056e+02	7.38257835e+02	7.37019042e+02	7.35186185e+02	7.32904903e+02	7.30352769e+02	7.27721413e+02	7.25196508e+02	7.22938456e+02	7.21066503e+02	7.19648550e+02	7.18698114e+02	7.18178812e+02	7.18015509e+02	7.18110065e+02	7.18358785e+02	7.18668299e+02	7.18967076e+02	7.19210842e+02	7.19381743e+02	7.19482607e+02	7.19528673e+02	7.19539372e+02	7.19532160e+02	7.19519308e+02	7.19507431e+02	7.19498773e+02	7.19493095e+02	7.19489280e+02	7.19486284e+02	7.19483460e+02	7.19480522e+02	7.19477395e+02	7.19474079e+02	7.19470588e+02	7.19466930e+02	7.19463107e+02	7.19459117e+02	7.19454959e+02	7.19450632e+02	7.19446135e+02	7.19441469e+02	7.19436633e+02	7.19431630e+02	7.19426461e+02	7.19421128e+02	7.19415635e+02	7.19409984e+02	7.19404181e+02	7.19398229e+02	7.19392134e+02	7.19385900e+02	7.19379535e+02	7.19373044e+02	7.19366433e+02	7.19359709e+02	7.19352880e+02	7.19345952e+02	7.19338932e+02	7.19331827e+02	7.19324646e+02	7.19317395e+02	7.19310081e+02	7.19302712e+02	7.19295294e+02	7.19287834e+02	7.19280339e+02	7.19272815e+02	7.19265269e+02	7.19257706e+02	7.19250132e+02	7.19242552e+02	7.19234973e+02	7.19227398e+02	7.19219832e+02	7.19212281e+02	7.19204747e+02	7.19197235e+02	7.19189749e+02	7.19182293e+02	7.19174868e+02	7.19167479e+02	7.19160128e+02	7.19152817e+02	7.19145549e+02	7.19138327e+02	7.19131152e+02	7.19124025e+02	7.19116949e+02	7.19109925e+02	7.19102955e+02	7.19096039e+02	7.19089179e+02	7.19082375e+02	7.19075629e+02	7.19068941e+02	7.19062312e+02	7.19055743e+02	7.19049233e+02	7.19042784e+02	7.19036395e+02	7.19030068e+02	7.19023801e+02	7.19017595e+02	7.19011450e+02	7.19005367e+02	7.18999345e+02	7.18993384e+02	7.18987484e+02	7.18981645e+02	7.18975866e+02	7.18970148e+02	7.18964490e+02	7.18958892e+02	7.18953353e+02	7.18947874e+02	7.18942453e+02	7.18937091e+02	7.18931788e+02	7.18926542e+02	7.18921353e+02	7.18916222e+02	7.18911147e+02	7.18906128e+02	7.18901165e+02	7.18896257e+02	7.18891403e+02	7.18886604e+02	7.18881859e+02	7.18877167e+02	7.18872528e+02	7.18867942e+02	7.18863407e+02	7.18858924e+02	7.18854492e+02	7.18850110e+02	7.18845778e+02	7.18841496e+02	7.18837262e+02	7.18833077e+02	7.18828940e+02	7.18824851e+02	7.18820808e+02	7.18816813e+02	7.18812863e+02	7.18808959e+02	7.18805100e+02	7.18801285e+02	7.18797515e+02	7.18793789e+02	7.18790106e+02	7.18786465e+02	7.18782867e+02	7.18779311e+02	7.18775796e+02	7.18772322e+02	7.18768889e+02	7.18765495e+02
28	56	1.21373521e+03	1.21054882e+03	1.20474118e+03	1.19648822e+03	1.18597729e+03	1.17340541e+03	1.15897764e+03	1.14290548e+03	1.12540512e+03	1.10669569e+03	1.08699734e+03	1.06652914e+03	1.04550682e+03	1.02414041e+03	1.00263179e+03	9.81172285e+02	9.59940391e+02	9.39099701e+02	9.18797185e+02	8.99161822e+02	8.80303628e+02	8.62313046e+02	8.45260679e+02	8.29197292e+02	8.14154093e+02	8.00143275e+02	7.87158894e+02	7.75178135e+02	7.64163055e+02	7.54062858e+02	7.44816692e+02	7.36356924e+02	7.28612743e+02	7.21513920e+02	7.14994471e+02	7.08995976e+02	7.03470309e+02	6.98381573e+02	6.93707105e+02	6.89437516e+02	6.85575786e+02	6.82135566e+02	6.79138832e+02	6.76613114e+02	6.74588490e+02	6.73094489e+02	6.72157059e+02	6.71795662e+02	6.72020586e+02	6.72830549e+02	6.74210729e+02	6.76131370e+02	6.78547188e+02	6.81397794e+02	6.84609264e+02	6.88096829e+02	6.91768339e+02	6.95527800e+02	6.99278086e+02	7.02922014e+02	7.06361638e+02	7.09496698e+02	7.12224131e+02	7.14440813e+02	7.16050829e+02	7.16976782e+02	7.17172900e+02	7.16636714e+02	7.15416214e+02	7.13610447e+02	7.11362930e+02	7.08848632e+02	7.06256356e+02	7.03769016e+02	7.01544617e+02	6.99700605e+02	6.98303843e+02	6.97367626e+02	6.96856105e+02	6.96695257e+02	6.96788412e+02	6.97033425e+02	6.97338325e+02	6.97632651e+02	6.97872789e+02	6.98041154e+02	6.98140530e+02	6.98185928e+02	6.98196488e+02	6.98189406e+02	6.98176770e+02	6.98165096e+02	6.98156593e+02	6.98151028e+02	6.98147300e+02	6.98144379e+02	6.98141628e+02	6.98138768e+02	6.98135722e+02	6.98132491e+02	6.98129089e+02	6.98125525e+02	6.98121799e+02	6.98117910e+02	6.98113857e+02	6.98109638e+02	6.98105253e+02	6.98100703e+02	6.98095987e+02	6.98091106e+02	6.98086063e+02	6.98080860e+02	6.98075500e+02	6.98069985e+02	6.98064320e+02	6.98058510e+02	6.98052559e+02	6.98046472e+02	6.98040255e+02	6.98033914e+02	6.98027455e+02	6.98020885e+02	6.98014211e+02	6.98007439e+02	6.98000577e+02	6.97993631e+02	6.97986609e+02	6.97979517e+02	6.97972363e+02	6.97965154e+02	6.97957896e+02	6.97950596e+02	6.97943260e+02	6.97935896e+02	6.97928508e+02	6.97921102e+02	6.97913686e+02	6.97906262e+02	6.97898838e+02	6.97891417e+02	6.97884005e+02	6.97876605e+02	6.97869222e+02	6.97861860e+02	6.97854522e+02	6.97847211e+02	6.97839932e+02	6.97832686e+02	6.97825477e+02	6.97818307e+02	6.97811178e+02	6.97804093e+02	6.97797053e+02	6.97790061e+02	6.97783117e+02	6.97776224e+02	6.97769383e+02	6.97762595e+02	6.97755861e+02	6.97749182e+02	6.97742558e+02	6.97735992e+02	6.97729483e+02	6.97723031e+02	6.97716638e+02	6.97710304e+02	6.97704029e+02	6.97697813e+02	6.97691656e+02	6.97685560e+02	6.97679523e+02	6.97673545e+02	6.97667628e+02	6.97661770e+02	6.97655972e+02	6.97650233e+02	6.97644553e+02	6.97638933e+02	6.97633371e+02	6.97627868e+02	6.97622423e+02	6.97617037e+02	6.97611707e+02	6.97606436e+02	6.97601221e+02	6.97596063e+02	6.97590961e+02	6.97585914e+02	6.97580923e+02	6.97575988e+02	6.97571106e+02	6.97566279e+02	6.97561506e+02	6.97556785e+02	6.97552118e+02	6.97547503e+02	6.97542939e+02	6.97538427e+02	6.97533966e+02	6.97529556e+02	6.97525195e+02	6.97520884e+02	6.97516622e+02	6.97512408e+02	6.97508243e+02	6.97504125e+02	6.97500054e+02	6.97496030e+02	6.97492052e+02	6.97488120e+02	6.97484233e+02	6.97480391e+02	6.97476593e+02	6.97472839e+02	6.97469129e+02	6.97465461e+02	6.97461836e+02	6.97458253e+02	6.97454711e+02	6.97451211e+02	6.97447751e+02	6.97444332e+02	6.97440952e+02	6.97437612e+02
26	57	1.26015935e+03	1.25679460e+03	1.25076069e+03	1.24223842e+03	1.23141984e+03	1.21850663e+03	1.20370835e+03	1.18724080e+03	1.16932434e+03	1.15018207e+03	1.13003792e+03	1.10911452e+03	1.08763099e+03	1.06580055e+03	1.04382806e+03	1.02190765e+03	1.00022042e+03	9.78932419e+02	9.58192881e+02	9.38132900e+02	9.18864428e+02	9.00479658e+02	8.83050720e+02	8.66629659e+02	8.51248669e+02	8.36920605e+02	8.23639823e+02	8.11383441e+02	8.00113090e+02	7.89777210e+02	7.80313906e+02	7.71654285e+02	7.63726148e+02	7.56457838e+02	7.49782000e+02	7.43638982e+02	7.37979643e+02	7.32767338e+02	7.27978965e+02	7.23605000e+02	7.19648587e+02	7.16123794e+02	7.13053215e+02	7.10465134e+02	7.08390434e+02	7.06859434e+02	7.05898768e+02	7.05528409e+02	7.05758912e+02	7.06588957e+02	7.08003327e+02	7.09971488e+02	7.12446983e+02	7.15367869e+02	7.18658339e+02	7.22231487e+02	7.25992859e+02	7.29844089e+02	7.33685674e+02	7.37418077e+02	7.40941006e+02	7.44151819e+02	7.46945018e+02	7.49215060e+02	7.50863781e+02	7.51811975e+02	7.52012804e+02	7.51463747e+02	7.50213928e+02	7.48364735e+02	7.46063091e+02	7.43488138e+02	7.40833214e+02	7.38285656e+02	7.36007314e+02	7.34118520e+02	7.32687799e+02	7.31728805e+02	7.31204834e+02	7.31040076e+02	7.31135506e+02	7.31386493e+02	7.31698824e+02	7.32000322e+02	7.32246313e+02	7.32418783e+02	7.32520586e+02	7.32567098e+02	7.32577925e+02	7.32570680e+02	7.32557747e+02	7.32545799e+02	7.32537100e+02	7.32531410e+02	7.32527602e+02	7.32524622e+02	7.32521816e+02	7.32518897e+02	7.32515788e+02	7.32512490e+02	7.32509017e+02	7.32505377e+02	7.32501571e+02	7.32497598e+02	7.32493456e+02	7.32489145e+02	7.32484662e+02	7.32480009e+02	7.32475187e+02	7.32470195e+02	7.32465035e+02	7.32459711e+02	7.32454225e+02	7.32448580e+02	7.32442780e+02	7.32436830e+02	7.32430734e+02	7.32424499e+02	7.32418129e+02	7.32411631e+02	7.32405012e+02	7.32398278e+02	7.32391436e+02	7.32384493e+02	7.32377456e+02	7.32370333e+02	7.32363131e+02	7.32355857e+02	7.32348519e+02	7.32341123e+02	7.32333677e+02	7.32326187e+02	7.32318660e+02	7.32311103e+02	7.32303522e+02	7.32295924e+02	7.32288312e+02	7.32280695e+02	7.32273076e+02	7.32265460e+02	7.32257853e+02	7.32250260e+02	7.32242683e+02	7.32235128e+02	7.32227598e+02	7.32220096e+02	7.32212627e+02	7.32205192e+02	7.32197795e+02	7.32190438e+02	7.32183124e+02	7.32175854e+02	7.32168632e+02	7.32161459e+02	7.32154336e+02	7.32147265e+02	7.32140248e+02	7.32133285e+02	7.32126378e+02	7.32119528e+02	7.32112736e+02	7.32106002e+02	7.32099327e+02	7.32092711e+02	7.32086156e+02	7.32079662e+02	7.32073228e+02	7.32066855e+02	7.32060544e+02	7.32054294e+02	7.32048106e+02	7.32041979e+02	7.32035914e+02	7.32029911e+02	7.32023968e+02	7.32018087e+02	7.32012267e+02	7.32006507e+02	7.32000808e+02	7.31995170e+02	7.31989591e+02	7.31984072e+02	7.31978612e+02	7.31973212e+02	7.31967870e+02	7.31962586e+02	7.31957359e+02	7.31952191e+02	7.31947079e+02	7.31942023e+02	7.31937024e+02	7.31932080e+02	7.31927192e+02	7.31922358e+02	7.31917578e+02	7.31912852e+02	7.31908179e+02	7.31903559e+02	7.31898991e+02	7.31894475e+02	7.31890011e+02	7.31885597e+02	7.31881233e+02	7.31876920e+02	7.31872655e+02	7.31868440e+02	7.31864273e+02	7.31860154e+02	7.31856082e+02	7.31852057e+02	7.31848078e+02	7.31844145e+02	7.31840258e+02	7.31836416e+02	7.31832618e+02	7.31828865e+02	7.31825154e+02	7.31821487e+02	7.31817863e+02	7.31814281e+02	7.31810740e+02	7.31807241e+02	7.31803783e+02	7.31800365e+02
27	57	1.24671808e+03	1.24329293e+03	1.23722259e+03	1.22868645e+03	1.21787512e+03	1.20498871e+03	1.19023519e+03	1.17382871e+03	1.15598793e+03	1.13693423e+03	1.11688979e+03	1.09607553e+03	1.07470883e+03	1.05300123e+03	1.03115594e+03	1.00936552e+03	9.87809598e+02	9.66652837e+02	9.46043224e+02	9.26110725e+02	9.06966304e+02	8.88701308e+02	8.71387168e+02	8.55075376e+02	8.39797713e+02	8.25566762e+02	8.12376750e+02	8.00204791e+02	7.89012637e+02	7.78748956e+02	7.69352172e+02	7.60753775e+02	7.52881993e+02	7.45665606e+02	7.39037677e+02	7.32938934e+02	7.27320545e+02	7.22146096e+02	7.17392618e+02	7.13050628e+02	7.09123222e+02	7.05624338e+02	7.02576382e+02	7.00007406e+02	6.97948048e+02	6.96428383e+02	6.95474836e+02	6.95107224e+02	6.95336018e+02	6.96159913e+02	6.97563810e+02	6.99517415e+02	7.01974629e+02	7.04873986e+02	7.08140257e+02	7.11687189e+02	7.15421034e+02	7.19244152e+02	7.23057770e+02	7.26763071e+02	7.30260482e+02	7.33448092e+02	7.36221147e+02	7.38474845e+02	7.40111712e+02	7.41053096e+02	7.41252485e+02	7.40707375e+02	7.39466542e+02	7.37630657e+02	7.35345599e+02	7.32789233e+02	7.30153506e+02	7.27624401e+02	7.25362591e+02	7.23487521e+02	7.22067211e+02	7.21115202e+02	7.20595053e+02	7.20431500e+02	7.20526243e+02	7.20775409e+02	7.21085474e+02	7.21384785e+02	7.21628994e+02	7.21800218e+02	7.21901290e+02	7.21947473e+02	7.21958232e+02	7.21951052e+02	7.21938225e+02	7.21926376e+02	7.21917754e+02	7.21912120e+02	7.21908354e+02	7.21905410e+02	7.21902641e+02	7.21899760e+02	7.21896691e+02	7.21893435e+02	7.21890006e+02	7.21886412e+02	7.21882654e+02	7.21878731e+02	7.21874641e+02	7.21870383e+02	7.21865956e+02	7.21861361e+02	7.21856597e+02	7.21851665e+02	7.21846569e+02	7.21841309e+02	7.21835888e+02	7.21830310e+02	7.21824579e+02	7.21818699e+02	7.21812674e+02	7.21806511e+02	7.21800215e+02	7.21793792e+02	7.21787248e+02	7.21780590e+02	7.21773825e+02	7.21766960e+02	7.21760001e+02	7.21752957e+02	7.21745834e+02	7.21738639e+02	7.21731380e+02	7.21724063e+02	7.21716696e+02	7.21709286e+02	7.21701838e+02	7.21694360e+02	7.21686858e+02	7.21679337e+02	7.21671804e+02	7.21664263e+02	7.21656721e+02	7.21649182e+02	7.21641652e+02	7.21634133e+02	7.21626631e+02	7.21619150e+02	7.21611693e+02	7.21604264e+02	7.21596866e+02	7.21589502e+02	7.21582176e+02	7.21574888e+02	7.21567643e+02	7.21560442e+02	7.21553287e+02	7.21546180e+02	7.21539123e+02	7.21532116e+02	7.21525163e+02	7.21518264e+02	7.21511419e+02	7.21504630e+02	7.21497899e+02	7.21491225e+02	7.21484609e+02	7.21478052e+02	7.21471554e+02	7.21465117e+02	7.21458739e+02	7.21452422e+02	7.21446165e+02	7.21439969e+02	7.21433834e+02	7.21427760e+02	7.21421746e+02	7.21415793e+02	7.21409901e+02	7.21404069e+02	7.21398298e+02	7.21392587e+02	7.21386936e+02	7.21381344e+02	7.21375812e+02	7.21370338e+02	7.21364924e+02	7.21359567e+02	7.21354269e+02	7.21349028e+02	7.21343844e+02	7.21338718e+02	7.21333647e+02	7.21328633e+02	7.21323674e+02	7.21318770e+02	7.21313921e+02	7.21309125e+02	7.21304384e+02	7.21299696e+02	7.21295060e+02	7.21290477e+02	7.21285945e+02	7.21281465e+02	7.21277036e+02	7.21272657e+02	7.21268328e+02	7.21264048e+02	7.21259817e+02	7.21255634e+02	7.21251500e+02	7.21247413e+02	7.21243372e+02	7.21239379e+02	7.21235431e+02	7.21231529e+02	7.21227672e+02	7.21223859e+02	7.21220091e+02	7.21216366e+02	7.21212685e+02	7.21209046e+02	7.21205449e+02	7.21201894e+02	7.21198381e+02	7.21194909e+02	7.21191477e+02	7.21188085e+02
26	58	1.27924630e+03	1.27558037e+03	1.26924679e+03	1.26042831e+03	1.24931872e+03	1.23612111e+03	1.22104621e+03	1.20431073e+03	1.18613567e+03	1.16674453e+03	1.14636143e+03	1.12520899e+03	1.10350614e+03	1.08146579e+03	1.05929241e+03	1.03717970e+03	1.01530832e+03	9.93843935e+02	9.72935492e+02	9.52713883e+02	9.33290981e+02	9.14759000e+02	8.97190174e+02	8.80636694e+02	8.65130905e+02	8.50685768e+02	8.37295675e+02	8.24937678e+02	8.13573229e+02	8.03150477e+02	7.93607138e+02	7.84873854e+02	7.76877914e+02	7.69547135e+02	7.62813655e+02	7.56617368e+02	7.50908759e+02	7.45650910e+02	7.40820554e+02	7.36408118e+02	7.32416808e+02	7.28860843e+02	7.25763047e+02	7.23151981e+02	7.21058825e+02	7.19514189e+02	7.18544960e+02	7.18171300e+02	7.18403861e+02	7.19241310e+02	7.20668285e+02	7.22653964e+02	7.25151458e+02	7.28098250e+02	7.31417843e+02	7.35022540e+02	7.38817038e+02	7.42702097e+02	7.46577337e+02	7.50342356e+02	7.53895995e+02	7.57134734e+02	7.59952181e+02	7.62241896e+02	7.63904890e+02	7.64861289e+02	7.65063862e+02	7.64510068e+02	7.63249451e+02	7.61384260e+02	7.59062674e+02	7.56465376e+02	7.53787371e+02	7.51217628e+02	7.48919415e+02	7.47014128e+02	7.45570905e+02	7.44603529e+02	7.44074986e+02	7.43908802e+02	7.44005089e+02	7.44258297e+02	7.44573387e+02	7.44877549e+02	7.45125720e+02	7.45299726e+02	7.45402448e+02	7.45449397e+02	7.45460349e+02	7.45453074e+02	7.45440061e+02	7.45428043e+02	7.45419306e+02	7.45413604e+02	7.45409803e+02	7.45406838e+02	7.45404050e+02	7.45401150e+02	7.45398060e+02	7.45394780e+02	7.45391326e+02	7.45387703e+02	7.45383915e+02	7.45379959e+02	7.45375834e+02	7.45371538e+02	7.45367071e+02	7.45362432e+02	7.45357623e+02	7.45352643e+02	7.45347494e+02	7.45342179e+02	7.45336701e+02	7.45331062e+02	7.45325267e+02	7.45319319e+02	7.45313225e+02	7.45306988e+02	7.45300616e+02	7.45294113e+02	7.45287486e+02	7.45280743e+02	7.45273890e+02	7.45266934e+02	7.45259882e+02	7.45252741e+02	7.45245520e+02	7.45238225e+02	7.45230863e+02	7.45223442e+02	7.45215969e+02	7.45208451e+02	7.45200894e+02	7.45193306e+02	7.45185692e+02	7.45178059e+02	7.45170412e+02	7.45162757e+02	7.45155100e+02	7.45147446e+02	7.45139800e+02	7.45132165e+02	7.45124547e+02	7.45116950e+02	7.45109377e+02	7.45101832e+02	7.45094319e+02	7.45086840e+02	7.45079398e+02	7.45071997e+02	7.45064637e+02	7.45057323e+02	7.45050055e+02	7.45042837e+02	7.45035668e+02	7.45028552e+02	7.45021489e+02	7.45014481e+02	7.45007528e+02	7.45000633e+02	7.44993795e+02	7.44987016e+02	7.44980297e+02	7.44973637e+02	7.44967037e+02	7.44960499e+02	7.44954021e+02	7.44947605e+02	7.44941251e+02	7.44934958e+02	7.44928727e+02	7.44922558e+02	7.44916451e+02	7.44910406e+02	7.44904422e+02	7.44898500e+02	7.44892639e+02	7.44886840e+02	7.44881101e+02	7.44875423e+02	7.44869806e+02	7.44864248e+02	7.44858750e+02	7.44853312e+02	7.44847932e+02	7.44842611e+02	7.44837348e+02	7.44832143e+02	7.44826995e+02	7.44821904e+02	7.44816869e+02	7.44811891e+02	7.44806968e+02	7.44802100e+02	7.44797286e+02	7.44792527e+02	7.44787821e+02	7.44783169e+02	7.44778569e+02	7.44774021e+02	7.44769525e+02	7.44765080e+02	7.44760685e+02	7.44756341e+02	7.44752047e+02	7.44747802e+02	7.44743605e+02	7.44739457e+02	7.44735356e+02	7.44731303e+02	7.44727296e+02	7.44723335e+02	7.44719421e+02	7.44715551e+02	7.44711727e+02	7.44707947e+02	7.44704210e+02	7.44700517e+02	7.44696867e+02	7.44693260e+02	7.44689694e+02	7.44686170e+02	7.44682688e+02	7.44679245e+02
28	58	1.25266664e+03	1.24888822e+03	1.24248884e+03	1.23364849e+03	1.22255808e+03	1.20941764e+03	1.19443475e+03	1.17782287e+03	1.15979968e+03	1.14058533e+03	1.12040052e+03	1.09946451e+03	1.07799287e+03	1.05619521e+03	1.03427284e+03	1.01241638e+03	9.90803651e+02	9.69597633e+02	9.48944840e+02	9.28973986e+02	9.09795025e+02	8.91498535e+02	8.74155390e+02	8.57816703e+02	8.42514014e+02	8.28259763e+02	8.15048081e+02	8.02856021e+02	7.91645269e+02	7.81364427e+02	7.71951834e+02	7.63338888e+02	7.55453714e+02	7.48224989e+02	7.41585676e+02	7.35476412e+02	7.29848292e+02	7.24664848e+02	7.19903079e+02	7.15553492e+02	7.11619194e+02	7.08114155e+02	7.05060824e+02	7.02487310e+02	7.00424308e+02	6.98901951e+02	6.97946715e+02	6.97578454e+02	6.97807658e+02	6.98633017e+02	7.00039407e+02	7.01996475e+02	7.04458038e+02	7.07362517e+02	7.10634544e+02	7.14187712e+02	7.17928104e+02	7.21757910e+02	7.25578181e+02	7.29289931e+02	7.32793414e+02	7.35986546e+02	7.38764397e+02	7.41021989e+02	7.42661684e+02	7.43604697e+02	7.43804440e+02	7.43258404e+02	7.42015449e+02	7.40176415e+02	7.37887430e+02	7.35326663e+02	7.32686390e+02	7.30152918e+02	7.27887197e+02	7.26008886e+02	7.24586124e+02	7.23632477e+02	7.23111445e+02	7.22947632e+02	7.23042566e+02	7.23292194e+02	7.23602829e+02	7.23902693e+02	7.24147361e+02	7.24318918e+02	7.24420202e+02	7.24466505e+02	7.24477323e+02	7.24470173e+02	7.24457368e+02	7.24445546e+02	7.24436958e+02	7.24431364e+02	7.24427646e+02	7.24424752e+02	7.24422035e+02	7.24419209e+02	7.24416197e+02	7.24412999e+02	7.24409630e+02	7.24406098e+02	7.24402403e+02	7.24398544e+02	7.24394520e+02	7.24390328e+02	7.24385969e+02	7.24381442e+02	7.24376748e+02	7.24371886e+02	7.24366860e+02	7.24361670e+02	7.24356320e+02	7.24350813e+02	7.24345152e+02	7.24339341e+02	7.24333386e+02	7.24327291e+02	7.24321063e+02	7.24314706e+02	7.24308227e+02	7.24301633e+02	7.24294931e+02	7.24288127e+02	7.24281228e+02	7.24274241e+02	7.24267175e+02	7.24260035e+02	7.24252829e+02	7.24245563e+02	7.24238246e+02	7.24230884e+02	7.24223482e+02	7.24216049e+02	7.24208589e+02	7.24201110e+02	7.24193616e+02	7.24186114e+02	7.24178608e+02	7.24171105e+02	7.24163607e+02	7.24156121e+02	7.24148649e+02	7.24141198e+02	7.24133769e+02	7.24126367e+02	7.24118995e+02	7.24111655e+02	7.24104352e+02	7.24097087e+02	7.24089863e+02	7.24082682e+02	7.24075547e+02	7.24068459e+02	7.24061419e+02	7.24054430e+02	7.24047493e+02	7.24040609e+02	7.24033779e+02	7.24027005e+02	7.24020287e+02	7.24013626e+02	7.24007022e+02	7.24000477e+02	7.23993991e+02	7.23987564e+02	7.23981197e+02	7.23974890e+02	7.23968642e+02	7.23962456e+02	7.23956329e+02	7.23950263e+02	7.23944258e+02	7.23938312e+02	7.23932428e+02	7.23926603e+02	7.23920838e+02	7.23915134e+02	7.23909489e+02	7.23903903e+02	7.23898376e+02	7.23892908e+02	7.23887499e+02	7.23882147e+02	7.23876854e+02	7.23871618e+02	7.23866438e+02	7.23861316e+02	7.23856250e+02	7.23851239e+02	7.23846284e+02	7.23841383e+02	7.23836538e+02	7.23831746e+02	7.23827007e+02	7.23822322e+02	7.23817690e+02	7.23813109e+02	7.23808580e+02	7.23804103e+02	7.23799676e+02	7.23795299e+02	7.23790972e+02	7.23786695e+02	7.23782466e+02	7.23778286e+02	7.23774153e+02	7.23770068e+02	7.23766029e+02	7.23762037e+02	7.23758091e+02	7.23754191e+02	7.23750335e+02	7.23746524e+02	7.23742757e+02	7.23739034e+02	7.23735354e+02	7.23731716e+02	7.23728121e+02	7.23724567e+02	7.23721055e+02	7.23717584e+02	7.23714153e+02	7.23710762e+02
27	59	1.28483617e+03	1.28082144e+03	1.27416373e+03	1.26504630e+03	1.25366314e+03	1.24021720e+03	1.22491876e+03	1.20798375e+03	1.18963214e+03	1.17008613e+03	1.14956830e+03	1.12829958e+03	1.10649705e+03	1.08437169e+03	1.06212601e+03	1.03995179e+03	1.01802788e+03	9.96518266e+02	9.75570429e+02	9.55314028e+02	9.35859936e+02	9.17299611e+02	8.99704741e+02	8.83127147e+02	8.67598938e+02	8.53132935e+02	8.39723442e+02	8.27347449e+02	8.15966350e+02	8.05528235e+02	7.95970744e+02	7.87224436e+02	7.79216508e+02	7.71874683e+02	7.65131011e+02	7.58925307e+02	7.53207987e+02	7.47942085e+02	7.43104306e+02	7.38685070e+02	7.34687590e+02	7.31126115e+02	7.28023508e+02	7.25408378e+02	7.23311961e+02	7.21764916e+02	7.20794175e+02	7.20419934e+02	7.20652862e+02	7.21491623e+02	7.22920830e+02	7.24909610e+02	7.27410997e+02	7.30362375e+02	7.33687121e+02	7.37297400e+02	7.41097761e+02	7.44988807e+02	7.48870005e+02	7.52640796e+02	7.56199872e+02	7.59443556e+02	7.62265298e+02	7.64558499e+02	7.66224025e+02	7.67181884e+02	7.67384775e+02	7.66830154e+02	7.65567637e+02	7.63699629e+02	7.61374529e+02	7.58773292e+02	7.56091220e+02	7.53517568e+02	7.51215857e+02	7.49307669e+02	7.47862253e+02	7.46893414e+02	7.46364082e+02	7.46197667e+02	7.46294129e+02	7.46547753e+02	7.46863356e+02	7.47168017e+02	7.47416601e+02	7.47590909e+02	7.47693826e+02	7.47740885e+02	7.47751895e+02	7.47744650e+02	7.47731662e+02	7.47719673e+02	7.47710971e+02	7.47705312e+02	7.47701558e+02	7.47698643e+02	7.47695909e+02	7.47693065e+02	7.47690032e+02	7.47686811e+02	7.47683417e+02	7.47679857e+02	7.47676132e+02	7.47672242e+02	7.47668183e+02	7.47663956e+02	7.47659557e+02	7.47654989e+02	7.47650250e+02	7.47645341e+02	7.47640265e+02	7.47635022e+02	7.47629615e+02	7.47624049e+02	7.47618325e+02	7.47612450e+02	7.47606426e+02	7.47600260e+02	7.47593956e+02	7.47587522e+02	7.47580963e+02	7.47574286e+02	7.47567498e+02	7.47560605e+02	7.47553615e+02	7.47546535e+02	7.47539372e+02	7.47532134e+02	7.47524828e+02	7.47517461e+02	7.47510040e+02	7.47502572e+02	7.47495064e+02	7.47487522e+02	7.47479953e+02	7.47472363e+02	7.47464758e+02	7.47457144e+02	7.47449526e+02	7.47441909e+02	7.47434298e+02	7.47426698e+02	7.47419113e+02	7.47411547e+02	7.47404004e+02	7.47396488e+02	7.47389002e+02	7.47381550e+02	7.47374134e+02	7.47366756e+02	7.47359420e+02	7.47352128e+02	7.47344882e+02	7.47337684e+02	7.47330535e+02	7.47323437e+02	7.47316392e+02	7.47309401e+02	7.47302466e+02	7.47295586e+02	7.47288764e+02	7.47281999e+02	7.47275293e+02	7.47268647e+02	7.47262060e+02	7.47255534e+02	7.47249069e+02	7.47242664e+02	7.47236320e+02	7.47230038e+02	7.47223817e+02	7.47217658e+02	7.47211560e+02	7.47205524e+02	7.47199549e+02	7.47193635e+02	7.47187783e+02	7.47181991e+02	7.47176260e+02	7.47170589e+02	7.47164978e+02	7.47159427e+02	7.47153935e+02	7.47148503e+02	7.47143129e+02	7.47137814e+02	7.47132557e+02	7.47127357e+02	7.47122214e+02	7.47117128e+02	7.47112098e+02	7.47107124e+02	7.47102206e+02	7.47097342e+02	7.47092533e+02	7.47087778e+02	7.47083076e+02	7.47078427e+02	7.47073831e+02	7.47069286e+02	7.47064794e+02	7.47060352e+02	7.47055961e+02	7.47051620e+02	7.47047328e+02	7.47043086e+02	7.47038892e+02	7.47034746e+02	7.47030648e+02	7.47026597e+02	7.47022593e+02	7.47018635e+02	7.47014723e+02	7.47010856e+02	7.47007033e+02	7.47003255e+02	7.46999521e+02	7.46995830e+02	7.46992182e+02	7.46988576e+02	7.46985013e+02	7.46981490e+02	7.46978009e+02	7.46974569e+02
28	59	1.27169430e+03	1.26762724e+03	1.26093993e+03	1.25181431e+03	1.24044291e+03	1.22702718e+03	1.21177586e+03	1.19490329e+03	1.17662779e+03	1.15716994e+03	1.13675066e+03	1.11558922e+03	1.09390107e+03	1.07189558e+03	1.04977374e+03	1.02772582e+03	1.00592930e+03	9.84546866e+02	9.63724816e+02	9.43591751e+02	9.24257617e+02	9.05813075e+02	8.88329152e+02	8.71857144e+02	8.56428770e+02	8.42056594e+02	8.28734796e+02	8.16440365e+02	8.05134813e+02	7.94766450e+02	7.85273224e+02	7.76586065e+02	7.68632581e+02	7.61340919e+02	7.54643533e+02	7.48480602e+02	7.42802845e+02	7.37573516e+02	7.32769449e+02	7.28381104e+02	7.24411647e+02	7.20875203e+02	7.17794452e+02	7.15197781e+02	7.13116185e+02	7.11580090e+02	7.10616227e+02	7.10244640e+02	7.10475917e+02	7.11308736e+02	7.12727825e+02	7.14702542e+02	7.17186268e+02	7.20116847e+02	7.23418213e+02	7.27003165e+02	7.30776932e+02	7.34640819e+02	7.38494998e+02	7.42239606e+02	7.45774029e+02	7.48995296e+02	7.51797576e+02	7.54074988e+02	7.55729061e+02	7.56680340e+02	7.56881840e+02	7.56331032e+02	7.55077197e+02	7.53222046e+02	7.50912970e+02	7.48329689e+02	7.45666162e+02	7.43110338e+02	7.40824598e+02	7.38929670e+02	7.37494310e+02	7.36532219e+02	7.36006579e+02	7.35841330e+02	7.35937125e+02	7.36188990e+02	7.36502403e+02	7.36804951e+02	7.37051813e+02	7.37224917e+02	7.37327127e+02	7.37373868e+02	7.37384812e+02	7.37377629e+02	7.37364743e+02	7.37352849e+02	7.37344220e+02	7.37338614e+02	7.37334900e+02	7.37332021e+02	7.37329321e+02	7.37326512e+02	7.37323517e+02	7.37320336e+02	7.37316984e+02	7.37313468e+02	7.37309789e+02	7.37305945e+02	7.37301936e+02	7.37297759e+02	7.37293414e+02	7.37288899e+02	7.37284217e+02	7.37279366e+02	7.37274349e+02	7.37269167e+02	7.37263824e+02	7.37258321e+02	7.37252664e+02	7.37246855e+02	7.37240899e+02	7.37234802e+02	7.37228570e+02	7.37222207e+02	7.37215720e+02	7.37209116e+02	7.37202402e+02	7.37195584e+02	7.37188669e+02	7.37181664e+02	7.37174577e+02	7.37167415e+02	7.37160186e+02	7.37152895e+02	7.37145550e+02	7.37138159e+02	7.37130727e+02	7.37123262e+02	7.37115769e+02	7.37108255e+02	7.37100725e+02	7.37093185e+02	7.37085642e+02	7.37078098e+02	7.37070561e+02	7.37063033e+02	7.37055520e+02	7.37048026e+02	7.37040554e+02	7.37033108e+02	7.37025692e+02	7.37018308e+02	7.37010960e+02	7.37003650e+02	7.36996381e+02	7.36989154e+02	7.36981973e+02	7.36974839e+02	7.36967753e+02	7.36960718e+02	7.36953735e+02	7.36946806e+02	7.36939930e+02	7.36933110e+02	7.36926346e+02	7.36919640e+02	7.36912991e+02	7.36906401e+02	7.36899871e+02	7.36893399e+02	7.36886988e+02	7.36880637e+02	7.36874346e+02	7.36868116e+02	7.36861946e+02	7.36855838e+02	7.36849790e+02	7.36843803e+02	7.36837876e+02	7.36832010e+02	7.36826205e+02	7.36820460e+02	7.36814774e+02	7.36809149e+02	7.36803583e+02	7.36798076e+02	7.36792628e+02	7.36787238e+02	7.36781907e+02	7.36776633e+02	7.36771417e+02	7.36766258e+02	7.36761155e+02	7.36756109e+02	7.36751118e+02	7.36746182e+02	7.36741302e+02	7.36736475e+02	7.36731703e+02	7.36726984e+02	7.36722318e+02	7.36717705e+02	7.36713144e+02	7.36708634e+02	7.36704175e+02	7.36699767e+02	7.36695409e+02	7.36691101e+02	7.36686841e+02	7.36682631e+02	7.36678469e+02	7.36674354e+02	7.36670287e+02	7.36666266e+02	7.36662291e+02	7.36658363e+02	7.36654479e+02	7.36650641e+02	7.36646847e+02	7.36643097e+02	7.36639390e+02	7.36635726e+02	7.36632105e+02	7.36628526e+02	7.36624988e+02	7.36621492e+02	7.36618036e+02	7.36614621e+02
28	60	1.29043778e+03	1.28608758e+03	1.27911814e+03	1.26971323e+03	1.25806699e+03	1.24438221e+03	1.22886868e+03	1.21174160e+03	1.19321988e+03	1.17352446e+03	1.15287644e+03	1.13149508e+03	1.10959568e+03	1.08738737e+03	1.06507079e+03	1.04283588e+03	1.02085977e+03	9.99304861e+02	9.78317261e+02	9.58025470e+02	9.38539439e+02	9.19949926e+02	9.02328120e+02	8.85725513e+02	8.70174004e+02	8.55686289e+02	8.42256595e+02	8.29861857e+02	8.18463414e+02	8.08009292e+02	7.98437056e+02	7.89677177e+02	7.81656758e+02	7.74303426e+02	7.67549135e+02	7.61333618e+02	7.55607222e+02	7.50332930e+02	7.45487418e+02	7.41061095e+02	7.37057187e+02	7.33489970e+02	7.30382350e+02	7.27762988e+02	7.25663172e+02	7.24113617e+02	7.23141300e+02	7.22766453e+02	7.22999763e+02	7.23839891e+02	7.25271423e+02	7.27263433e+02	7.29768877e+02	7.32725031e+02	7.36055147e+02	7.39671243e+02	7.43477712e+02	7.47374995e+02	7.51262398e+02	7.55039204e+02	7.58603944e+02	7.61852780e+02	7.64678996e+02	7.66975829e+02	7.68643993e+02	7.69603371e+02	7.69806592e+02	7.69251108e+02	7.67986612e+02	7.66115668e+02	7.63786905e+02	7.61181563e+02	7.58495251e+02	7.55917526e+02	7.53612169e+02	7.51700958e+02	7.50253255e+02	7.49282890e+02	7.48752734e+02	7.48586077e+02	7.48682718e+02	7.48936774e+02	7.49252910e+02	7.49558087e+02	7.49807100e+02	7.49981720e+02	7.50084836e+02	7.50132007e+02	7.50143074e+02	7.50135859e+02	7.50122893e+02	7.50110930e+02	7.50102261e+02	7.50096643e+02	7.50092934e+02	7.50090069e+02	7.50087386e+02	7.50084595e+02	7.50081617e+02	7.50078453e+02	7.50075118e+02	7.50071618e+02	7.50067955e+02	7.50064128e+02	7.50060134e+02	7.50055972e+02	7.50051641e+02	7.50047140e+02	7.50042470e+02	7.50037630e+02	7.50032623e+02	7.50027450e+02	7.50022114e+02	7.50016618e+02	7.50010964e+02	7.50005158e+02	7.49999203e+02	7.49993105e+02	7.49986870e+02	7.49980502e+02	7.49974009e+02	7.49967396e+02	7.49960671e+02	7.49953840e+02	7.49946910e+02	7.49939889e+02	7.49932783e+02	7.49925601e+02	7.49918349e+02	7.49911034e+02	7.49903663e+02	7.49896245e+02	7.49888784e+02	7.49881288e+02	7.49873763e+02	7.49866215e+02	7.49858651e+02	7.49851076e+02	7.49843495e+02	7.49835914e+02	7.49828338e+02	7.49820771e+02	7.49813218e+02	7.49805682e+02	7.49798169e+02	7.49790681e+02	7.49783222e+02	7.49775795e+02	7.49768403e+02	7.49761049e+02	7.49753736e+02	7.49746465e+02	7.49739239e+02	7.49732060e+02	7.49724930e+02	7.49717851e+02	7.49710823e+02	7.49703849e+02	7.49696929e+02	7.49690064e+02	7.49683256e+02	7.49676506e+02	7.49669813e+02	7.49663180e+02	7.49656605e+02	7.49650091e+02	7.49643636e+02	7.49637242e+02	7.49630909e+02	7.49624637e+02	7.49618425e+02	7.49612275e+02	7.49606186e+02	7.49600158e+02	7.49594191e+02	7.49588285e+02	7.49582440e+02	7.49576655e+02	7.49570931e+02	7.49565267e+02	7.49559662e+02	7.49554117e+02	7.49548632e+02	7.49543205e+02	7.49537836e+02	7.49532526e+02	7.49527274e+02	7.49522079e+02	7.49516941e+02	7.49511859e+02	7.49506834e+02	7.49501864e+02	7.49496950e+02	7.49492090e+02	7.49487284e+02	7.49482532e+02	7.49477834e+02	7.49473189e+02	7.49468596e+02	7.49464054e+02	7.49459565e+02	7.49455126e+02	7.49450737e+02	7.49446399e+02	7.49442110e+02	7.49437870e+02	7.49433679e+02	7.49429536e+02	7.49425440e+02	7.49421391e+02	7.49417389e+02	7.49413433e+02	7.49409523e+02	7.49405657e+02	7.49401837e+02	7.49398061e+02	7.49394328e+02	7.49390639e+02	7.49386992e+02	7.49383388e+02	7.49379826e+02	7.49376305e+02	7.49372826e+02	7.49369386e+02
26	60	1.31656325e+03	1.31231181e+03	1.30539661e+03	1.29600411e+03	1.28433131e+03	1.27058395e+03	1.25497489e+03	1.23772245e+03	1.21904877e+03	1.19917799e+03	1.17833448e+03	1.15674072e+03	1.13461522e+03	1.11217021e+03	1.08960935e+03	1.06712547e+03	1.04489840e+03	1.02309307e+03	1.00185788e+03	9.81323382e+02	9.61601344e+02	9.42784070e+02	9.24944036e+02	9.08133759e+02	8.92385897e+02	8.77713649e+02	8.64111486e+02	8.51556340e+02	8.40009321e+02	8.29418018e+02	8.19719394e+02	8.10843187e+02	8.02715693e+02	7.95263708e+02	7.88418388e+02	7.82118748e+02	7.76314545e+02	7.70968328e+02	7.66056514e+02	7.61569437e+02	7.57510416e+02	7.53893971e+02	7.50743369e+02	7.48087705e+02	7.45958741e+02	7.44387648e+02	7.43401805e+02	7.43021740e+02	7.43258295e+02	7.44110110e+02	7.45561540e+02	7.47581209e+02	7.50121385e+02	7.53118444e+02	7.56494540e+02	7.60160448e+02	7.64019219e+02	7.67969914e+02	7.71910455e+02	7.75738755e+02	7.79351979e+02	7.82644903e+02	7.85509394e+02	7.87837281e+02	7.89527967e+02	7.90500286e+02	7.90706242e+02	7.90143259e+02	7.88861690e+02	7.86965460e+02	7.84605184e+02	7.81964528e+02	7.79241742e+02	7.76628955e+02	7.74292189e+02	7.72354901e+02	7.70887419e+02	7.69903782e+02	7.69366367e+02	7.69197419e+02	7.69295368e+02	7.69552884e+02	7.69873327e+02	7.70182660e+02	7.70435060e+02	7.70612048e+02	7.70716554e+02	7.70764350e+02	7.70775547e+02	7.70768211e+02	7.70755045e+02	7.70742894e+02	7.70734081e+02	7.70728358e+02	7.70724571e+02	7.70721636e+02	7.70718886e+02	7.70716024e+02	7.70712971e+02	7.70709729e+02	7.70706311e+02	7.70702725e+02	7.70698972e+02	7.70695052e+02	7.70690961e+02	7.70686698e+02	7.70682263e+02	7.70677654e+02	7.70672872e+02	7.70667918e+02	7.70662793e+02	7.70657499e+02	7.70652039e+02	7.70646415e+02	7.70640632e+02	7.70634693e+02	7.70628603e+02	7.70622368e+02	7.70615992e+02	7.70609483e+02	7.70602846e+02	7.70596088e+02	7.70589216e+02	7.70582237e+02	7.70575158e+02	7.70567987e+02	7.70560731e+02	7.70553398e+02	7.70545994e+02	7.70538527e+02	7.70531005e+02	7.70523435e+02	7.70515822e+02	7.70508175e+02	7.70500500e+02	7.70492802e+02	7.70485089e+02	7.70477365e+02	7.70469637e+02	7.70461909e+02	7.70454187e+02	7.70446476e+02	7.70438780e+02	7.70431102e+02	7.70423448e+02	7.70415821e+02	7.70408224e+02	7.70400661e+02	7.70393134e+02	7.70385647e+02	7.70378202e+02	7.70370801e+02	7.70363446e+02	7.70356140e+02	7.70348885e+02	7.70341681e+02	7.70334531e+02	7.70327436e+02	7.70320396e+02	7.70313414e+02	7.70306490e+02	7.70299624e+02	7.70292819e+02	7.70286073e+02	7.70279389e+02	7.70272765e+02	7.70266204e+02	7.70259704e+02	7.70253266e+02	7.70246891e+02	7.70240579e+02	7.70234328e+02	7.70228141e+02	7.70222015e+02	7.70215952e+02	7.70209952e+02	7.70204013e+02	7.70198136e+02	7.70192321e+02	7.70186567e+02	7.70180875e+02	7.70175243e+02	7.70169671e+02	7.70164160e+02	7.70158708e+02	7.70153315e+02	7.70147982e+02	7.70142707e+02	7.70137490e+02	7.70132330e+02	7.70127228e+02	7.70122182e+02	7.70117193e+02	7.70112259e+02	7.70107381e+02	7.70102558e+02	7.70097788e+02	7.70093073e+02	7.70088411e+02	7.70083802e+02	7.70079245e+02	7.70074740e+02	7.70070286e+02	7.70065884e+02	7.70061531e+02	7.70057228e+02	7.70052975e+02	7.70048771e+02	7.70044615e+02	7.70040507e+02	7.70036446e+02	7.70032432e+02	7.70028464e+02	7.70024543e+02	7.70020667e+02	7.70016835e+02	7.70013048e+02	7.70009306e+02	7.70005606e+02	7.70001950e+02	7.69998336e+02	7.69994765e+02	7.69991235e+02	7.69987746e+02
28	61	1.30890280e+03	1.30427537e+03	1.29702992e+03	1.28735200e+03	1.27543726e+03	1.26148979e+03	1.24572038e+03	1.22834500e+03	1.20958313e+03	1.18965603e+03	1.16878492e+03	1.14718905e+03	1.12508356e+03	1.10267728e+03	1.08017055e+03	1.05775295e+03	1.03560129e+03	1.01387770e+03	9.92728107e+02	9.72280929e+02	9.52646139e+02	9.33914606e+02	9.16157694e+02	8.99427094e+02	8.83754892e+02	8.69153922e+02	8.55618461e+02	8.43125392e+02	8.31635888e+02	8.21097695e+02	8.11448005e+02	8.02616837e+02	7.94530801e+02	7.87117012e+02	7.80306937e+02	7.74039867e+02	7.68265790e+02	7.62947422e+02	7.58061279e+02	7.53597725e+02	7.49560044e+02	7.45962660e+02	7.42828701e+02	7.40187094e+02	7.38069417e+02	7.36506665e+02	7.35526062e+02	7.35148020e+02	7.35383322e+02	7.36230614e+02	7.37674345e+02	7.39683309e+02	7.42210042e+02	7.45191268e+02	7.48549567e+02	7.52196195e+02	7.56034722e+02	7.59964743e+02	7.63884718e+02	7.67693088e+02	7.71287548e+02	7.74563411e+02	7.77413091e+02	7.79728964e+02	7.81410939e+02	7.82378258e+02	7.82583167e+02	7.82023099e+02	7.80748152e+02	7.78861725e+02	7.76513663e+02	7.73886695e+02	7.71178046e+02	7.68578850e+02	7.66254262e+02	7.64327089e+02	7.62867286e+02	7.61888809e+02	7.61354227e+02	7.61186191e+02	7.61283659e+02	7.61539864e+02	7.61858669e+02	7.62166424e+02	7.62417546e+02	7.62593652e+02	7.62697657e+02	7.62745250e+02	7.62756437e+02	7.62749191e+02	7.62736148e+02	7.62724117e+02	7.62715409e+02	7.62709779e+02	7.62706076e+02	7.62703225e+02	7.62700559e+02	7.62697785e+02	7.62694825e+02	7.62691678e+02	7.62688359e+02	7.62684877e+02	7.62681230e+02	7.62677419e+02	7.62673441e+02	7.62669294e+02	7.62664978e+02	7.62660491e+02	7.62655833e+02	7.62651006e+02	7.62646009e+02	7.62640846e+02	7.62635518e+02	7.62630028e+02	7.62624380e+02	7.62618577e+02	7.62612624e+02	7.62606526e+02	7.62600289e+02	7.62593917e+02	7.62587418e+02	7.62580798e+02	7.62574063e+02	7.62567220e+02	7.62560277e+02	7.62553241e+02	7.62546118e+02	7.62538916e+02	7.62531643e+02	7.62524305e+02	7.62516911e+02	7.62509466e+02	7.62501977e+02	7.62494452e+02	7.62486897e+02	7.62479317e+02	7.62471720e+02	7.62464110e+02	7.62456494e+02	7.62448877e+02	7.62441263e+02	7.62433658e+02	7.62426066e+02	7.62418491e+02	7.62410937e+02	7.62403408e+02	7.62395907e+02	7.62388439e+02	7.62381005e+02	7.62373608e+02	7.62366252e+02	7.62358938e+02	7.62351669e+02	7.62344447e+02	7.62337274e+02	7.62330151e+02	7.62323080e+02	7.62316062e+02	7.62309099e+02	7.62302191e+02	7.62295340e+02	7.62288547e+02	7.62281811e+02	7.62275135e+02	7.62268518e+02	7.62261961e+02	7.62255465e+02	7.62249029e+02	7.62242655e+02	7.62236341e+02	7.62230089e+02	7.62223899e+02	7.62217770e+02	7.62211702e+02	7.62205695e+02	7.62199750e+02	7.62193866e+02	7.62188043e+02	7.62182280e+02	7.62176578e+02	7.62170936e+02	7.62165354e+02	7.62159832e+02	7.62154369e+02	7.62148964e+02	7.62143619e+02	7.62138331e+02	7.62133101e+02	7.62127929e+02	7.62122813e+02	7.62117754e+02	7.62112750e+02	7.62107803e+02	7.62102910e+02	7.62098072e+02	7.62093289e+02	7.62088559e+02	7.62083882e+02	7.62079258e+02	7.62074686e+02	7.62070166e+02	7.62065697e+02	7.62061279e+02	7.62056911e+02	7.62052594e+02	7.62048325e+02	7.62044106e+02	7.62039934e+02	7.62035811e+02	7.62031735e+02	7.62027706e+02	7.62023723e+02	7.62019786e+02	7.62015895e+02	7.62012049e+02	7.62008247e+02	7.62004489e+02	7.62000775e+02	7.61997104e+02	7.61993475e+02	7.61989889e+02	7.61986344e+02	7.61982841e+02	7.61979379e+02
28	62	1.32709500e+03	1.32219660e+03	1.31468157e+03	1.30473714e+03	1.29256044e+03	1.27835675e+03	1.26233785e+03	1.24472042e+03	1.22572445e+03	1.20557149e+03	1.18448288e+03	1.16267781e+03	1.14037123e+03	1.11777172e+03	1.09507928e+03	1.07248315e+03	1.05015982e+03	1.02827120e+03	1.00696303e+03	9.86363663e+02	9.66583123e+02	9.47712398e+02	9.29823039e+02	9.12966945e+02	8.97176394e+02	8.82464358e+02	8.68825172e+02	8.56235668e+02	8.44656856e+02	8.34036211e+02	8.24310558e+02	8.15409475e+02	8.07259084e+02	7.99786003e+02	7.92921217e+02	7.86603588e+02	7.80782748e+02	7.75421151e+02	7.70495161e+02	7.65995094e+02	7.61924289e+02	7.58297320e+02	7.55137528e+02	7.52474104e+02	7.50338911e+02	7.48763216e+02	7.47774486e+02	7.47393310e+02	7.47630566e+02	7.48484886e+02	7.49940579e+02	7.51966170e+02	7.54513783e+02	7.57519599e+02	7.60905538e+02	7.64582110e+02	7.68452077e+02	7.72414207e+02	7.76366125e+02	7.80205452e+02	7.83829060e+02	7.87131428e+02	7.90004122e+02	7.92338668e+02	7.94034190e+02	7.95009296e+02	7.95215859e+02	7.94651295e+02	7.93366099e+02	7.91464488e+02	7.89097499e+02	7.86449320e+02	7.83718764e+02	7.81098512e+02	7.78755063e+02	7.76812236e+02	7.75340565e+02	7.74354132e+02	7.73815210e+02	7.73645820e+02	7.73744101e+02	7.74002413e+02	7.74323836e+02	7.74634120e+02	7.74887309e+02	7.75064873e+02	7.75169750e+02	7.75217757e+02	7.75229062e+02	7.75221786e+02	7.75208667e+02	7.75196570e+02	7.75187824e+02	7.75182182e+02	7.75178485e+02	7.75175648e+02	7.75172999e+02	7.75170244e+02	7.75167300e+02	7.75164171e+02	7.75160869e+02	7.75157404e+02	7.75153774e+02	7.75149980e+02	7.75146018e+02	7.75141886e+02	7.75137585e+02	7.75133112e+02	7.75128468e+02	7.75123653e+02	7.75118668e+02	7.75113514e+02	7.75108195e+02	7.75102713e+02	7.75097070e+02	7.75091272e+02	7.75085322e+02	7.75079225e+02	7.75072986e+02	7.75066612e+02	7.75060109e+02	7.75053482e+02	7.75046738e+02	7.75039885e+02	7.75032930e+02	7.75025879e+02	7.75018740e+02	7.75011521e+02	7.75004228e+02	7.74996869e+02	7.74989451e+02	7.74981981e+02	7.74974467e+02	7.74966914e+02	7.74959329e+02	7.74951719e+02	7.74944090e+02	7.74936447e+02	7.74928797e+02	7.74921145e+02	7.74913495e+02	7.74905853e+02	7.74898223e+02	7.74890610e+02	7.74883017e+02	7.74875448e+02	7.74867908e+02	7.74860398e+02	7.74852923e+02	7.74845486e+02	7.74838088e+02	7.74830732e+02	7.74823422e+02	7.74816157e+02	7.74808942e+02	7.74801777e+02	7.74794663e+02	7.74787603e+02	7.74780598e+02	7.74773648e+02	7.74766755e+02	7.74759920e+02	7.74753143e+02	7.74746425e+02	7.74739767e+02	7.74733169e+02	7.74726632e+02	7.74720155e+02	7.74713740e+02	7.74707387e+02	7.74701095e+02	7.74694865e+02	7.74688697e+02	7.74682590e+02	7.74676545e+02	7.74670562e+02	7.74664639e+02	7.74658779e+02	7.74652979e+02	7.74647240e+02	7.74641562e+02	7.74635944e+02	7.74630385e+02	7.74624887e+02	7.74619447e+02	7.74614067e+02	7.74608745e+02	7.74603481e+02	7.74598275e+02	7.74593126e+02	7.74588033e+02	7.74582997e+02	7.74578017e+02	7.74573093e+02	7.74568224e+02	7.74563409e+02	7.74558648e+02	7.74553940e+02	7.74549286e+02	7.74544684e+02	7.74540135e+02	7.74535637e+02	7.74531190e+02	7.74526794e+02	7.74522448e+02	7.74518151e+02	7.74513904e+02	7.74509705e+02	7.74505555e+02	7.74501452e+02	7.74497397e+02	7.74493388e+02	7.74489425e+02	7.74485509e+02	7.74481637e+02	7.74477810e+02	7.74474028e+02	7.74470289e+02	7.74466594e+02	7.74462942e+02	7.74459332e+02	7.74455765e+02	7.74452239e+02	7.74448754e+02
28	64	1.36268272e+03	1.35726259e+03	1.34922875e+03	1.33877168e+03	1.32609125e+03	1.31139499e+03	1.29489648e+03	1.27681373e+03	1.25736761e+03	1.23678019e+03	1.21527295e+03	1.19306495e+03	1.17037077e+03	1.14739843e+03	1.12434731e+03	1.10140603e+03	1.07875050e+03	1.05654217e+03	1.03492655e+03	1.01403191e+03	9.93968414e+02	9.74827336e+02	9.56680633e+02	9.39580643e+02	9.23560047e+02	9.08632103e+02	8.94791265e+02	8.82014275e+02	8.70261832e+02	8.59480886e+02	8.49607544e+02	8.40570531e+02	8.32295021e+02	8.24706664e+02	8.17735510e+02	8.11319583e+02	8.05407825e+02	7.99962184e+02	7.94958721e+02	7.90387663e+02	7.86252461e+02	7.82567970e+02	7.79357954e+02	7.76652115e+02	7.74482865e+02	7.72882008e+02	7.71877476e+02	7.71490208e+02	7.71731262e+02	7.72599245e+02	7.74078198e+02	7.76136115e+02	7.78724322e+02	7.81777945e+02	7.85217623e+02	7.88952411e+02	7.92883507e+02	7.96908062e+02	8.00922085e+02	8.04821598e+02	8.08501875e+02	8.11855777e+02	8.14773213e+02	8.17144062e+02	8.18865921e+02	8.19856167e+02	8.20065948e+02	8.19492644e+02	8.18187520e+02	8.16256388e+02	8.13852600e+02	8.11163185e+02	8.08390037e+02	8.05728846e+02	8.03348729e+02	8.01375465e+02	7.99880722e+02	7.98878823e+02	7.98331460e+02	7.98159441e+02	7.98259301e+02	7.98521710e+02	7.98848223e+02	7.99163423e+02	7.99420633e+02	7.99601032e+02	7.99707604e+02	7.99756415e+02	7.99767952e+02	7.99760618e+02	7.99747351e+02	7.99735125e+02	7.99726307e+02	7.99720643e+02	7.99716959e+02	7.99714150e+02	7.99711535e+02	7.99708815e+02	7.99705907e+02	7.99702812e+02	7.99699545e+02	7.99696113e+02	7.99692518e+02	7.99688757e+02	7.99684828e+02	7.99680729e+02	7.99676458e+02	7.99672015e+02	7.99667399e+02	7.99662610e+02	7.99657650e+02	7.99652519e+02	7.99647219e+02	7.99641753e+02	7.99636125e+02	7.99630338e+02	7.99624395e+02	7.99618303e+02	7.99612066e+02	7.99605689e+02	7.99599179e+02	7.99592542e+02	7.99585785e+02	7.99578915e+02	7.99571938e+02	7.99564863e+02	7.99557695e+02	7.99550443e+02	7.99543115e+02	7.99535717e+02	7.99528256e+02	7.99520741e+02	7.99513177e+02	7.99505572e+02	7.99497933e+02	7.99490266e+02	7.99482577e+02	7.99474872e+02	7.99467158e+02	7.99459439e+02	7.99451721e+02	7.99444009e+02	7.99436307e+02	7.99428621e+02	7.99420953e+02	7.99413309e+02	7.99405692e+02	7.99398105e+02	7.99390552e+02	7.99383035e+02	7.99375558e+02	7.99368122e+02	7.99360731e+02	7.99353386e+02	7.99346090e+02	7.99338843e+02	7.99331649e+02	7.99324508e+02	7.99317421e+02	7.99310390e+02	7.99303416e+02	7.99296500e+02	7.99289643e+02	7.99282845e+02	7.99276108e+02	7.99269431e+02	7.99262815e+02	7.99256260e+02	7.99249768e+02	7.99243337e+02	7.99236968e+02	7.99230662e+02	7.99224418e+02	7.99218237e+02	7.99212117e+02	7.99206060e+02	7.99200065e+02	7.99194132e+02	7.99188260e+02	7.99182450e+02	7.99176701e+02	7.99171013e+02	7.99165386e+02	7.99159819e+02	7.99154312e+02	7.99148864e+02	7.99143476e+02	7.99138146e+02	7.99132875e+02	7.99127661e+02	7.99122506e+02	7.99117407e+02	7.99112364e+02	7.99107378e+02	7.99102448e+02	7.99097572e+02	7.99092752e+02	7.99087985e+02	7.99083273e+02	7.99078613e+02	7.99074007e+02	7.99069452e+02	7.99064950e+02	7.99060498e+02	7.99056098e+02	7.99051747e+02	7.99047447e+02	7.99043196e+02	7.99038993e+02	7.99034839e+02	7.99030733e+02	7.99026673e+02	7.99022661e+02	7.99018695e+02	7.99014775e+02	7.99010900e+02	7.99007071e+02	7.99003285e+02	7.98999544e+02	7.98995846e+02	7.98992191e+02	7.98988578e+02	7.98985008e+02	7.98981479e+02
