# XS4GCR CRAMS inelastic cross-section table
# model: Glauber
# isotope_source: data/crchart_Z28_2020.txt
# projectile_count: 87
# sigma_unit: mbarn for target H
# energy_grid_GeV_per_n: logspace 1.00000000e-02 1.00000000e+05 224
# columns: Z A sigma_H_mb(T_0) ... sigma_H_mb(T_N-1)
# note: 1H is skipped because XS4GCR::TotalInelastic does not provide proton-projectile sigma.
1	2	1.00900809e+02	1.00326852e+02	9.97576429e+01	9.91931603e+01	9.86333826e+01	9.80782871e+01	9.75278500e+01	9.69820464e+01	9.64408503e+01	9.59042347e+01	9.53721711e+01	9.48446300e+01	9.43215809e+01	9.38029914e+01	9.32888283e+01	9.27790567e+01	9.22736403e+01	9.17725416e+01	9.12757212e+01	9.07831383e+01	9.02947505e+01	8.98105138e+01	8.93303824e+01	8.88543088e+01	8.83822439e+01	8.79141366e+01	8.74499341e+01	8.69895817e+01	8.65330230e+01	8.60801997e+01	8.56310517e+01	8.51855170e+01	8.47435320e+01	8.43050313e+01	8.38699479e+01	8.34382133e+01	8.30097576e+01	8.25845095e+01	8.21623968e+01	8.17433463e+01	8.13272841e+01	8.09141359e+01	8.05038275e+01	8.00962849e+01	7.96914347e+01	7.92892048e+01	7.88895245e+01	7.84923255e+01	7.80975422e+01	7.77051123e+01	7.73149777e+01	7.69270850e+01	7.65413865e+01	7.61578409e+01	7.57764138e+01	7.53970792e+01	7.50198198e+01	7.46446280e+01	7.42715070e+01	7.39004710e+01	7.35315465e+01	7.31647726e+01	7.28002019e+01	7.24379006e+01	7.20779493e+01	7.17204429e+01	7.13654906e+01	7.10132163e+01	7.06637579e+01	7.03172670e+01	6.99739084e+01	6.96338593e+01	6.92973081e+01	6.89644537e+01	6.86355040e+01	6.83106746e+01	6.79901875e+01	6.76742690e+01	6.73631488e+01	6.70570580e+01	6.67562274e+01	6.64608862e+01	6.61712600e+01	6.58875696e+01	6.56100298e+01	6.53388476e+01	6.50742215e+01	6.48163401e+01	6.45653815e+01	6.43215124e+01	6.40848877e+01	6.38556496e+01	6.36339278e+01	6.34198391e+01	6.32134871e+01	6.30149626e+01	6.28243436e+01	6.26416957e+01	6.24670720e+01	6.23005139e+01	6.21420515e+01	6.19917037e+01	6.18494793e+01	6.17153772e+01	6.15893869e+01	6.14714893e+01	6.13616573e+01	6.12598560e+01	6.11660439e+01	6.10801726e+01	6.10021884e+01	6.09320318e+01	6.08696387e+01	6.08149406e+01	6.07678651e+01	6.07283364e+01	6.06962755e+01	6.06716009e+01	6.06542286e+01	6.06440729e+01	6.06410461e+01	6.06450596e+01	6.06560232e+01	6.06738462e+01	6.06984371e+01	6.07297042e+01	6.07675553e+01	6.08118984e+01	6.08626415e+01	6.09196929e+01	6.09829613e+01	6.10523558e+01	6.11277865e+01	6.12091637e+01	6.12963988e+01	6.13894041e+01	6.14880928e+01	6.15923790e+01	6.17021779e+01	6.18174060e+01	6.19379806e+01	6.20638205e+01	6.21948454e+01	6.23309766e+01	6.24721362e+01	6.26182479e+01	6.27692366e+01	6.29250282e+01	6.30855504e+01	6.32507317e+01	6.34205021e+01	6.35947929e+01	6.37735365e+01	6.39566669e+01	6.41441191e+01	6.43358294e+01	6.45317353e+01	6.47317756e+01	6.49358905e+01	6.51440210e+01	6.53561096e+01	6.55720999e+01	6.57919367e+01	6.60155658e+01	6.62429343e+01	6.64739903e+01	6.67086831e+01	6.69469629e+01	6.71887813e+01	6.74340905e+01	6.76828441e+01	6.79349965e+01	6.81905032e+01	6.84493206e+01	6.87114061e+01	6.89767181e+01	6.92452157e+01	6.95168592e+01	6.97916096e+01	7.00694288e+01	7.03502796e+01	7.06341256e+01	7.09209312e+01	7.12106617e+01	7.15032830e+01	7.17987620e+01	7.20970662e+01	7.23981638e+01	7.27020240e+01	7.30086164e+01	7.33179114e+01	7.36298801e+01	7.39444943e+01	7.42617264e+01	7.45815494e+01	7.49039370e+01	7.52288635e+01	7.55563037e+01	7.58862331e+01	7.62186278e+01	7.65534642e+01	7.68907195e+01	7.72303713e+01	7.75723979e+01	7.79167780e+01	7.82634906e+01	7.86125154e+01	7.89638326e+01	7.93174229e+01	7.96732671e+01	8.00313468e+01	8.03916440e+01	8.07541409e+01	8.11188203e+01	8.14856654e+01	8.18546597e+01	8.22257871e+01	8.25990320e+01	8.29743789e+01	8.33518128e+01	8.37313193e+01	8.41128838e+01	8.44964925e+01	8.48821317e+01
2	3	1.27124947e+02	1.26489741e+02	1.25859150e+02	1.25233164e+02	1.24611768e+02	1.23994951e+02	1.23382698e+02	1.22774993e+02	1.22171819e+02	1.21573157e+02	1.20978988e+02	1.20389289e+02	1.19804039e+02	1.19223212e+02	1.18646782e+02	1.18074722e+02	1.17507002e+02	1.16943591e+02	1.16384456e+02	1.15829560e+02	1.15278868e+02	1.14732341e+02	1.14189936e+02	1.13651611e+02	1.13117319e+02	1.12587014e+02	1.12060646e+02	1.11538161e+02	1.11019505e+02	1.10504622e+02	1.09993452e+02	1.09485934e+02	1.08982004e+02	1.08481595e+02	1.07984641e+02	1.07491070e+02	1.07000812e+02	1.06513791e+02	1.06029934e+02	1.05549163e+02	1.05071400e+02	1.04596568e+02	1.04124588e+02	1.03655381e+02	1.03188869e+02	1.02724975e+02	1.02263623e+02	1.01804740e+02	1.01348256e+02	1.00894104e+02	1.00442222e+02	9.99925526e+01	9.95450462e+01	9.90996592e+01	9.86563564e+01	9.82151120e+01	9.77759104e+01	9.73387474e+01	9.69036308e+01	9.64705820e+01	9.60396364e+01	9.56108445e+01	9.51842723e+01	9.47600026e+01	9.43381348e+01	9.39187857e+01	9.35020892e+01	9.30881968e+01	9.26772771e+01	9.22695154e+01	9.18651128e+01	9.14642859e+01	9.10672651e+01	9.06742940e+01	9.02856274e+01	8.99015300e+01	8.95222745e+01	8.91481401e+01	8.87794102e+01	8.84163708e+01	8.80593081e+01	8.77085071e+01	8.73642493e+01	8.70268110e+01	8.66964617e+01	8.63734623e+01	8.60580639e+01	8.57505060e+01	8.54510162e+01	8.51598083e+01	8.48770822e+01	8.46030230e+01	8.43378004e+01	8.40815687e+01	8.38344665e+01	8.35966167e+01	8.33681266e+01	8.31490881e+01	8.29395780e+01	8.27396586e+01	8.25493779e+01	8.23687706e+01	8.21978580e+01	8.20366494e+01	8.18851420e+01	8.17433223e+01	8.16111662e+01	8.14886400e+01	8.13757011e+01	8.12722983e+01	8.11783730e+01	8.10938593e+01	8.10186851e+01	8.09527723e+01	8.08960376e+01	8.08483927e+01	8.08097455e+01	8.07799997e+01	8.07590559e+01	8.07468119e+01	8.07431627e+01	8.07480015e+01	8.07612195e+01	8.07827066e+01	8.08123513e+01	8.08500414e+01	8.08956641e+01	8.09491061e+01	8.10102538e+01	8.10789938e+01	8.11552127e+01	8.12387975e+01	8.13296358e+01	8.14276157e+01	8.15326260e+01	8.16445563e+01	8.17632973e+01	8.18887407e+01	8.20207791e+01	8.21593066e+01	8.23042183e+01	8.24554105e+01	8.26127811e+01	8.27762291e+01	8.29456552e+01	8.31209612e+01	8.33020507e+01	8.34888284e+01	8.36812007e+01	8.38790756e+01	8.40823624e+01	8.42909720e+01	8.45048168e+01	8.47238107e+01	8.49478692e+01	8.51769092e+01	8.54108492e+01	8.56496090e+01	8.58931101e+01	8.61412754e+01	8.63940291e+01	8.66512971e+01	8.69130067e+01	8.71790863e+01	8.74494660e+01	8.77240772e+01	8.80028527e+01	8.82857266e+01	8.85726343e+01	8.88635125e+01	8.91582992e+01	8.94569337e+01	8.97593566e+01	9.00655096e+01	9.03753357e+01	9.06887790e+01	9.10057849e+01	9.13262998e+01	9.16502712e+01	9.19776481e+01	9.23083800e+01	9.26424178e+01	9.29797136e+01	9.33202201e+01	9.36638914e+01	9.40106823e+01	9.43605488e+01	9.47134477e+01	9.50693368e+01	9.54281748e+01	9.57899212e+01	9.61545366e+01	9.65219822e+01	9.68922203e+01	9.72652137e+01	9.76409264e+01	9.80193229e+01	9.84003685e+01	9.87840294e+01	9.91702724e+01	9.95590650e+01	9.99503757e+01	1.00344173e+02	1.00740428e+02	1.01139109e+02	1.01540188e+02	1.01943636e+02	1.02349427e+02	1.02757532e+02	1.03167925e+02	1.03580579e+02	1.03995471e+02	1.04412574e+02	1.04831864e+02	1.05253318e+02	1.05676912e+02	1.06102624e+02	1.06530430e+02	1.06960310e+02	1.07392242e+02	1.07826205e+02	1.08262178e+02	1.08700142e+02	1.09140077e+02
2	4	1.29794824e+02	1.29250873e+02	1.28710323e+02	1.28173170e+02	1.27639414e+02	1.27109051e+02	1.26582076e+02	1.26058485e+02	1.25538270e+02	1.25021423e+02	1.24507937e+02	1.23997799e+02	1.23491000e+02	1.22987525e+02	1.22487360e+02	1.21990489e+02	1.21496895e+02	1.21006558e+02	1.20519457e+02	1.20035570e+02	1.19554872e+02	1.19077336e+02	1.18602935e+02	1.18131637e+02	1.17663412e+02	1.17198223e+02	1.16736036e+02	1.16276810e+02	1.15820505e+02	1.15367079e+02	1.14916485e+02	1.14468677e+02	1.14023605e+02	1.13581217e+02	1.13141459e+02	1.12704276e+02	1.12269609e+02	1.11837400e+02	1.11407587e+02	1.10980107e+02	1.10554898e+02	1.10131895e+02	1.09711032e+02	1.09292244e+02	1.08875467e+02	1.08460635e+02	1.08047686e+02	1.07636559e+02	1.07227193e+02	1.06819534e+02	1.06413529e+02	1.06009130e+02	1.05606297e+02	1.05204992e+02	1.04805189e+02	1.04406866e+02	1.04010012e+02	1.03614628e+02	1.03220724e+02	1.02828321e+02	1.02437456e+02	1.02048177e+02	1.01660549e+02	1.01274650e+02	1.00890575e+02	1.00508435e+02	1.00128356e+02	9.97504819e+01	9.93749717e+01	9.90020009e+01	9.86317602e+01	9.82644545e+01	9.79003030e+01	9.75395370e+01	9.71823994e+01	9.68291427e+01	9.64800279e+01	9.61353227e+01	9.57952996e+01	9.54602341e+01	9.51304030e+01	9.48060827e+01	9.44875471e+01	9.41750659e+01	9.38689033e+01	9.35693161e+01	9.32765522e+01	9.29908498e+01	9.27124358e+01	9.24415251e+01	9.21783195e+01	9.19230073e+01	9.16757625e+01	9.14367449e+01	9.12060992e+01	9.09839556e+01	9.07704292e+01	9.05656207e+01	9.03696162e+01	9.01824879e+01	9.00042940e+01	8.98350797e+01	8.96748774e+01	8.95237072e+01	8.93815778e+01	8.92484868e+01	8.91244213e+01	8.90093589e+01	8.89032677e+01	8.88061076e+01	8.87178305e+01	8.86383809e+01	8.85676967e+01	8.85057095e+01	8.84523453e+01	8.84075250e+01	8.83711648e+01	8.83431769e+01	8.83234695e+01	8.83119478e+01	8.83085139e+01	8.83130673e+01	8.83255055e+01	8.83457239e+01	8.83736165e+01	8.84090760e+01	8.84519940e+01	8.85022613e+01	8.85597681e+01	8.86244043e+01	8.86960597e+01	8.87746238e+01	8.88599867e+01	8.89520384e+01	8.90506695e+01	8.91557712e+01	8.92672353e+01	8.93849544e+01	8.95088219e+01	8.96387322e+01	8.97745807e+01	8.99162638e+01	9.00636792e+01	9.02167256e+01	9.03753031e+01	9.05393130e+01	9.07086578e+01	9.08832414e+01	9.10629693e+01	9.12477479e+01	9.14374855e+01	9.16320915e+01	9.18314769e+01	9.20355539e+01	9.22442363e+01	9.24574395e+01	9.26750800e+01	9.28970759e+01	9.31233469e+01	9.33538138e+01	9.35883991e+01	9.38270265e+01	9.40696214e+01	9.43161103e+01	9.45664211e+01	9.48204833e+01	9.50782276e+01	9.53395860e+01	9.56044920e+01	9.58728802e+01	9.61446867e+01	9.64198486e+01	9.66983046e+01	9.69799944e+01	9.72648590e+01	9.75528407e+01	9.78438828e+01	9.81379300e+01	9.84349279e+01	9.87348234e+01	9.90375645e+01	9.93431002e+01	9.96513807e+01	9.99623573e+01	1.00275982e+02	1.00592208e+02	1.00910991e+02	1.01232284e+02	1.01556044e+02	1.01882229e+02	1.02210797e+02	1.02541706e+02	1.02874916e+02	1.03210389e+02	1.03548085e+02	1.03887968e+02	1.04230001e+02	1.04574147e+02	1.04920372e+02	1.05268642e+02	1.05618922e+02	1.05971180e+02	1.06325384e+02	1.06681503e+02	1.07039505e+02	1.07399361e+02	1.07761042e+02	1.08124518e+02	1.08489762e+02	1.08856746e+02	1.09225444e+02	1.09595829e+02	1.09967875e+02	1.10341558e+02	1.10716853e+02	1.11093736e+02	1.11472184e+02	1.11852173e+02	1.12233682e+02	1.12616687e+02	1.13001169e+02	1.13387106e+02	1.13774477e+02	1.14163262e+02
3	6	2.38121162e+02	2.36984307e+02	2.35855373e+02	2.34734345e+02	2.33621207e+02	2.32515942e+02	2.31418527e+02	2.30328940e+02	2.29247156e+02	2.28173147e+02	2.27106883e+02	2.26048330e+02	2.24997454e+02	2.23954214e+02	2.22918570e+02	2.21890478e+02	2.20869888e+02	2.19856751e+02	2.18851011e+02	2.17852611e+02	2.16861489e+02	2.15877579e+02	2.14900812e+02	2.13931115e+02	2.12968411e+02	2.12012619e+02	2.11063653e+02	2.10121424e+02	2.09185837e+02	2.08256795e+02	2.07334195e+02	2.06417931e+02	2.05507891e+02	2.04603961e+02	2.03706022e+02	2.02813951e+02	2.01927622e+02	2.01046906e+02	2.00171670e+02	1.99301779e+02	1.98437096e+02	1.97577483e+02	1.96722801e+02	1.95872910e+02	1.95027672e+02	1.94186950e+02	1.93350610e+02	1.92518522e+02	1.91690561e+02	1.90866608e+02	1.90046553e+02	1.89230296e+02	1.88417747e+02	1.87608830e+02	1.86803483e+02	1.86001661e+02	1.85203338e+02	1.84408508e+02	1.83617188e+02	1.82829419e+02	1.82045268e+02	1.81264828e+02	1.80488222e+02	1.79715603e+02	1.78947155e+02	1.78183093e+02	1.77423664e+02	1.76669148e+02	1.75919855e+02	1.75176127e+02	1.74438334e+02	1.73706875e+02	1.72982177e+02	1.72264687e+02	1.71554877e+02	1.70853235e+02	1.70160266e+02	1.69476485e+02	1.68802417e+02	1.68138592e+02	1.67485540e+02	1.66843790e+02	1.66213864e+02	1.65596276e+02	1.64991527e+02	1.64400104e+02	1.63822475e+02	1.63259086e+02	1.62710364e+02	1.62176709e+02	1.61658496e+02	1.61156073e+02	1.60669761e+02	1.60199850e+02	1.59746605e+02	1.59310257e+02	1.58891013e+02	1.58489048e+02	1.58104513e+02	1.57737528e+02	1.57388190e+02	1.57056568e+02	1.56742708e+02	1.56446634e+02	1.56168348e+02	1.55907828e+02	1.55665037e+02	1.55439918e+02	1.55232396e+02	1.55042382e+02	1.54869772e+02	1.54714448e+02	1.54576281e+02	1.54455130e+02	1.54350845e+02	1.54263264e+02	1.54192221e+02	1.54137539e+02	1.54099038e+02	1.54076529e+02	1.54069821e+02	1.54078716e+02	1.54103015e+02	1.54142515e+02	1.54197011e+02	1.54266295e+02	1.54350158e+02	1.54448392e+02	1.54560784e+02	1.54687127e+02	1.54827207e+02	1.54980818e+02	1.55147748e+02	1.55327789e+02	1.55520736e+02	1.55726382e+02	1.55944523e+02	1.56174958e+02	1.56417486e+02	1.56671908e+02	1.56938030e+02	1.57215657e+02	1.57504597e+02	1.57804663e+02	1.58115668e+02	1.58437427e+02	1.58769761e+02	1.59112490e+02	1.59465439e+02	1.59828434e+02	1.60201306e+02	1.60583887e+02	1.60976013e+02	1.61377521e+02	1.61788252e+02	1.62208050e+02	1.62636762e+02	1.63074236e+02	1.63520325e+02	1.63974882e+02	1.64437767e+02	1.64908837e+02	1.65387957e+02	1.65874991e+02	1.66369807e+02	1.66872277e+02	1.67382271e+02	1.67899667e+02	1.68424342e+02	1.68956177e+02	1.69495054e+02	1.70040859e+02	1.70593479e+02	1.71152803e+02	1.71718725e+02	1.72291137e+02	1.72869938e+02	1.73455025e+02	1.74046299e+02	1.74643663e+02	1.75247021e+02	1.75856282e+02	1.76471353e+02	1.77092146e+02	1.77718572e+02	1.78350548e+02	1.78987988e+02	1.79630811e+02	1.80278938e+02	1.80932289e+02	1.81590789e+02	1.82254361e+02	1.82922934e+02	1.83596434e+02	1.84274792e+02	1.84957938e+02	1.85645807e+02	1.86338332e+02	1.87035448e+02	1.87737093e+02	1.88443205e+02	1.89153724e+02	1.89868591e+02	1.90587748e+02	1.91311140e+02	1.92038710e+02	1.92770406e+02	1.93506173e+02	1.94245961e+02	1.94989720e+02	1.95737398e+02	1.96488950e+02	1.97244326e+02	1.98003481e+02	1.98766370e+02	1.99532948e+02	2.00303172e+02	2.01077000e+02	2.01854390e+02	2.02635301e+02	2.03419694e+02	2.04207531e+02	2.04998772e+02	2.05793381e+02
3	7	2.46129104e+02	2.45044376e+02	2.43966705e+02	2.42896083e+02	2.41832503e+02	2.40775954e+02	2.39726423e+02	2.38683897e+02	2.37648357e+02	2.36619786e+02	2.35598162e+02	2.34583459e+02	2.33575652e+02	2.32574711e+02	2.31580602e+02	2.30593291e+02	2.29612739e+02	2.28638904e+02	2.27671740e+02	2.26711199e+02	2.25757229e+02	2.24809774e+02	2.23868773e+02	2.22934164e+02	2.22005878e+02	2.21083845e+02	2.20167988e+02	2.19258228e+02	2.18354479e+02	2.17456654e+02	2.16564661e+02	2.15678401e+02	2.14797773e+02	2.13922673e+02	2.13052991e+02	2.12188614e+02	2.11329424e+02	2.10475302e+02	2.09626124e+02	2.08781765e+02	2.07942096e+02	2.07106988e+02	2.06276309e+02	2.05449929e+02	2.04627718e+02	2.03809545e+02	2.02995286e+02	2.02184816e+02	2.01378018e+02	2.00574779e+02	1.99774996e+02	1.98978573e+02	1.98185427e+02	1.97395485e+02	1.96608691e+02	1.95825003e+02	1.95044399e+02	1.94266876e+02	1.93492453e+02	1.92721173e+02	1.91953104e+02	1.91188341e+02	1.90427009e+02	1.89669260e+02	1.88915278e+02	1.88165278e+02	1.87419507e+02	1.86678244e+02	1.85941800e+02	1.85210514e+02	1.84484758e+02	1.83764930e+02	1.83051455e+02	1.82344784e+02	1.81645387e+02	1.80953755e+02	1.80270393e+02	1.79595821e+02	1.78930564e+02	1.78275158e+02	1.77630136e+02	1.76996033e+02	1.76373378e+02	1.75762689e+02	1.75164478e+02	1.74579236e+02	1.74007442e+02	1.73449551e+02	1.72906001e+02	1.72377200e+02	1.71863536e+02	1.71365368e+02	1.70883027e+02	1.70416816e+02	1.69967010e+02	1.69533854e+02	1.69117566e+02	1.68718334e+02	1.68336319e+02	1.67971653e+02	1.67624445e+02	1.67294774e+02	1.66982698e+02	1.66688250e+02	1.66411441e+02	1.66152260e+02	1.65910679e+02	1.65686648e+02	1.65480101e+02	1.65290956e+02	1.65119115e+02	1.64964468e+02	1.64826889e+02	1.64706245e+02	1.64602387e+02	1.64515161e+02	1.64444401e+02	1.64389936e+02	1.64351586e+02	1.64329165e+02	1.64322483e+02	1.64331343e+02	1.64355548e+02	1.64394893e+02	1.64449173e+02	1.64518180e+02	1.64601704e+02	1.64699534e+02	1.64811458e+02	1.64937263e+02	1.65076738e+02	1.65229668e+02	1.65395843e+02	1.65575050e+02	1.65767079e+02	1.65971722e+02	1.66188769e+02	1.66418016e+02	1.66659258e+02	1.66912292e+02	1.67176917e+02	1.67452935e+02	1.67740151e+02	1.68038370e+02	1.68347402e+02	1.68667057e+02	1.68997149e+02	1.69337495e+02	1.69687914e+02	1.70048228e+02	1.70418260e+02	1.70797839e+02	1.71186795e+02	1.71584959e+02	1.71992169e+02	1.72408261e+02	1.72833078e+02	1.73266464e+02	1.73708264e+02	1.74158329e+02	1.74616511e+02	1.75082664e+02	1.75556647e+02	1.76038319e+02	1.76527543e+02	1.77024186e+02	1.77528115e+02	1.78039200e+02	1.78557316e+02	1.79082338e+02	1.79614143e+02	1.80152614e+02	1.80697632e+02	1.81249084e+02	1.81806857e+02	1.82370841e+02	1.82940928e+02	1.83517013e+02	1.84098993e+02	1.84686767e+02	1.85280236e+02	1.85879302e+02	1.86483871e+02	1.87093851e+02	1.87709149e+02	1.88329678e+02	1.88955350e+02	1.89586080e+02	1.90221785e+02	1.90862383e+02	1.91507795e+02	1.92157941e+02	1.92812747e+02	1.93472137e+02	1.94136038e+02	1.94804379e+02	1.95477089e+02	1.96154101e+02	1.96835347e+02	1.97520762e+02	1.98210282e+02	1.98903844e+02	1.99601387e+02	2.00302852e+02	2.01008179e+02	2.01717311e+02	2.02430193e+02	2.03146769e+02	2.03866985e+02	2.04590791e+02	2.05318133e+02	2.06048962e+02	2.06783230e+02	2.07520887e+02	2.08261888e+02	2.09006185e+02	2.09753735e+02	2.10504493e+02	2.11258417e+02	2.12015464e+02	2.12775594e+02	2.13538765e+02	2.14304940e+02	2.15074078e+02
4	7	2.46129104e+02	2.45044376e+02	2.43966705e+02	2.42896083e+02	2.41832503e+02	2.40775954e+02	2.39726423e+02	2.38683897e+02	2.37648357e+02	2.36619786e+02	2.35598162e+02	2.34583459e+02	2.33575652e+02	2.32574711e+02	2.31580602e+02	2.30593291e+02	2.29612739e+02	2.28638904e+02	2.27671740e+02	2.26711199e+02	2.25757229e+02	2.24809774e+02	2.23868773e+02	2.22934164e+02	2.22005878e+02	2.21083845e+02	2.20167988e+02	2.19258228e+02	2.18354479e+02	2.17456654e+02	2.16564661e+02	2.15678401e+02	2.14797773e+02	2.13922673e+02	2.13052991e+02	2.12188614e+02	2.11329424e+02	2.10475302e+02	2.09626124e+02	2.08781765e+02	2.07942096e+02	2.07106988e+02	2.06276309e+02	2.05449929e+02	2.04627718e+02	2.03809545e+02	2.02995286e+02	2.02184816e+02	2.01378018e+02	2.00574779e+02	1.99774996e+02	1.98978573e+02	1.98185427e+02	1.97395485e+02	1.96608691e+02	1.95825003e+02	1.95044399e+02	1.94266876e+02	1.93492453e+02	1.92721173e+02	1.91953104e+02	1.91188341e+02	1.90427009e+02	1.89669260e+02	1.88915278e+02	1.88165278e+02	1.87419507e+02	1.86678244e+02	1.85941800e+02	1.85210514e+02	1.84484758e+02	1.83764930e+02	1.83051455e+02	1.82344784e+02	1.81645387e+02	1.80953755e+02	1.80270393e+02	1.79595821e+02	1.78930564e+02	1.78275158e+02	1.77630136e+02	1.76996033e+02	1.76373378e+02	1.75762689e+02	1.75164478e+02	1.74579236e+02	1.74007442e+02	1.73449551e+02	1.72906001e+02	1.72377200e+02	1.71863536e+02	1.71365368e+02	1.70883027e+02	1.70416816e+02	1.69967010e+02	1.69533854e+02	1.69117566e+02	1.68718334e+02	1.68336319e+02	1.67971653e+02	1.67624445e+02	1.67294774e+02	1.66982698e+02	1.66688250e+02	1.66411441e+02	1.66152260e+02	1.65910679e+02	1.65686648e+02	1.65480101e+02	1.65290956e+02	1.65119115e+02	1.64964468e+02	1.64826889e+02	1.64706245e+02	1.64602387e+02	1.64515161e+02	1.64444401e+02	1.64389936e+02	1.64351586e+02	1.64329165e+02	1.64322483e+02	1.64331343e+02	1.64355548e+02	1.64394893e+02	1.64449173e+02	1.64518180e+02	1.64601704e+02	1.64699534e+02	1.64811458e+02	1.64937263e+02	1.65076738e+02	1.65229668e+02	1.65395843e+02	1.65575050e+02	1.65767079e+02	1.65971722e+02	1.66188769e+02	1.66418016e+02	1.66659258e+02	1.66912292e+02	1.67176917e+02	1.67452935e+02	1.67740151e+02	1.68038370e+02	1.68347402e+02	1.68667057e+02	1.68997149e+02	1.69337495e+02	1.69687914e+02	1.70048228e+02	1.70418260e+02	1.70797839e+02	1.71186795e+02	1.71584959e+02	1.71992169e+02	1.72408261e+02	1.72833078e+02	1.73266464e+02	1.73708264e+02	1.74158329e+02	1.74616511e+02	1.75082664e+02	1.75556647e+02	1.76038319e+02	1.76527543e+02	1.77024186e+02	1.77528115e+02	1.78039200e+02	1.78557316e+02	1.79082338e+02	1.79614143e+02	1.80152614e+02	1.80697632e+02	1.81249084e+02	1.81806857e+02	1.82370841e+02	1.82940928e+02	1.83517013e+02	1.84098993e+02	1.84686767e+02	1.85280236e+02	1.85879302e+02	1.86483871e+02	1.87093851e+02	1.87709149e+02	1.88329678e+02	1.88955350e+02	1.89586080e+02	1.90221785e+02	1.90862383e+02	1.91507795e+02	1.92157941e+02	1.92812747e+02	1.93472137e+02	1.94136038e+02	1.94804379e+02	1.95477089e+02	1.96154101e+02	1.96835347e+02	1.97520762e+02	1.98210282e+02	1.98903844e+02	1.99601387e+02	2.00302852e+02	2.01008179e+02	2.01717311e+02	2.02430193e+02	2.03146769e+02	2.03866985e+02	2.04590791e+02	2.05318133e+02	2.06048962e+02	2.06783230e+02	2.07520887e+02	2.08261888e+02	2.09006185e+02	2.09753735e+02	2.10504493e+02	2.11258417e+02	2.12015464e+02	2.12775594e+02	2.13538765e+02	2.14304940e+02	2.15074078e+02
4	9	2.93428471e+02	2.92195161e+02	2.90969578e+02	2.89751716e+02	2.88541572e+02	2.87339138e+02	2.86144402e+02	2.84957354e+02	2.83777977e+02	2.82606254e+02	2.81442164e+02	2.80285683e+02	2.79136785e+02	2.77995440e+02	2.76861615e+02	2.75735273e+02	2.74616374e+02	2.73504874e+02	2.72400725e+02	2.71303876e+02	2.70214271e+02	2.69131850e+02	2.68056548e+02	2.66988296e+02	2.65927022e+02	2.64872647e+02	2.63825087e+02	2.62784255e+02	2.61750058e+02	2.60722399e+02	2.59701175e+02	2.58686277e+02	2.57677593e+02	2.56675007e+02	2.55678395e+02	2.54687631e+02	2.53702584e+02	2.52723120e+02	2.51749099e+02	2.50780380e+02	2.49816819e+02	2.48858268e+02	2.47904582e+02	2.46955611e+02	2.46011209e+02	2.45071228e+02	2.44135526e+02	2.43203964e+02	2.42276407e+02	2.41352729e+02	2.40432812e+02	2.39516547e+02	2.38603841e+02	2.37694611e+02	2.36788794e+02	2.35886344e+02	2.34987237e+02	2.34091470e+02	2.33199068e+02	2.32310080e+02	2.31424588e+02	2.30542703e+02	2.29664568e+02	2.28790363e+02	2.27920302e+02	2.27054635e+02	2.26193650e+02	2.25337671e+02	2.24487059e+02	2.23642211e+02	2.22803558e+02	2.21971565e+02	2.21146727e+02	2.20329569e+02	2.19520641e+02	2.18720513e+02	2.17929778e+02	2.17149040e+02	2.16378917e+02	2.15620033e+02	2.14873013e+02	2.14138483e+02	2.13417064e+02	2.12709366e+02	2.12015986e+02	2.11337505e+02	2.10674485e+02	2.10027465e+02	2.09396957e+02	2.08783449e+02	2.08187395e+02	2.07609223e+02	2.07049326e+02	2.06508065e+02	2.05985767e+02	2.05482727e+02	2.04999204e+02	2.04535427e+02	2.04091590e+02	2.03667855e+02	2.03264354e+02	2.02881190e+02	2.02518434e+02	2.02176133e+02	2.01854305e+02	2.01552944e+02	2.01272022e+02	2.01011486e+02	2.00771266e+02	2.00551269e+02	2.00351386e+02	2.00171491e+02	2.00011444e+02	1.99871090e+02	1.99750261e+02	1.99648777e+02	1.99566449e+02	1.99503078e+02	1.99458456e+02	1.99432368e+02	1.99424593e+02	1.99434903e+02	1.99463066e+02	1.99508845e+02	1.99572000e+02	1.99652289e+02	1.99749465e+02	1.99863282e+02	1.99993492e+02	2.00139845e+02	2.00302091e+02	2.00479981e+02	2.00673266e+02	2.00881696e+02	2.01105026e+02	2.01343007e+02	2.01595397e+02	2.01861950e+02	2.02142427e+02	2.02436589e+02	2.02744198e+02	2.03065021e+02	2.03398825e+02	2.03745383e+02	2.04104467e+02	2.04475855e+02	2.04859326e+02	2.05254663e+02	2.05661651e+02	2.06080080e+02	2.06509742e+02	2.06950432e+02	2.07401948e+02	2.07864092e+02	2.08336669e+02	2.08819488e+02	2.09312360e+02	2.09815100e+02	2.10327526e+02	2.10849458e+02	2.11380723e+02	2.11921146e+02	2.12470560e+02	2.13028798e+02	2.13595697e+02	2.14171098e+02	2.14754844e+02	2.15346781e+02	2.15946759e+02	2.16554630e+02	2.17170249e+02	2.17793475e+02	2.18424168e+02	2.19062192e+02	2.19707414e+02	2.20359703e+02	2.21018931e+02	2.21684973e+02	2.22357707e+02	2.23037011e+02	2.23722768e+02	2.24414864e+02	2.25113184e+02	2.25817620e+02	2.26528063e+02	2.27244407e+02	2.27966549e+02	2.28694388e+02	2.29427824e+02	2.30166761e+02	2.30911105e+02	2.31660761e+02	2.32415641e+02	2.33175654e+02	2.33940715e+02	2.34710738e+02	2.35485640e+02	2.36265340e+02	2.37049759e+02	2.37838820e+02	2.38632446e+02	2.39430562e+02	2.40233097e+02	2.41039980e+02	2.41851140e+02	2.42666511e+02	2.43486025e+02	2.44309618e+02	2.45137227e+02	2.45968789e+02	2.46804243e+02	2.47643531e+02	2.48486595e+02	2.49333376e+02	2.50183821e+02	2.51037875e+02	2.51895485e+02	2.52756599e+02	2.53621166e+02	2.54489136e+02	2.55360462e+02	2.56235096e+02	2.57112991e+02	2.57994103e+02
5	10	3.01372800e+02	3.00164802e+02	2.98964107e+02	2.97770717e+02	2.96584629e+02	2.95405838e+02	2.94234339e+02	2.93070123e+02	2.91913176e+02	2.90763487e+02	2.89621037e+02	2.88485806e+02	2.87357773e+02	2.86236910e+02	2.85123189e+02	2.84016577e+02	2.82917038e+02	2.81824532e+02	2.80739015e+02	2.79660441e+02	2.78588757e+02	2.77523907e+02	2.76465832e+02	2.75414466e+02	2.74369741e+02	2.73331583e+02	2.72299914e+02	2.71274648e+02	2.70255699e+02	2.69242973e+02	2.68236372e+02	2.67235792e+02	2.66241124e+02	2.65252257e+02	2.64269072e+02	2.63291446e+02	2.62319254e+02	2.61352364e+02	2.60390642e+02	2.59433951e+02	2.58482149e+02	2.57535096e+02	2.56592646e+02	2.55654657e+02	2.54720982e+02	2.53791482e+02	2.52866014e+02	2.51944443e+02	2.51026639e+02	2.50112476e+02	2.49201841e+02	2.48294627e+02	2.47390742e+02	2.46490107e+02	2.45592659e+02	2.44698355e+02	2.43807170e+02	2.42919106e+02	2.42034186e+02	2.41152462e+02	2.40274014e+02	2.39398955e+02	2.38527429e+02	2.37659616e+02	2.36795729e+02	2.35936019e+02	2.35080773e+02	2.34230316e+02	2.33385009e+02	2.32545249e+02	2.31711468e+02	2.30884132e+02	2.30063736e+02	2.29250805e+02	2.28445892e+02	2.27649568e+02	2.26862429e+02	2.26085080e+02	2.25318144e+02	2.24562246e+02	2.23818017e+02	2.23086087e+02	2.22367080e+02	2.21661613e+02	2.20970288e+02	2.20293692e+02	2.19632393e+02	2.18986937e+02	2.18357843e+02	2.17745606e+02	2.17150688e+02	2.16573524e+02	2.16014514e+02	2.15474028e+02	2.14952401e+02	2.14449934e+02	2.13966896e+02	2.13503522e+02	2.13060013e+02	2.12636540e+02	2.12233242e+02	2.11850226e+02	2.11487573e+02	2.11145334e+02	2.10823535e+02	2.10522174e+02	2.10241227e+02	2.09980650e+02	2.09740372e+02	2.09520309e+02	2.09320354e+02	2.09140384e+02	2.08980263e+02	2.08839837e+02	2.08718942e+02	2.08617399e+02	2.08535021e+02	2.08471611e+02	2.08426960e+02	2.08400855e+02	2.08393075e+02	2.08403392e+02	2.08431573e+02	2.08477381e+02	2.08540576e+02	2.08620913e+02	2.08718146e+02	2.08832025e+02	2.08962302e+02	2.09108724e+02	2.09271039e+02	2.09448997e+02	2.09642344e+02	2.09850831e+02	2.10074206e+02	2.10312221e+02	2.10564628e+02	2.10831180e+02	2.11111633e+02	2.11405746e+02	2.11713278e+02	2.12033991e+02	2.12367651e+02	2.12714024e+02	2.13072882e+02	2.13443997e+02	2.13827146e+02	2.14222107e+02	2.14628663e+02	2.15046599e+02	2.15475703e+02	2.15915767e+02	2.16366587e+02	2.16827959e+02	2.17299687e+02	2.17781573e+02	2.18273428e+02	2.18775060e+02	2.19286286e+02	2.19806924e+02	2.20336793e+02	2.20875719e+02	2.21423529e+02	2.21980055e+02	2.22545129e+02	2.23118589e+02	2.23700276e+02	2.24290033e+02	2.24887705e+02	2.25493143e+02	2.26106199e+02	2.26726728e+02	2.27354589e+02	2.27989643e+02	2.28631753e+02	2.29280786e+02	2.29936612e+02	2.30599103e+02	2.31268135e+02	2.31943583e+02	2.32625329e+02	2.33313256e+02	2.34007247e+02	2.34707191e+02	2.35412978e+02	2.36124500e+02	2.36841652e+02	2.37564331e+02	2.38292435e+02	2.39025866e+02	2.39764528e+02	2.40508327e+02	2.41257170e+02	2.42010966e+02	2.42769628e+02	2.43533069e+02	2.44301205e+02	2.45073953e+02	2.45851233e+02	2.46632965e+02	2.47419073e+02	2.48209481e+02	2.49004116e+02	2.49802905e+02	2.50605777e+02	2.51412665e+02	2.52223500e+02	2.53038217e+02	2.53856751e+02	2.54679040e+02	2.55505022e+02	2.56334636e+02	2.57167825e+02	2.58004531e+02	2.58844697e+02	2.59688269e+02	2.60535193e+02	2.61385416e+02	2.62238888e+02	2.63095559e+02	2.63955378e+02	2.64818299e+02	2.65684274e+02	2.66553258e+02
4	10	3.01372800e+02	3.00164802e+02	2.98964107e+02	2.97770717e+02	2.96584629e+02	2.95405838e+02	2.94234339e+02	2.93070123e+02	2.91913176e+02	2.90763487e+02	2.89621037e+02	2.88485806e+02	2.87357773e+02	2.86236910e+02	2.85123189e+02	2.84016577e+02	2.82917038e+02	2.81824532e+02	2.80739015e+02	2.79660441e+02	2.78588757e+02	2.77523907e+02	2.76465832e+02	2.75414466e+02	2.74369741e+02	2.73331583e+02	2.72299914e+02	2.71274648e+02	2.70255699e+02	2.69242973e+02	2.68236372e+02	2.67235792e+02	2.66241124e+02	2.65252257e+02	2.64269072e+02	2.63291446e+02	2.62319254e+02	2.61352364e+02	2.60390642e+02	2.59433951e+02	2.58482149e+02	2.57535096e+02	2.56592646e+02	2.55654657e+02	2.54720982e+02	2.53791482e+02	2.52866014e+02	2.51944443e+02	2.51026639e+02	2.50112476e+02	2.49201841e+02	2.48294627e+02	2.47390742e+02	2.46490107e+02	2.45592659e+02	2.44698355e+02	2.43807170e+02	2.42919106e+02	2.42034186e+02	2.41152462e+02	2.40274014e+02	2.39398955e+02	2.38527429e+02	2.37659616e+02	2.36795729e+02	2.35936019e+02	2.35080773e+02	2.34230316e+02	2.33385009e+02	2.32545249e+02	2.31711468e+02	2.30884132e+02	2.30063736e+02	2.29250805e+02	2.28445892e+02	2.27649568e+02	2.26862429e+02	2.26085080e+02	2.25318144e+02	2.24562246e+02	2.23818017e+02	2.23086087e+02	2.22367080e+02	2.21661613e+02	2.20970288e+02	2.20293692e+02	2.19632393e+02	2.18986937e+02	2.18357843e+02	2.17745606e+02	2.17150688e+02	2.16573524e+02	2.16014514e+02	2.15474028e+02	2.14952401e+02	2.14449934e+02	2.13966896e+02	2.13503522e+02	2.13060013e+02	2.12636540e+02	2.12233242e+02	2.11850226e+02	2.11487573e+02	2.11145334e+02	2.10823535e+02	2.10522174e+02	2.10241227e+02	2.09980650e+02	2.09740372e+02	2.09520309e+02	2.09320354e+02	2.09140384e+02	2.08980263e+02	2.08839837e+02	2.08718942e+02	2.08617399e+02	2.08535021e+02	2.08471611e+02	2.08426960e+02	2.08400855e+02	2.08393075e+02	2.08403392e+02	2.08431573e+02	2.08477381e+02	2.08540576e+02	2.08620913e+02	2.08718146e+02	2.08832025e+02	2.08962302e+02	2.09108724e+02	2.09271039e+02	2.09448997e+02	2.09642344e+02	2.09850831e+02	2.10074206e+02	2.10312221e+02	2.10564628e+02	2.10831180e+02	2.11111633e+02	2.11405746e+02	2.11713278e+02	2.12033991e+02	2.12367651e+02	2.12714024e+02	2.13072882e+02	2.13443997e+02	2.13827146e+02	2.14222107e+02	2.14628663e+02	2.15046599e+02	2.15475703e+02	2.15915767e+02	2.16366587e+02	2.16827959e+02	2.17299687e+02	2.17781573e+02	2.18273428e+02	2.18775060e+02	2.19286286e+02	2.19806924e+02	2.20336793e+02	2.20875719e+02	2.21423529e+02	2.21980055e+02	2.22545129e+02	2.23118589e+02	2.23700276e+02	2.24290033e+02	2.24887705e+02	2.25493143e+02	2.26106199e+02	2.26726728e+02	2.27354589e+02	2.27989643e+02	2.28631753e+02	2.29280786e+02	2.29936612e+02	2.30599103e+02	2.31268135e+02	2.31943583e+02	2.32625329e+02	2.33313256e+02	2.34007247e+02	2.34707191e+02	2.35412978e+02	2.36124500e+02	2.36841652e+02	2.37564331e+02	2.38292435e+02	2.39025866e+02	2.39764528e+02	2.40508327e+02	2.41257170e+02	2.42010966e+02	2.42769628e+02	2.43533069e+02	2.44301205e+02	2.45073953e+02	2.45851233e+02	2.46632965e+02	2.47419073e+02	2.48209481e+02	2.49004116e+02	2.49802905e+02	2.50605777e+02	2.51412665e+02	2.52223500e+02	2.53038217e+02	2.53856751e+02	2.54679040e+02	2.55505022e+02	2.56334636e+02	2.57167825e+02	2.58004531e+02	2.58844697e+02	2.59688269e+02	2.60535193e+02	2.61385416e+02	2.62238888e+02	2.63095559e+02	2.63955378e+02	2.64818299e+02	2.65684274e+02	2.66553258e+02
5	11	3.11851191e+02	3.10644927e+02	3.09445776e+02	3.08253741e+02	3.07068821e+02	3.05891014e+02	3.04720317e+02	3.03556721e+02	3.02400218e+02	3.01250795e+02	3.00108439e+02	2.98973130e+02	2.97844849e+02	2.96723571e+02	2.95609270e+02	2.94501915e+02	2.93401473e+02	2.92307905e+02	2.91221170e+02	2.90141222e+02	2.89068012e+02	2.88001487e+02	2.86941588e+02	2.85888252e+02	2.84841413e+02	2.83800998e+02	2.82766931e+02	2.81739130e+02	2.80717508e+02	2.79701973e+02	2.78692430e+02	2.77688775e+02	2.76690904e+02	2.75698703e+02	2.74712056e+02	2.73730843e+02	2.72754937e+02	2.71784210e+02	2.70818527e+02	2.69857753e+02	2.68901748e+02	2.67950370e+02	2.67003476e+02	2.66060922e+02	2.65122566e+02	2.64188264e+02	2.63257877e+02	2.62331270e+02	2.61408313e+02	2.60488880e+02	2.59572857e+02	2.58660140e+02	2.57750634e+02	2.56844263e+02	2.55940964e+02	2.55040693e+02	2.54143428e+02	2.53249168e+02	2.52357940e+02	2.51469796e+02	2.50584819e+02	2.49703122e+02	2.48824851e+02	2.47950188e+02	2.47079350e+02	2.46212591e+02	2.45350202e+02	2.44492512e+02	2.43639886e+02	2.42792727e+02	2.41951472e+02	2.41116594e+02	2.40288595e+02	2.39468008e+02	2.38655392e+02	2.37851331e+02	2.37056425e+02	2.36271293e+02	2.35496565e+02	2.34732878e+02	2.33980875e+02	2.33241195e+02	2.32514475e+02	2.31801343e+02	2.31102413e+02	2.30418284e+02	2.29749537e+02	2.29096727e+02	2.28460388e+02	2.27841024e+02	2.27239110e+02	2.26655091e+02	2.26089379e+02	2.25542354e+02	2.25014359e+02	2.24505707e+02	2.24016675e+02	2.23547507e+02	2.23098411e+02	2.22669567e+02	2.22261118e+02	2.21873181e+02	2.21505841e+02	2.21159153e+02	2.20833149e+02	2.20527830e+02	2.20243178e+02	2.19979148e+02	2.19735676e+02	2.19512675e+02	2.19310042e+02	2.19127656e+02	2.18965379e+02	2.18823057e+02	2.18700527e+02	2.18597609e+02	2.18514114e+02	2.18449842e+02	2.18404584e+02	2.18378124e+02	2.18370238e+02	2.18380695e+02	2.18409260e+02	2.18455691e+02	2.18519744e+02	2.18601171e+02	2.18699720e+02	2.18815140e+02	2.18947175e+02	2.19095569e+02	2.19260066e+02	2.19440409e+02	2.19636341e+02	2.19847605e+02	2.20073946e+02	2.20315110e+02	2.20570843e+02	2.20840894e+02	2.21125013e+02	2.21422952e+02	2.21734466e+02	2.22059311e+02	2.22397247e+02	2.22748036e+02	2.23111443e+02	2.23487235e+02	2.23875182e+02	2.24275059e+02	2.24686642e+02	2.25109711e+02	2.25544049e+02	2.25989442e+02	2.26445681e+02	2.26912557e+02	2.27389868e+02	2.27877412e+02	2.28374994e+02	2.28882419e+02	2.29399497e+02	2.29926041e+02	2.30461868e+02	2.31006797e+02	2.31560651e+02	2.32123256e+02	2.32694443e+02	2.33274044e+02	2.33861894e+02	2.34457834e+02	2.35061704e+02	2.35673352e+02	2.36292625e+02	2.36919374e+02	2.37553455e+02	2.38194724e+02	2.38843042e+02	2.39498273e+02	2.40160282e+02	2.40828938e+02	2.41504113e+02	2.42185680e+02	2.42873518e+02	2.43567505e+02	2.44267524e+02	2.44973459e+02	2.45685198e+02	2.46402630e+02	2.47125647e+02	2.47854143e+02	2.48588015e+02	2.49327162e+02	2.50071485e+02	2.50820887e+02	2.51575274e+02	2.52334553e+02	2.53098634e+02	2.53867428e+02	2.54640850e+02	2.55418814e+02	2.56201238e+02	2.56988041e+02	2.57779144e+02	2.58574470e+02	2.59373944e+02	2.60177492e+02	2.60985042e+02	2.61796523e+02	2.62611867e+02	2.63431006e+02	2.64253875e+02	2.65080409e+02	2.65910546e+02	2.66744224e+02	2.67581384e+02	2.68421966e+02	2.69265914e+02	2.70113171e+02	2.70963682e+02	2.71817396e+02	2.72674258e+02	2.73534218e+02	2.74397227e+02	2.75263235e+02	2.76132194e+02	2.77004059e+02
6	12	3.32257226e+02	3.30989239e+02	3.29728661e+02	3.28475495e+02	3.27229743e+02	3.25991402e+02	3.24760469e+02	3.23536937e+02	3.22320797e+02	3.21112038e+02	3.19910644e+02	3.18716598e+02	3.17529878e+02	3.16350461e+02	3.15178319e+02	3.14013421e+02	3.12855732e+02	3.11705212e+02	3.10561819e+02	3.09425507e+02	3.08296223e+02	3.07173912e+02	3.06058513e+02	3.04949962e+02	3.03848189e+02	3.02753117e+02	3.01664669e+02	3.00582757e+02	2.99507292e+02	2.98438178e+02	2.97375314e+02	2.96318593e+02	2.95267904e+02	2.94223129e+02	2.93184148e+02	2.92150832e+02	2.91123051e+02	2.90100668e+02	2.89083544e+02	2.88071536e+02	2.87064496e+02	2.86062277e+02	2.85064728e+02	2.84071697e+02	2.83083036e+02	2.82098593e+02	2.81118224e+02	2.80141783e+02	2.79169136e+02	2.78200151e+02	2.77234708e+02	2.76272695e+02	2.75314017e+02	2.74358590e+02	2.73406349e+02	2.72457249e+02	2.71511266e+02	2.70568400e+02	2.69628679e+02	2.68692158e+02	2.67758925e+02	2.66829100e+02	2.65902837e+02	2.64980328e+02	2.64061803e+02	2.63147529e+02	2.62237815e+02	2.61333007e+02	2.60433493e+02	2.59539696e+02	2.58652080e+02	2.57771144e+02	2.56897419e+02	2.56031468e+02	2.55173883e+02	2.54325279e+02	2.53486294e+02	2.52657580e+02	2.51839805e+02	2.51033643e+02	2.50239772e+02	2.49458872e+02	2.48691615e+02	2.47938667e+02	2.47200677e+02	2.46478282e+02	2.45772094e+02	2.45082706e+02	2.44410679e+02	2.43756551e+02	2.43120826e+02	2.42503974e+02	2.41906435e+02	2.41328609e+02	2.40770866e+02	2.40233534e+02	2.39716911e+02	2.39221254e+02	2.38746788e+02	2.38293702e+02	2.37862152e+02	2.37452262e+02	2.37064123e+02	2.36697797e+02	2.36353317e+02	2.36030688e+02	2.35729890e+02	2.35450879e+02	2.35193587e+02	2.34957925e+02	2.34743783e+02	2.34551035e+02	2.34379537e+02	2.34229127e+02	2.34099631e+02	2.33990861e+02	2.33902618e+02	2.33834691e+02	2.33786859e+02	2.33758895e+02	2.33750560e+02	2.33761612e+02	2.33791801e+02	2.33840873e+02	2.33908568e+02	2.33994625e+02	2.34098778e+02	2.34220759e+02	2.34360299e+02	2.34517126e+02	2.34690968e+02	2.34881554e+02	2.35088612e+02	2.35311870e+02	2.35551057e+02	2.35805903e+02	2.36076140e+02	2.36361501e+02	2.36661722e+02	2.36976540e+02	2.37305694e+02	2.37648926e+02	2.38005982e+02	2.38376608e+02	2.38760555e+02	2.39157578e+02	2.39567431e+02	2.39989875e+02	2.40424673e+02	2.40871591e+02	2.41330400e+02	2.41800872e+02	2.42282785e+02	2.42775918e+02	2.43280055e+02	2.43794983e+02	2.44320494e+02	2.44856382e+02	2.45402445e+02	2.45958484e+02	2.46524304e+02	2.47099715e+02	2.47684528e+02	2.48278558e+02	2.48881626e+02	2.49493552e+02	2.50114164e+02	2.50743290e+02	2.51380763e+02	2.52026419e+02	2.52680097e+02	2.53341639e+02	2.54010891e+02	2.54687701e+02	2.55371922e+02	2.56063407e+02	2.56762016e+02	2.57467608e+02	2.58180047e+02	2.58899201e+02	2.59624937e+02	2.60357129e+02	2.61095652e+02	2.61840382e+02	2.62591200e+02	2.63347990e+02	2.64110636e+02	2.64879026e+02	2.65653050e+02	2.66432602e+02	2.67217576e+02	2.68007870e+02	2.68803384e+02	2.69604018e+02	2.70409679e+02	2.71220270e+02	2.72035702e+02	2.72855885e+02	2.73680730e+02	2.74510153e+02	2.75344069e+02	2.76182396e+02	2.77025056e+02	2.77871969e+02	2.78723060e+02	2.79578253e+02	2.80437476e+02	2.81300657e+02	2.82167727e+02	2.83038618e+02	2.83913263e+02	2.84791598e+02	2.85673558e+02	2.86559082e+02	2.87448108e+02	2.88340579e+02	2.89236435e+02	2.90135621e+02	2.91038081e+02	2.91943760e+02	2.92852607e+02	2.93764570e+02	2.94679597e+02	2.95597641e+02
6	13	3.40330108e+02	3.39071408e+02	3.37819915e+02	3.36575632e+02	3.35338561e+02	3.34108703e+02	3.32886056e+02	3.31670614e+02	3.30462371e+02	3.29261316e+02	3.28067436e+02	3.26880716e+02	3.25701136e+02	3.24528674e+02	3.23363305e+02	3.22204998e+02	3.21053720e+02	3.19909436e+02	3.18772103e+02	3.17641678e+02	3.16518109e+02	3.15401345e+02	3.14291325e+02	3.13187988e+02	3.12091265e+02	3.11001082e+02	3.09917363e+02	3.08840023e+02	3.07768975e+02	3.06704124e+02	3.05645371e+02	3.04592612e+02	3.03545737e+02	3.02504630e+02	3.01469172e+02	3.00439237e+02	2.99414696e+02	2.98395415e+02	2.97381255e+02	2.96372074e+02	2.95367728e+02	2.94368070e+02	2.93372951e+02	2.92382221e+02	2.91395730e+02	2.90413332e+02	2.89434880e+02	2.88460232e+02	2.87489253e+02	2.86521813e+02	2.85557793e+02	2.84597082e+02	2.83639585e+02	2.82685218e+02	2.81733919e+02	2.80785641e+02	2.79840362e+02	2.78898083e+02	2.77958831e+02	2.77022663e+02	2.76089667e+02	2.75159963e+02	2.74233707e+02	2.73311091e+02	2.72392345e+02	2.71477739e+02	2.70567582e+02	2.69662221e+02	2.68762046e+02	2.67867482e+02	2.66978995e+02	2.66097086e+02	2.65222289e+02	2.64355170e+02	2.63496324e+02	2.62646370e+02	2.61805949e+02	2.60975718e+02	2.60156349e+02	2.59348521e+02	2.58552918e+02	2.57770224e+02	2.57001119e+02	2.56246271e+02	2.55506340e+02	2.54781965e+02	2.54073768e+02	2.53382345e+02	2.52708268e+02	2.52052079e+02	2.51414288e+02	2.50795373e+02	2.50195781e+02	2.49615918e+02	2.49056160e+02	2.48516842e+02	2.47998267e+02	2.47500699e+02	2.47024368e+02	2.46569468e+02	2.46136162e+02	2.45724576e+02	2.45334807e+02	2.44966921e+02	2.44620954e+02	2.44296917e+02	2.43994791e+02	2.43714535e+02	2.43456084e+02	2.43219351e+02	2.43004229e+02	2.42810593e+02	2.42638298e+02	2.42487186e+02	2.42357084e+02	2.42247802e+02	2.42159142e+02	2.42090894e+02	2.42042835e+02	2.42014738e+02	2.42006363e+02	2.42017468e+02	2.42047800e+02	2.42097105e+02	2.42165121e+02	2.42251584e+02	2.42356227e+02	2.42478780e+02	2.42618971e+02	2.42776526e+02	2.42951171e+02	2.43142632e+02	2.43350633e+02	2.43574901e+02	2.43815161e+02	2.44071140e+02	2.44342568e+02	2.44629174e+02	2.44930691e+02	2.45246852e+02	2.45577395e+02	2.45922057e+02	2.46280580e+02	2.46652709e+02	2.47038190e+02	2.47436774e+02	2.47848214e+02	2.48272267e+02	2.48708692e+02	2.49157253e+02	2.49617715e+02	2.50089850e+02	2.50573430e+02	2.51068233e+02	2.51574040e+02	2.52090633e+02	2.52617803e+02	2.53155339e+02	2.53703037e+02	2.54260695e+02	2.54828116e+02	2.55405106e+02	2.55991473e+02	2.56587030e+02	2.57191595e+02	2.57804986e+02	2.58427027e+02	2.59057545e+02	2.59696370e+02	2.60343335e+02	2.60998277e+02	2.61661036e+02	2.62331455e+02	2.63009381e+02	2.63694663e+02	2.64387154e+02	2.65086710e+02	2.65793190e+02	2.66506454e+02	2.67226369e+02	2.67952801e+02	2.68685621e+02	2.69424702e+02	2.70169919e+02	2.70921152e+02	2.71678282e+02	2.72441193e+02	2.73209770e+02	2.73983902e+02	2.74763482e+02	2.75548403e+02	2.76338560e+02	2.77133853e+02	2.77934182e+02	2.78739449e+02	2.79549560e+02	2.80364423e+02	2.81183946e+02	2.82008040e+02	2.82836620e+02	2.83669601e+02	2.84506899e+02	2.85348435e+02	2.86194128e+02	2.87043903e+02	2.87897683e+02	2.88755394e+02	2.89616965e+02	2.90482326e+02	2.91351408e+02	2.92224143e+02	2.93100465e+02	2.93980312e+02	2.94863620e+02	2.95750329e+02	2.96640377e+02	2.97533708e+02	2.98430264e+02	2.99329988e+02	3.00232828e+02	3.01138730e+02	3.02047641e+02	3.02959511e+02	3.03874290e+02
7	14	3.73958565e+02	3.72559967e+02	3.71169434e+02	3.69786969e+02	3.68412575e+02	3.67046252e+02	3.65687996e+02	3.64337801e+02	3.62995658e+02	3.61661556e+02	3.60335480e+02	3.59017411e+02	3.57707327e+02	3.56405203e+02	3.55111010e+02	3.53824714e+02	3.52546278e+02	3.51275660e+02	3.50012815e+02	3.48757691e+02	3.47510233e+02	3.46270381e+02	3.45038069e+02	3.43813226e+02	3.42595777e+02	3.41385640e+02	3.40182726e+02	3.38986945e+02	3.37798195e+02	3.36616373e+02	3.35441369e+02	3.34273065e+02	3.33111339e+02	3.31956063e+02	3.30807102e+02	3.29664319e+02	3.28527567e+02	3.27396699e+02	3.26271559e+02	3.25151991e+02	3.24037833e+02	3.22928921e+02	3.21825090e+02	3.20726174e+02	3.19632007e+02	3.18542425e+02	3.17457264e+02	3.16376369e+02	3.15299587e+02	3.14226776e+02	3.13157801e+02	3.12092542e+02	3.11030891e+02	3.09972756e+02	3.08918066e+02	3.07866772e+02	3.06818847e+02	3.05774292e+02	3.04733138e+02	3.03695446e+02	3.02661315e+02	3.01630877e+02	3.00604305e+02	2.99581812e+02	2.98563652e+02	2.97550123e+02	2.96541568e+02	2.95538371e+02	2.94540963e+02	2.93549816e+02	2.92565444e+02	2.91588401e+02	2.90619280e+02	2.89658705e+02	2.88707335e+02	2.87765855e+02	2.86834974e+02	2.85915418e+02	2.85007930e+02	2.84113260e+02	2.83232166e+02	2.82365403e+02	2.81513721e+02	2.80677861e+02	2.79858549e+02	2.79056493e+02	2.78272378e+02	2.77506864e+02	2.76760581e+02	2.76034127e+02	2.75328065e+02	2.74642924e+02	2.73979193e+02	2.73337322e+02	2.72717725e+02	2.72120771e+02	2.71546792e+02	2.70996080e+02	2.70468887e+02	2.69965426e+02	2.69485875e+02	2.69030374e+02	2.68599026e+02	2.68191904e+02	2.67809048e+02	2.67450464e+02	2.67116134e+02	2.66806011e+02	2.66520020e+02	2.66258065e+02	2.66020026e+02	2.65805764e+02	2.65615120e+02	2.65447915e+02	2.65303958e+02	2.65183040e+02	2.65084941e+02	2.65009426e+02	2.64956251e+02	2.64925162e+02	2.64915896e+02	2.64928183e+02	2.64961744e+02	2.65016298e+02	2.65091556e+02	2.65187225e+02	2.65303010e+02	2.65438614e+02	2.65593734e+02	2.65768069e+02	2.65961317e+02	2.66173173e+02	2.66403334e+02	2.66651497e+02	2.66917360e+02	2.67200621e+02	2.67500982e+02	2.67818144e+02	2.68151811e+02	2.68501691e+02	2.68867491e+02	2.69248924e+02	2.69645705e+02	2.70057552e+02	2.70484185e+02	2.70925329e+02	2.71380711e+02	2.71850064e+02	2.72333122e+02	2.72829624e+02	2.73339312e+02	2.73861933e+02	2.74397237e+02	2.74944978e+02	2.75504915e+02	2.76076809e+02	2.76660427e+02	2.77255538e+02	2.77861917e+02	2.78479341e+02	2.79107592e+02	2.79746456e+02	2.80395723e+02	2.81055187e+02	2.81724645e+02	2.82403898e+02	2.83092751e+02	2.83791014e+02	2.84498499e+02	2.85215022e+02	2.85940403e+02	2.86674467e+02	2.87417039e+02	2.88167952e+02	2.88927038e+02	2.89694136e+02	2.90469086e+02	2.91251733e+02	2.92041924e+02	2.92839510e+02	2.93644344e+02	2.94456285e+02	2.95275192e+02	2.96100927e+02	2.96933358e+02	2.97772353e+02	2.98617784e+02	2.99469525e+02	3.00327454e+02	3.01191451e+02	3.02061399e+02	3.02937183e+02	3.03818692e+02	3.04705814e+02	3.05598444e+02	3.06496476e+02	3.07399809e+02	3.08308341e+02	3.09221976e+02	3.10140617e+02	3.11064171e+02	3.11992548e+02	3.12925656e+02	3.13863410e+02	3.14805725e+02	3.15752515e+02	3.16703702e+02	3.17659204e+02	3.18618945e+02	3.19582848e+02	3.20550839e+02	3.21522846e+02	3.22498797e+02	3.23478624e+02	3.24462260e+02	3.25449637e+02	3.26440692e+02	3.27435362e+02	3.28433584e+02	3.29435299e+02	3.30440449e+02	3.31448974e+02	3.32460820e+02	3.33475932e+02
6	14	3.73958565e+02	3.72559967e+02	3.71169434e+02	3.69786969e+02	3.68412575e+02	3.67046252e+02	3.65687996e+02	3.64337801e+02	3.62995658e+02	3.61661556e+02	3.60335480e+02	3.59017411e+02	3.57707327e+02	3.56405203e+02	3.55111010e+02	3.53824714e+02	3.52546278e+02	3.51275660e+02	3.50012815e+02	3.48757691e+02	3.47510233e+02	3.46270381e+02	3.45038069e+02	3.43813226e+02	3.42595777e+02	3.41385640e+02	3.40182726e+02	3.38986945e+02	3.37798195e+02	3.36616373e+02	3.35441369e+02	3.34273065e+02	3.33111339e+02	3.31956063e+02	3.30807102e+02	3.29664319e+02	3.28527567e+02	3.27396699e+02	3.26271559e+02	3.25151991e+02	3.24037833e+02	3.22928921e+02	3.21825090e+02	3.20726174e+02	3.19632007e+02	3.18542425e+02	3.17457264e+02	3.16376369e+02	3.15299587e+02	3.14226776e+02	3.13157801e+02	3.12092542e+02	3.11030891e+02	3.09972756e+02	3.08918066e+02	3.07866772e+02	3.06818847e+02	3.05774292e+02	3.04733138e+02	3.03695446e+02	3.02661315e+02	3.01630877e+02	3.00604305e+02	2.99581812e+02	2.98563652e+02	2.97550123e+02	2.96541568e+02	2.95538371e+02	2.94540963e+02	2.93549816e+02	2.92565444e+02	2.91588401e+02	2.90619280e+02	2.89658705e+02	2.88707335e+02	2.87765855e+02	2.86834974e+02	2.85915418e+02	2.85007930e+02	2.84113260e+02	2.83232166e+02	2.82365403e+02	2.81513721e+02	2.80677861e+02	2.79858549e+02	2.79056493e+02	2.78272378e+02	2.77506864e+02	2.76760581e+02	2.76034127e+02	2.75328065e+02	2.74642924e+02	2.73979193e+02	2.73337322e+02	2.72717725e+02	2.72120771e+02	2.71546792e+02	2.70996080e+02	2.70468887e+02	2.69965426e+02	2.69485875e+02	2.69030374e+02	2.68599026e+02	2.68191904e+02	2.67809048e+02	2.67450464e+02	2.67116134e+02	2.66806011e+02	2.66520020e+02	2.66258065e+02	2.66020026e+02	2.65805764e+02	2.65615120e+02	2.65447915e+02	2.65303958e+02	2.65183040e+02	2.65084941e+02	2.65009426e+02	2.64956251e+02	2.64925162e+02	2.64915896e+02	2.64928183e+02	2.64961744e+02	2.65016298e+02	2.65091556e+02	2.65187225e+02	2.65303010e+02	2.65438614e+02	2.65593734e+02	2.65768069e+02	2.65961317e+02	2.66173173e+02	2.66403334e+02	2.66651497e+02	2.66917360e+02	2.67200621e+02	2.67500982e+02	2.67818144e+02	2.68151811e+02	2.68501691e+02	2.68867491e+02	2.69248924e+02	2.69645705e+02	2.70057552e+02	2.70484185e+02	2.70925329e+02	2.71380711e+02	2.71850064e+02	2.72333122e+02	2.72829624e+02	2.73339312e+02	2.73861933e+02	2.74397237e+02	2.74944978e+02	2.75504915e+02	2.76076809e+02	2.76660427e+02	2.77255538e+02	2.77861917e+02	2.78479341e+02	2.79107592e+02	2.79746456e+02	2.80395723e+02	2.81055187e+02	2.81724645e+02	2.82403898e+02	2.83092751e+02	2.83791014e+02	2.84498499e+02	2.85215022e+02	2.85940403e+02	2.86674467e+02	2.87417039e+02	2.88167952e+02	2.88927038e+02	2.89694136e+02	2.90469086e+02	2.91251733e+02	2.92041924e+02	2.92839510e+02	2.93644344e+02	2.94456285e+02	2.95275192e+02	2.96100927e+02	2.96933358e+02	2.97772353e+02	2.98617784e+02	2.99469525e+02	3.00327454e+02	3.01191451e+02	3.02061399e+02	3.02937183e+02	3.03818692e+02	3.04705814e+02	3.05598444e+02	3.06496476e+02	3.07399809e+02	3.08308341e+02	3.09221976e+02	3.10140617e+02	3.11064171e+02	3.11992548e+02	3.12925656e+02	3.13863410e+02	3.14805725e+02	3.15752515e+02	3.16703702e+02	3.17659204e+02	3.18618945e+02	3.19582848e+02	3.20550839e+02	3.21522846e+02	3.22498797e+02	3.23478624e+02	3.24462260e+02	3.25449637e+02	3.26440692e+02	3.27435362e+02	3.28433584e+02	3.29435299e+02	3.30440449e+02	3.31448974e+02	3.32460820e+02	3.33475932e+02
7	15	3.91073799e+02	3.89630709e+02	3.88195869e+02	3.86769283e+02	3.85350955e+02	3.83940885e+02	3.82539070e+02	3.81145505e+02	3.79760182e+02	3.78383089e+02	3.77014212e+02	3.75653532e+02	3.74301028e+02	3.72956673e+02	3.71620440e+02	3.70292294e+02	3.68972197e+02	3.67660107e+02	3.66355978e+02	3.65059757e+02	3.63771390e+02	3.62490812e+02	3.61217959e+02	3.59952758e+02	3.58695130e+02	3.57444993e+02	3.56202256e+02	3.54966825e+02	3.53738598e+02	3.52517467e+02	3.51303319e+02	3.50096035e+02	3.48895488e+02	3.47701547e+02	3.46514073e+02	3.45332924e+02	3.44157950e+02	3.42988999e+02	3.41825911e+02	3.40668524e+02	3.39516672e+02	3.38370187e+02	3.37228898e+02	3.36092633e+02	3.34961221e+02	3.33834492e+02	3.32712280e+02	3.31594422e+02	3.30480763e+02	3.29371153e+02	3.28265456e+02	3.27163545e+02	3.26065311e+02	3.24970658e+02	3.23879514e+02	3.22791827e+02	3.21707570e+02	3.20626744e+02	3.19549382e+02	3.18475548e+02	3.17405342e+02	3.16338904e+02	3.15276411e+02	3.14218085e+02	3.13164189e+02	3.12115033e+02	3.11070971e+02	3.10032402e+02	3.08999772e+02	3.07973571e+02	3.06954332e+02	3.05942630e+02	3.04939079e+02	3.03944327e+02	3.02959057e+02	3.01983979e+02	3.01019830e+02	3.00067363e+02	2.99127350e+02	2.98200569e+02	2.97287806e+02	2.96389846e+02	2.95507468e+02	2.94641441e+02	2.93792521e+02	2.92961443e+02	2.92148919e+02	2.91355635e+02	2.90582246e+02	2.89829375e+02	2.89097608e+02	2.88387495e+02	2.87699546e+02	2.87034230e+02	2.86391977e+02	2.85773174e+02	2.85178167e+02	2.84607260e+02	2.84060717e+02	2.83538763e+02	2.83041581e+02	2.82569321e+02	2.82122091e+02	2.81699969e+02	2.81302996e+02	2.80931184e+02	2.80584512e+02	2.80262934e+02	2.79966376e+02	2.79694736e+02	2.79447894e+02	2.79225705e+02	2.79028004e+02	2.78854609e+02	2.78705321e+02	2.78579925e+02	2.78478191e+02	2.78399878e+02	2.78344733e+02	2.78312492e+02	2.78302882e+02	2.78315624e+02	2.78350430e+02	2.78407005e+02	2.78485051e+02	2.78584265e+02	2.78704339e+02	2.78844963e+02	2.79005827e+02	2.79186615e+02	2.79387013e+02	2.79606705e+02	2.79845376e+02	2.80102712e+02	2.80378397e+02	2.80672119e+02	2.80983566e+02	2.81312428e+02	2.81658398e+02	2.82021170e+02	2.82400442e+02	2.82795914e+02	2.83207289e+02	2.83634273e+02	2.84076577e+02	2.84533913e+02	2.85005998e+02	2.85492552e+02	2.85993300e+02	2.86507969e+02	2.87036292e+02	2.87578004e+02	2.88132846e+02	2.88700562e+02	2.89280899e+02	2.89873610e+02	2.90478452e+02	2.91095184e+02	2.91723571e+02	2.92363383e+02	2.93014392e+02	2.93676375e+02	2.94349112e+02	2.95032390e+02	2.95725997e+02	2.96429727e+02	2.97143376e+02	2.97866745e+02	2.98599640e+02	2.99341868e+02	3.00093244e+02	3.00853582e+02	3.01622703e+02	3.02400431e+02	3.03186592e+02	3.03981019e+02	3.04783544e+02	3.05594007e+02	3.06412248e+02	3.07238111e+02	3.08071445e+02	3.08912102e+02	3.09759934e+02	3.10614800e+02	3.11476561e+02	3.12345079e+02	3.13220223e+02	3.14101860e+02	3.14989863e+02	3.15884109e+02	3.16784474e+02	3.17690839e+02	3.18603089e+02	3.19521108e+02	3.20444785e+02	3.21374011e+02	3.22308681e+02	3.23248689e+02	3.24193934e+02	3.25144316e+02	3.26099739e+02	3.27060107e+02	3.28025328e+02	3.28995311e+02	3.29969967e+02	3.30949210e+02	3.31932955e+02	3.32921120e+02	3.33913623e+02	3.34910386e+02	3.35911332e+02	3.36916386e+02	3.37925474e+02	3.38938524e+02	3.39955466e+02	3.40976231e+02	3.42000752e+02	3.43028965e+02	3.44060805e+02	3.45096209e+02	3.46135116e+02	3.47177468e+02	3.48223205e+02	3.49272272e+02
8	16	4.22711456e+02	4.21140151e+02	4.19577870e+02	4.18024619e+02	4.16480401e+02	4.14945215e+02	4.13419058e+02	4.11901924e+02	4.10393804e+02	4.08894684e+02	4.07404548e+02	4.05923376e+02	4.04451144e+02	4.02987823e+02	4.01533380e+02	4.00087780e+02	3.98650980e+02	3.97222935e+02	3.95803591e+02	3.94392894e+02	3.92990780e+02	3.91597184e+02	3.90212030e+02	3.88835241e+02	3.87466731e+02	3.86106408e+02	3.84754175e+02	3.83409928e+02	3.82073556e+02	3.80744941e+02	3.79423960e+02	3.78110482e+02	3.76804369e+02	3.75505478e+02	3.74213658e+02	3.72928753e+02	3.71650601e+02	3.70379035e+02	3.69113882e+02	3.67854964e+02	3.66602100e+02	3.65355108e+02	3.64113801e+02	3.62877992e+02	3.61647496e+02	3.60422126e+02	3.59201702e+02	3.57986046e+02	3.56774989e+02	3.55568369e+02	3.54366037e+02	3.53167855e+02	3.51973704e+02	3.50783481e+02	3.49597105e+02	3.48414520e+02	3.47235698e+02	3.46060639e+02	3.44889378e+02	3.43721986e+02	3.42558570e+02	3.41399283e+02	3.40244317e+02	3.39093913e+02	3.37948357e+02	3.36807985e+02	3.35673181e+02	3.34544381e+02	3.33422066e+02	3.32306771e+02	3.31199073e+02	3.30099597e+02	3.29009008e+02	3.27928013e+02	3.26857351e+02	3.25797795e+02	3.24750142e+02	3.23715211e+02	3.22693840e+02	3.21686873e+02	3.20695163e+02	3.19719562e+02	3.18760915e+02	3.17820057e+02	3.16897806e+02	3.15994960e+02	3.15112293e+02	3.14250547e+02	3.13410432e+02	3.12592624e+02	3.11797759e+02	3.11026430e+02	3.10279192e+02	3.09556553e+02	3.08858977e+02	3.08186885e+02	3.07540649e+02	3.06920599e+02	3.06327021e+02	3.05760157e+02	3.05220206e+02	3.04707326e+02	3.04221638e+02	3.03763222e+02	3.03332124e+02	3.02928353e+02	3.02551889e+02	3.02202679e+02	3.01880640e+02	3.01585665e+02	3.01317619e+02	3.01076345e+02	3.00861665e+02	3.00673380e+02	3.00511272e+02	3.00375108e+02	3.00264639e+02	3.00179602e+02	3.00119722e+02	3.00084713e+02	3.00074278e+02	3.00088114e+02	3.00125908e+02	3.00187341e+02	3.00272088e+02	3.00379820e+02	3.00510205e+02	3.00662906e+02	3.00837583e+02	3.01033898e+02	3.01251508e+02	3.01490071e+02	3.01749246e+02	3.02028690e+02	3.02328062e+02	3.02647024e+02	3.02985237e+02	3.03342366e+02	3.03718077e+02	3.04112039e+02	3.04523924e+02	3.04953408e+02	3.05400167e+02	3.05863885e+02	3.06344246e+02	3.06840939e+02	3.07353659e+02	3.07882100e+02	3.08425966e+02	3.08984960e+02	3.09558793e+02	3.10147178e+02	3.10749834e+02	3.11366483e+02	3.11996853e+02	3.12640675e+02	3.13297685e+02	3.13967623e+02	3.14650235e+02	3.15345270e+02	3.16052481e+02	3.16771629e+02	3.17502474e+02	3.18244784e+02	3.18998331e+02	3.19762891e+02	3.20538243e+02	3.21324173e+02	3.22120468e+02	3.22926922e+02	3.23743332e+02	3.24569498e+02	3.25405225e+02	3.26250323e+02	3.27104604e+02	3.27967886e+02	3.28839987e+02	3.29720734e+02	3.30609954e+02	3.31507478e+02	3.32413141e+02	3.33326783e+02	3.34248246e+02	3.35177374e+02	3.36114018e+02	3.37058029e+02	3.38009263e+02	3.38967578e+02	3.39932836e+02	3.40904901e+02	3.41883642e+02	3.42868930e+02	3.43860637e+02	3.44858640e+02	3.45862818e+02	3.46873054e+02	3.47889232e+02	3.48911238e+02	3.49938963e+02	3.50972298e+02	3.52011139e+02	3.53055382e+02	3.54104927e+02	3.55159676e+02	3.56219532e+02	3.57284401e+02	3.58354192e+02	3.59428816e+02	3.60508183e+02	3.61592210e+02	3.62680812e+02	3.63773908e+02	3.64871418e+02	3.65973264e+02	3.67079369e+02	3.68189660e+02	3.69304064e+02	3.70422509e+02	3.71544927e+02	3.72671249e+02	3.73801409e+02	3.74935343e+02	3.76072987e+02	3.77214280e+02
8	17	4.22761193e+02	4.21240824e+02	4.19729008e+02	4.18225752e+02	4.16731060e+02	4.15244934e+02	4.13767373e+02	4.12298372e+02	4.10837926e+02	4.09386022e+02	4.07942648e+02	4.06507785e+02	4.05081411e+02	4.03663503e+02	4.02254029e+02	4.00852957e+02	3.99460247e+02	3.98075858e+02	3.96699740e+02	3.95331842e+02	3.93972105e+02	3.92620465e+02	3.91276854e+02	3.89941197e+02	3.88613413e+02	3.87293415e+02	3.85981111e+02	3.84676400e+02	3.83379178e+02	3.82089332e+02	3.80806743e+02	3.79531287e+02	3.78262832e+02	3.77001239e+02	3.75746365e+02	3.74498059e+02	3.73256165e+02	3.72020522e+02	3.70790963e+02	3.69567318e+02	3.68349412e+02	3.67137068e+02	3.65930106e+02	3.64728347e+02	3.63531609e+02	3.62339714e+02	3.61152486e+02	3.59969754e+02	3.58791354e+02	3.57617130e+02	3.56446936e+02	3.55280640e+02	3.54118126e+02	3.52959295e+02	3.51804068e+02	3.50652392e+02	3.49504240e+02	3.48359612e+02	3.47218544e+02	3.46081103e+02	3.44947398e+02	3.43817576e+02	3.42691826e+02	3.41570383e+02	3.40453528e+02	3.39341588e+02	3.38234940e+02	3.37134010e+02	3.36039270e+02	3.34951241e+02	3.33870490e+02	3.32797629e+02	3.31733309e+02	3.30678221e+02	3.29633092e+02	3.28598677e+02	3.27575760e+02	3.26565143e+02	3.25567649e+02	3.24584106e+02	3.23615353e+02	3.22662225e+02	3.21725554e+02	3.20806161e+02	3.19904851e+02	3.19022410e+02	3.18159599e+02	3.17317150e+02	3.16495764e+02	3.15696107e+02	3.14918807e+02	3.14164452e+02	3.13433590e+02	3.12726723e+02	3.12044313e+02	3.11386777e+02	3.10754486e+02	3.10147768e+02	3.09566909e+02	3.09012151e+02	3.08483694e+02	3.07981700e+02	3.07506290e+02	3.07057549e+02	3.06635525e+02	3.06240233e+02	3.05871655e+02	3.05529744e+02	3.05214424e+02	3.04925591e+02	3.04663118e+02	3.04426852e+02	3.04216622e+02	3.04032235e+02	3.03873479e+02	3.03740129e+02	3.03631941e+02	3.03548658e+02	3.03490013e+02	3.03455726e+02	3.03445507e+02	3.03459057e+02	3.03496072e+02	3.03556237e+02	3.03639236e+02	3.03744744e+02	3.03872434e+02	3.04021977e+02	3.04193039e+02	3.04385285e+02	3.04598380e+02	3.04831986e+02	3.05085767e+02	3.05359387e+02	3.05652509e+02	3.05964799e+02	3.06295923e+02	3.06645552e+02	3.07013355e+02	3.07399007e+02	3.07802183e+02	3.08222563e+02	3.08659829e+02	3.09113666e+02	3.09583765e+02	3.10069818e+02	3.10571521e+02	3.11088576e+02	3.11620686e+02	3.12167561e+02	3.12728914e+02	3.13304462e+02	3.13893925e+02	3.14497031e+02	3.15113509e+02	3.15743093e+02	3.16385524e+02	3.17040543e+02	3.17707899e+02	3.18387344e+02	3.19078634e+02	3.19781532e+02	3.20495801e+02	3.21221211e+02	3.21957538e+02	3.22704558e+02	3.23462055e+02	3.24229815e+02	3.25007629e+02	3.25795293e+02	3.26592605e+02	3.27399369e+02	3.28215391e+02	3.29040483e+02	3.29874460e+02	3.30717140e+02	3.31568347e+02	3.32427906e+02	3.33295648e+02	3.34171406e+02	3.35055017e+02	3.35946321e+02	3.36845164e+02	3.37751392e+02	3.38664856e+02	3.39585410e+02	3.40512911e+02	3.41447220e+02	3.42388200e+02	3.43335717e+02	3.44289642e+02	3.45249846e+02	3.46216204e+02	3.47188596e+02	3.48166901e+02	3.49151003e+02	3.50140788e+02	3.51136145e+02	3.52136965e+02	3.53143142e+02	3.54154572e+02	3.55171153e+02	3.56192787e+02	3.57219377e+02	3.58250828e+02	3.59287047e+02	3.60327945e+02	3.61373433e+02	3.62423425e+02	3.63477837e+02	3.64536586e+02	3.65599593e+02	3.66666778e+02	3.67738066e+02	3.68813381e+02	3.69892651e+02	3.70975804e+02	3.72062770e+02	3.73153481e+02	3.74247871e+02	3.75345875e+02	3.76447428e+02	3.77552471e+02	3.78660941e+02
8	18	4.45430055e+02	4.43832402e+02	4.42243723e+02	4.40664025e+02	4.39093311e+02	4.37531586e+02	4.35978846e+02	4.34435089e+02	4.32900307e+02	4.31374489e+02	4.29857620e+02	4.28349682e+02	4.26850652e+02	4.25360504e+02	4.23879208e+02	4.22406727e+02	4.20943022e+02	4.19488048e+02	4.18041754e+02	4.16604085e+02	4.15174981e+02	4.13754374e+02	4.12342193e+02	4.10938358e+02	4.09542785e+02	4.08155383e+02	4.06776055e+02	4.05404695e+02	4.04041194e+02	4.02685434e+02	4.01337290e+02	3.99996630e+02	3.98663316e+02	3.97337204e+02	3.96018142e+02	3.94705971e+02	3.93400529e+02	3.92101646e+02	3.90809146e+02	3.89522851e+02	3.88242577e+02	3.86968137e+02	3.85699345e+02	3.84436008e+02	3.83177940e+02	3.81924950e+02	3.80676856e+02	3.79433476e+02	3.78194639e+02	3.76960180e+02	3.75729947e+02	3.74503800e+02	3.73281617e+02	3.72063295e+02	3.70848751e+02	3.69637928e+02	3.68430798e+02	3.67227363e+02	3.66027659e+02	3.64831757e+02	3.63639772e+02	3.62451857e+02	3.61268213e+02	3.60089086e+02	3.58914771e+02	3.57745613e+02	3.56582009e+02	3.55424405e+02	3.54273299e+02	3.53129239e+02	3.51992820e+02	3.50864687e+02	3.49745524e+02	3.48636058e+02	3.47537054e+02	3.46449307e+02	3.45373639e+02	3.44310897e+02	3.43261944e+02	3.42227653e+02	3.41208906e+02	3.40206581e+02	3.39221554e+02	3.38254688e+02	3.37306831e+02	3.36378809e+02	3.35471424e+02	3.34585445e+02	3.33721611e+02	3.32880622e+02	3.32063140e+02	3.31269783e+02	3.30501127e+02	3.29757703e+02	3.29039996e+02	3.28348444e+02	3.27683439e+02	3.27045327e+02	3.26434408e+02	3.25850937e+02	3.25295126e+02	3.24767145e+02	3.24267122e+02	3.23795145e+02	3.23351268e+02	3.22935504e+02	3.22547838e+02	3.22188218e+02	3.21856565e+02	3.21552770e+02	3.21276699e+02	3.21028193e+02	3.20807071e+02	3.20613130e+02	3.20446149e+02	3.20305889e+02	3.20192095e+02	3.20104497e+02	3.20042813e+02	3.20006749e+02	3.19996001e+02	3.20010253e+02	3.20049186e+02	3.20112469e+02	3.20199768e+02	3.20310743e+02	3.20445050e+02	3.20602341e+02	3.20782266e+02	3.20984473e+02	3.21208607e+02	3.21454316e+02	3.21721243e+02	3.22009036e+02	3.22317341e+02	3.22645806e+02	3.22994079e+02	3.23361814e+02	3.23748663e+02	3.24154283e+02	3.24578334e+02	3.25020477e+02	3.25480378e+02	3.25957707e+02	3.26452136e+02	3.26963343e+02	3.27491007e+02	3.28034815e+02	3.28594454e+02	3.29169619e+02	3.29760008e+02	3.30365321e+02	3.30985268e+02	3.31619558e+02	3.32267907e+02	3.32930037e+02	3.33605673e+02	3.34294544e+02	3.34996385e+02	3.35710935e+02	3.36437937e+02	3.37177141e+02	3.37928300e+02	3.38691170e+02	3.39465514e+02	3.40251099e+02	3.41047696e+02	3.41855079e+02	3.42673030e+02	3.43501333e+02	3.44339776e+02	3.45188151e+02	3.46046256e+02	3.46913893e+02	3.47790866e+02	3.48676984e+02	3.49572061e+02	3.50475914e+02	3.51388364e+02	3.52309237e+02	3.53238359e+02	3.54175564e+02	3.55120688e+02	3.56073570e+02	3.57034053e+02	3.58001983e+02	3.58977210e+02	3.59959587e+02	3.60948970e+02	3.61945219e+02	3.62948197e+02	3.63957768e+02	3.64973803e+02	3.65996172e+02	3.67024750e+02	3.68059414e+02	3.69100045e+02	3.70146526e+02	3.71198742e+02	3.72256580e+02	3.73319933e+02	3.74388693e+02	3.75462756e+02	3.76542021e+02	3.77626386e+02	3.78715756e+02	3.79810036e+02	3.80909131e+02	3.82012953e+02	3.83121412e+02	3.84234421e+02	3.85351897e+02	3.86473757e+02	3.87599920e+02	3.88730307e+02	3.89864842e+02	3.91003450e+02	3.92146056e+02	3.93292590e+02	3.94442982e+02	3.95597163e+02	3.96755067e+02	3.97916628e+02	3.99081782e+02
9	19	4.88308992e+02	4.86521228e+02	4.84743632e+02	4.82976212e+02	4.81218973e+02	4.79471914e+02	4.77735034e+02	4.76008327e+02	4.74291782e+02	4.72585386e+02	4.70889122e+02	4.69202967e+02	4.67526896e+02	4.65860876e+02	4.64204873e+02	4.62558845e+02	4.60922745e+02	4.59296523e+02	4.57680121e+02	4.56073475e+02	4.54476516e+02	4.52889168e+02	4.51311350e+02	4.49742971e+02	4.48183936e+02	4.46634141e+02	4.45093478e+02	4.43561827e+02	4.42039063e+02	4.40525055e+02	4.39019661e+02	4.37522734e+02	4.36034117e+02	4.34553648e+02	4.33081158e+02	4.31616467e+02	4.30159393e+02	4.28709745e+02	4.27267327e+02	4.25831938e+02	4.24403372e+02	4.22981421e+02	4.21565873e+02	4.20156517e+02	4.18753139e+02	4.17355530e+02	4.15963483e+02	4.14576797e+02	4.13195279e+02	4.11818745e+02	4.10447024e+02	4.09079961e+02	4.07717419e+02	4.06359282e+02	4.05005457e+02	4.03655882e+02	4.02310523e+02	4.00969382e+02	3.99632499e+02	3.98299955e+02	3.96971874e+02	3.95648428e+02	3.94329840e+02	3.93016384e+02	3.91708387e+02	3.90406234e+02	3.89110363e+02	3.87821273e+02	3.86539516e+02	3.85265702e+02	3.84000491e+02	3.82744599e+02	3.81498787e+02	3.80263863e+02	3.79040675e+02	3.77830105e+02	3.76633067e+02	3.75450500e+02	3.74283362e+02	3.73132620e+02	3.71999253e+02	3.70884235e+02	3.69788535e+02	3.68713111e+02	3.67658902e+02	3.66626822e+02	3.65617759e+02	3.64632564e+02	3.63672054e+02	3.62737003e+02	3.61828142e+02	3.60946155e+02	3.60091677e+02	3.59265293e+02	3.58467539e+02	3.57698897e+02	3.56959798e+02	3.56250623e+02	3.55571700e+02	3.54923309e+02	3.54305683e+02	3.53719005e+02	3.53163414e+02	3.52639006e+02	3.52145836e+02	3.51683916e+02	3.51253226e+02	3.50853706e+02	3.50485266e+02	3.50147782e+02	3.49841103e+02	3.49565051e+02	3.49319422e+02	3.49103991e+02	3.48918509e+02	3.48762711e+02	3.48636311e+02	3.48539011e+02	3.48470495e+02	3.48430437e+02	3.48418498e+02	3.48434329e+02	3.48477573e+02	3.48547866e+02	3.48644834e+02	3.48768102e+02	3.48917288e+02	3.49092006e+02	3.49291868e+02	3.49516485e+02	3.49765463e+02	3.50038411e+02	3.50334937e+02	3.50654648e+02	3.50997154e+02	3.51362065e+02	3.51748993e+02	3.52157553e+02	3.52587362e+02	3.53038039e+02	3.53509209e+02	3.54000497e+02	3.54511535e+02	3.55041957e+02	3.55591401e+02	3.56159511e+02	3.56745933e+02	3.57350319e+02	3.57972327e+02	3.58611616e+02	3.59267855e+02	3.59940713e+02	3.60629867e+02	3.61334998e+02	3.62055793e+02	3.62791943e+02	3.63543145e+02	3.64309100e+02	3.65089515e+02	3.65884102e+02	3.66692579e+02	3.67514667e+02	3.68350094e+02	3.69198592e+02	3.70059899e+02	3.70933757e+02	3.71819912e+02	3.72718119e+02	3.73628132e+02	3.74549715e+02	3.75482633e+02	3.76426659e+02	3.77381567e+02	3.78347138e+02	3.79323158e+02	3.80309415e+02	3.81305703e+02	3.82311821e+02	3.83327570e+02	3.84352758e+02	3.85387194e+02	3.86430693e+02	3.87483075e+02	3.88544161e+02	3.89613779e+02	3.90691757e+02	3.91777931e+02	3.92872138e+02	3.93974219e+02	3.95084018e+02	3.96201384e+02	3.97326168e+02	3.98458225e+02	3.99597413e+02	4.00743594e+02	4.01896631e+02	4.03056393e+02	4.04222749e+02	4.05395574e+02	4.06574742e+02	4.07760134e+02	4.08951631e+02	4.10149118e+02	4.11352482e+02	4.12561613e+02	4.13776403e+02	4.14996747e+02	4.16222541e+02	4.17453686e+02	4.18690084e+02	4.19931639e+02	4.21178256e+02	4.22429845e+02	4.23686317e+02	4.24947583e+02	4.26213559e+02	4.27484161e+02	4.28759308e+02	4.30038921e+02	4.31322922e+02	4.32611235e+02	4.33903786e+02	4.35200502e+02	4.36501314e+02
10	20	5.26112210e+02	5.24161216e+02	5.22221410e+02	5.20292799e+02	5.18375386e+02	5.16469171e+02	5.14574151e+02	5.12690318e+02	5.10817660e+02	5.08956162e+02	5.07105803e+02	5.05266558e+02	5.03438398e+02	5.01621287e+02	4.99815186e+02	4.98020048e+02	4.96235823e+02	4.94462453e+02	4.92699873e+02	4.90948015e+02	4.89206802e+02	4.87476149e+02	4.85755966e+02	4.84046156e+02	4.82346611e+02	4.80657220e+02	4.78977861e+02	4.77308404e+02	4.75648713e+02	4.73998641e+02	4.72358035e+02	4.70726733e+02	4.69104564e+02	4.67491349e+02	4.65886903e+02	4.64291032e+02	4.62703533e+02	4.61124200e+02	4.59552818e+02	4.57989166e+02	4.56433021e+02	4.54884154e+02	4.53342335e+02	4.51807332e+02	4.50278913e+02	4.48756849e+02	4.47240914e+02	4.45730889e+02	4.44226562e+02	4.42727734e+02	4.41234218e+02	4.39745844e+02	4.38262463e+02	4.36783948e+02	4.35310200e+02	4.33841147e+02	4.32376755e+02	4.30917025e+02	4.29461999e+02	4.28011765e+02	4.26566460e+02	4.25126269e+02	4.23691433e+02	4.22262251e+02	4.20839080e+02	4.19422335e+02	4.18012495e+02	4.16610100e+02	4.15215751e+02	4.13830109e+02	4.12453894e+02	4.11087881e+02	4.09732898e+02	4.08389821e+02	4.07059571e+02	4.05743107e+02	4.04441421e+02	4.03155532e+02	4.01886477e+02	4.00635310e+02	3.99403089e+02	3.98190873e+02	3.96999713e+02	3.95830646e+02	3.94684691e+02	3.93562839e+02	3.92466052e+02	3.91395252e+02	3.90351324e+02	3.89335106e+02	3.88347389e+02	3.87388914e+02	3.86460367e+02	3.85562382e+02	3.84695537e+02	3.83860353e+02	3.83057295e+02	3.82286773e+02	3.81549144e+02	3.80844707e+02	3.80173711e+02	3.79536354e+02	3.78932785e+02	3.78363105e+02	3.77827371e+02	3.77325596e+02	3.76857753e+02	3.76423777e+02	3.76023568e+02	3.75656990e+02	3.75323878e+02	3.75024036e+02	3.74757242e+02	3.74523250e+02	3.74321790e+02	3.74152571e+02	3.74015285e+02	3.73909604e+02	3.73835188e+02	3.73791680e+02	3.73778712e+02	3.73795907e+02	3.73842876e+02	3.73919222e+02	3.74024542e+02	3.74158427e+02	3.74320464e+02	3.74510233e+02	3.74727314e+02	3.74971284e+02	3.75241719e+02	3.75538192e+02	3.75860279e+02	3.76207555e+02	3.76579596e+02	3.76975980e+02	3.77396287e+02	3.77840099e+02	3.78307003e+02	3.78796585e+02	3.79308439e+02	3.79842161e+02	3.80397349e+02	3.80973609e+02	3.81570549e+02	3.82187782e+02	3.82824927e+02	3.83481607e+02	3.84157450e+02	3.84852090e+02	3.85565166e+02	3.86296321e+02	3.87045205e+02	3.87811474e+02	3.88594789e+02	3.89394814e+02	3.90211222e+02	3.91043691e+02	3.91891902e+02	3.92755545e+02	3.93634314e+02	3.94527907e+02	3.95436030e+02	3.96358394e+02	3.97294714e+02	3.98244711e+02	3.99208112e+02	4.00184649e+02	4.01174059e+02	4.02176084e+02	4.03190471e+02	4.04216974e+02	4.05255350e+02	4.06305361e+02	4.07366773e+02	4.08439361e+02	4.09522899e+02	4.10617171e+02	4.11721961e+02	4.12837060e+02	4.13962264e+02	4.15097372e+02	4.16242187e+02	4.17396518e+02	4.18560177e+02	4.19732979e+02	4.20914746e+02	4.22105300e+02	4.23304471e+02	4.24512091e+02	4.25727993e+02	4.26952019e+02	4.28184010e+02	4.29423813e+02	4.30671278e+02	4.31926258e+02	4.33188609e+02	4.34458191e+02	4.35734866e+02	4.37018501e+02	4.38308965e+02	4.39606130e+02	4.40909870e+02	4.42220063e+02	4.43536591e+02	4.44859335e+02	4.46188183e+02	4.47523022e+02	4.48863744e+02	4.50210242e+02	4.51562413e+02	4.52920154e+02	4.54283368e+02	4.55651956e+02	4.57025825e+02	4.58404881e+02	4.59789034e+02	4.61178197e+02	4.62572282e+02	4.63971205e+02	4.65374885e+02	4.66783241e+02	4.68196194e+02	4.69613667e+02
10	21	5.04263909e+02	5.02484049e+02	5.00714089e+02	4.98954039e+02	4.97203906e+02	4.95463692e+02	4.93733398e+02	4.92013020e+02	4.90302550e+02	4.88601977e+02	4.86911287e+02	4.85230460e+02	4.83559471e+02	4.81898292e+02	4.80246890e+02	4.78605227e+02	4.76973258e+02	4.75350936e+02	4.73738203e+02	4.72135001e+02	4.70541262e+02	4.68956913e+02	4.67381874e+02	4.65816058e+02	4.64259373e+02	4.62711717e+02	4.61172982e+02	4.59643055e+02	4.58121810e+02	4.56609119e+02	4.55104843e+02	4.53608836e+02	4.52120946e+02	4.50641010e+02	4.49168861e+02	4.47704324e+02	4.46247216e+02	4.44797349e+02	4.43354528e+02	4.41918555e+02	4.40489225e+02	4.39066330e+02	4.37649661e+02	4.36239008e+02	4.34834158e+02	4.33434902e+02	4.32041036e+02	4.30652358e+02	4.29268676e+02	4.27889807e+02	4.26515582e+02	4.25145845e+02	4.23780459e+02	4.22419310e+02	4.21062306e+02	4.19709384e+02	4.18360511e+02	4.17015691e+02	4.15674963e+02	4.14338409e+02	4.13006156e+02	4.11678377e+02	4.10355296e+02	4.09037188e+02	4.07724385e+02	4.06417272e+02	4.05116292e+02	4.03821947e+02	4.02534794e+02	4.01255446e+02	3.99984570e+02	3.98722888e+02	3.97471166e+02	3.96230221e+02	3.95000907e+02	3.93784116e+02	3.92580770e+02	3.91391819e+02	3.90218228e+02	3.89060980e+02	3.87921060e+02	3.86799457e+02	3.85697152e+02	3.84615114e+02	3.83554295e+02	3.82515623e+02	3.81499996e+02	3.80508283e+02	3.79541311e+02	3.78599867e+02	3.77684696e+02	3.76796494e+02	3.75935910e+02	3.75103540e+02	3.74299931e+02	3.73525577e+02	3.72780920e+02	3.72066351e+02	3.71382210e+02	3.70728784e+02	3.70106315e+02	3.69514995e+02	3.68954970e+02	3.68426344e+02	3.67929175e+02	3.67463485e+02	3.67029256e+02	3.66626433e+02	3.66254930e+02	3.65914626e+02	3.65605372e+02	3.65326993e+02	3.65079286e+02	3.64862025e+02	3.64674964e+02	3.64517836e+02	3.64390355e+02	3.64292221e+02	3.64223118e+02	3.64182716e+02	3.64170674e+02	3.64186642e+02	3.64230257e+02	3.64301152e+02	3.64398952e+02	3.64523274e+02	3.64673733e+02	3.64849939e+02	3.65051498e+02	3.65278016e+02	3.65529095e+02	3.65804338e+02	3.66103346e+02	3.66425722e+02	3.66771069e+02	3.67138991e+02	3.67529095e+02	3.67940988e+02	3.68374282e+02	3.68828590e+02	3.69303529e+02	3.69798720e+02	3.70313787e+02	3.70848357e+02	3.71402064e+02	3.71974542e+02	3.72565434e+02	3.73174386e+02	3.73801046e+02	3.74445071e+02	3.75106120e+02	3.75783858e+02	3.76477956e+02	3.77188089e+02	3.77913937e+02	3.78655186e+02	3.79411526e+02	3.80182654e+02	3.80968271e+02	3.81768083e+02	3.82581802e+02	3.83409145e+02	3.84249834e+02	3.85103597e+02	3.85970164e+02	3.86849274e+02	3.87740670e+02	3.88644098e+02	3.89559312e+02	3.90486067e+02	3.91424127e+02	3.92373258e+02	3.93333232e+02	3.94303826e+02	3.95284819e+02	3.96275998e+02	3.97277152e+02	3.98288075e+02	3.99308568e+02	4.00338431e+02	4.01377473e+02	4.02425505e+02	4.03482342e+02	4.04547803e+02	4.05621713e+02	4.06703898e+02	4.07794189e+02	4.08892421e+02	4.09998432e+02	4.11112065e+02	4.12233165e+02	4.13361581e+02	4.14497165e+02	4.15639774e+02	4.16789266e+02	4.17945503e+02	4.19108351e+02	4.20277679e+02	4.21453357e+02	4.22635260e+02	4.23823266e+02	4.25017255e+02	4.26217108e+02	4.27422713e+02	4.28633957e+02	4.29850731e+02	4.31072929e+02	4.32300446e+02	4.33533180e+02	4.34771032e+02	4.36013906e+02	4.37261706e+02	4.38514339e+02	4.39771716e+02	4.41033749e+02	4.42300349e+02	4.43571435e+02	4.44846923e+02	4.46126733e+02	4.47410787e+02	4.48699008e+02	4.49991322e+02	4.51287654e+02	4.52587935e+02
10	22	5.35231825e+02	5.33329478e+02	5.31437757e+02	5.29556672e+02	5.27686228e+02	5.25826429e+02	5.23977274e+02	5.22138760e+02	5.20310876e+02	5.18493612e+02	5.16686951e+02	5.14890870e+02	5.13105345e+02	5.11330344e+02	5.09565831e+02	5.07811764e+02	5.06068097e+02	5.04334776e+02	5.02611743e+02	5.00898932e+02	4.99196270e+02	4.97503680e+02	4.95821076e+02	4.94148364e+02	4.92485445e+02	4.90832210e+02	4.89188544e+02	4.87554324e+02	4.85929417e+02	4.84313684e+02	4.82706978e+02	4.81109141e+02	4.79520010e+02	4.77939412e+02	4.76367168e+02	4.74803090e+02	4.73246983e+02	4.71698645e+02	4.70157869e+02	4.68624441e+02	4.67098143e+02	4.65578753e+02	4.64066047e+02	4.62559799e+02	4.61059784e+02	4.59565778e+02	4.58077562e+02	4.56594920e+02	4.55117648e+02	4.53645550e+02	4.52178444e+02	4.50716165e+02	4.49258567e+02	4.47805526e+02	4.46356945e+02	4.44912756e+02	4.43472925e+02	4.42037454e+02	4.40606387e+02	4.39179810e+02	4.37757858e+02	4.36340716e+02	4.34928623e+02	4.33521872e+02	4.32120817e+02	4.30725869e+02	4.29337501e+02	4.27956247e+02	4.26582702e+02	4.25217519e+02	4.23861411e+02	4.22515145e+02	4.21179542e+02	4.19855468e+02	4.18543837e+02	4.17245598e+02	4.15961736e+02	4.14693262e+02	4.13441206e+02	4.12206613e+02	4.10990535e+02	4.09794025e+02	4.08618129e+02	4.07463878e+02	4.06332288e+02	4.05224346e+02	4.04141010e+02	4.03083203e+02	4.02051807e+02	4.01047661e+02	4.00071556e+02	3.99124234e+02	3.98206385e+02	3.97318643e+02	3.96461591e+02	3.95635753e+02	3.94841600e+02	3.94079547e+02	3.93349954e+02	3.92653128e+02	3.91989324e+02	3.91358745e+02	3.90761547e+02	3.90197838e+02	3.89667681e+02	3.89171096e+02	3.88708063e+02	3.88278525e+02	3.87882386e+02	3.87519518e+02	3.87189762e+02	3.86892929e+02	3.86628803e+02	3.86397143e+02	3.86197685e+02	3.86030144e+02	3.85894216e+02	3.85789579e+02	3.85715897e+02	3.85672818e+02	3.85659978e+02	3.85677003e+02	3.85723509e+02	3.85799101e+02	3.85903381e+02	3.86035942e+02	3.86196372e+02	3.86384255e+02	3.86599174e+02	3.86840706e+02	3.87108429e+02	3.87401918e+02	3.87720751e+02	3.88064504e+02	3.88432753e+02	3.88825077e+02	3.89241058e+02	3.89680277e+02	3.90142321e+02	3.90626779e+02	3.91133242e+02	3.91661306e+02	3.92210572e+02	3.92780642e+02	3.93371127e+02	3.93981638e+02	3.94611794e+02	3.95261218e+02	3.95929536e+02	3.96616382e+02	3.97321395e+02	3.98044217e+02	3.98784498e+02	3.99541892e+02	4.00316058e+02	4.01106663e+02	4.01913377e+02	4.02735877e+02	4.03573844e+02	4.04426967e+02	4.05294938e+02	4.06177457e+02	4.07074227e+02	4.07984958e+02	4.08909365e+02	4.09847169e+02	4.10798096e+02	4.11761876e+02	4.12738247e+02	4.13726950e+02	4.14727731e+02	4.15740343e+02	4.16764543e+02	4.17800092e+02	4.18846757e+02	4.19904311e+02	4.20972528e+02	4.22051191e+02	4.23140085e+02	4.24239001e+02	4.25347732e+02	4.26466079e+02	4.27593845e+02	4.28730837e+02	4.29876867e+02	4.31031752e+02	4.32195312e+02	4.33367371e+02	4.34547756e+02	4.35736300e+02	4.36932838e+02	4.38137209e+02	4.39349257e+02	4.40568827e+02	4.41795770e+02	4.43029938e+02	4.44271190e+02	4.45519383e+02	4.46774382e+02	4.48036053e+02	4.49304264e+02	4.50578889e+02	4.51859802e+02	4.53146882e+02	4.54440010e+02	4.55739069e+02	4.57043945e+02	4.58354528e+02	4.59670710e+02	4.60992384e+02	4.62319447e+02	4.63651798e+02	4.64989338e+02	4.66331971e+02	4.67679604e+02	4.69032143e+02	4.70389500e+02	4.71751586e+02	4.73118316e+02	4.74489607e+02	4.75865377e+02	4.77245545e+02	4.78630035e+02	4.80018770e+02
11	23	5.39777632e+02	5.37895295e+02	5.36023355e+02	5.34161823e+02	5.32310705e+02	5.30470008e+02	5.28639730e+02	5.26819869e+02	5.25010417e+02	5.23211365e+02	5.21422696e+02	5.19644390e+02	5.17876423e+02	5.16118767e+02	5.14371385e+02	5.12634238e+02	5.10907282e+02	5.09190463e+02	5.07483727e+02	5.05787008e+02	5.04100236e+02	5.02423336e+02	5.00756223e+02	4.99098807e+02	4.97450989e+02	4.95812664e+02	4.94183718e+02	4.92564030e+02	4.90953471e+02	4.89351903e+02	4.87759180e+02	4.86175150e+02	4.84599651e+02	4.83032512e+02	4.81473556e+02	4.79922598e+02	4.78379446e+02	4.76843901e+02	4.75315758e+02	4.73794805e+02	4.72280828e+02	4.70773607e+02	4.69272920e+02	4.67778544e+02	4.66290257e+02	4.64807836e+02	4.63331065e+02	4.61859731e+02	4.60393631e+02	4.58932572e+02	4.57476373e+02	4.56024870e+02	4.54577920e+02	4.53135400e+02	4.51697213e+02	4.50263293e+02	4.48833606e+02	4.47408155e+02	4.45986983e+02	4.44570176e+02	4.43157870e+02	4.41750247e+02	4.40347545e+02	4.38950058e+02	4.37558136e+02	4.36172190e+02	4.34792689e+02	4.33420165e+02	4.32055209e+02	4.30698474e+02	4.29350667e+02	4.28012553e+02	4.26684949e+02	4.25368719e+02	4.24064771e+02	4.22774054e+02	4.21497547e+02	4.20236258e+02	4.18991215e+02	4.17763458e+02	4.16554039e+02	4.15364006e+02	4.14194403e+02	4.13046261e+02	4.11920592e+02	4.10818382e+02	4.09740590e+02	4.08688136e+02	4.07661902e+02	4.06662728e+02	4.05691405e+02	4.04748676e+02	4.03835230e+02	4.02951704e+02	4.02098682e+02	4.01276689e+02	4.00486200e+02	3.99727629e+02	3.99001341e+02	3.98307644e+02	3.97646795e+02	3.97019002e+02	3.96424422e+02	3.95863165e+02	3.95335299e+02	3.94840846e+02	3.94379789e+02	3.93952072e+02	3.93557604e+02	3.93196259e+02	3.92867881e+02	3.92572283e+02	3.92309251e+02	3.92078548e+02	3.91879911e+02	3.91713059e+02	3.91577688e+02	3.91473479e+02	3.91400098e+02	3.91357195e+02	3.91344408e+02	3.91361364e+02	3.91407679e+02	3.91482963e+02	3.91586816e+02	3.91718833e+02	3.91878604e+02	3.92065714e+02	3.92279745e+02	3.92520276e+02	3.92786886e+02	3.93079152e+02	3.93396649e+02	3.93738955e+02	3.94105647e+02	3.94496305e+02	3.94910509e+02	3.95347842e+02	3.95807890e+02	3.96290241e+02	3.96794489e+02	3.97320229e+02	3.97867060e+02	3.98434587e+02	3.99022418e+02	3.99630165e+02	4.00257447e+02	4.00903886e+02	4.01569108e+02	4.02252748e+02	4.02954443e+02	4.03673835e+02	4.04410574e+02	4.05164314e+02	4.05934715e+02	4.06721440e+02	4.07524161e+02	4.08342555e+02	4.09176302e+02	4.10025090e+02	4.10888612e+02	4.11766566e+02	4.12658656e+02	4.13564592e+02	4.14484087e+02	4.15416864e+02	4.16362646e+02	4.17321166e+02	4.18292158e+02	4.19275365e+02	4.20270533e+02	4.21277414e+02	4.22295764e+02	4.23325346e+02	4.24365925e+02	4.25417273e+02	4.26479167e+02	4.27551387e+02	4.28633720e+02	4.29725954e+02	4.30827885e+02	4.31939311e+02	4.33060037e+02	4.34189870e+02	4.35328621e+02	4.36476108e+02	4.37632149e+02	4.38796569e+02	4.39969196e+02	4.41149862e+02	4.42338403e+02	4.43534657e+02	4.44738467e+02	4.45949681e+02	4.47168148e+02	4.48393722e+02	4.49626258e+02	4.50865618e+02	4.52111664e+02	4.53364264e+02	4.54623285e+02	4.55888601e+02	4.57160087e+02	4.58437622e+02	4.59721086e+02	4.61010364e+02	4.62305342e+02	4.63605909e+02	4.64911957e+02	4.66223381e+02	4.67540078e+02	4.68861945e+02	4.70188887e+02	4.71520805e+02	4.72857606e+02	4.74199200e+02	4.75545495e+02	4.76896406e+02	4.78251846e+02	4.79611733e+02	4.80975984e+02	4.82344521e+02	4.83717266e+02	4.85094144e+02
12	24	5.78418597e+02	5.76373024e+02	5.74338843e+02	5.72316064e+02	5.70304695e+02	5.68304740e+02	5.66316197e+02	5.64339063e+02	5.62373329e+02	5.60418983e+02	5.58476005e+02	5.56544375e+02	5.54624064e+02	5.52715039e+02	5.50817262e+02	5.48930689e+02	5.47055269e+02	5.45190946e+02	5.43337657e+02	5.41495330e+02	5.39663891e+02	5.37843253e+02	5.36033326e+02	5.34234010e+02	5.32445197e+02	5.30666772e+02	5.28898610e+02	5.27140579e+02	5.25392538e+02	5.23654336e+02	5.21925816e+02	5.20206809e+02	5.18497138e+02	5.16796620e+02	5.15105060e+02	5.13422257e+02	5.11748002e+02	5.10082077e+02	5.08424260e+02	5.06774322e+02	5.05132027e+02	5.03497137e+02	5.01869412e+02	5.00248608e+02	4.98634484e+02	4.97026798e+02	4.95425314e+02	4.93829802e+02	4.92240041e+02	4.90655821e+02	4.89076946e+02	4.87503238e+02	4.85934540e+02	4.84370720e+02	4.82811672e+02	4.81257325e+02	4.79707641e+02	4.78162622e+02	4.76622316e+02	4.75086816e+02	4.73556268e+02	4.72030869e+02	4.70510877e+02	4.68996610e+02	4.67488447e+02	4.65986831e+02	4.64492272e+02	4.63005345e+02	4.61526690e+02	4.60057011e+02	4.58597075e+02	4.57147709e+02	4.55709797e+02	4.54284273e+02	4.52872120e+02	4.51474361e+02	4.50092058e+02	4.48726298e+02	4.47378192e+02	4.46048868e+02	4.44739457e+02	4.43451094e+02	4.42184906e+02	4.40942007e+02	4.39723488e+02	4.38530416e+02	4.37363823e+02	4.36224703e+02	4.35114008e+02	4.34032643e+02	4.32981461e+02	4.31961261e+02	4.30972788e+02	4.30016727e+02	4.29093705e+02	4.28204290e+02	4.27348989e+02	4.26528250e+02	4.25742462e+02	4.24991957e+02	4.24277010e+02	4.23597843e+02	4.22954622e+02	4.22347466e+02	4.21776443e+02	4.21241577e+02	4.20742845e+02	4.20280187e+02	4.19853501e+02	4.19462650e+02	4.19107462e+02	4.18787735e+02	4.18503236e+02	4.18253706e+02	4.18038862e+02	4.17858396e+02	4.17711982e+02	4.17599273e+02	4.17519906e+02	4.17473503e+02	4.17459673e+02	4.17478012e+02	4.17528105e+02	4.17609530e+02	4.17721855e+02	4.17864642e+02	4.18037448e+02	4.18239825e+02	4.18471321e+02	4.18731483e+02	4.19019856e+02	4.19335981e+02	4.19679402e+02	4.20049663e+02	4.20446307e+02	4.20868881e+02	4.21316932e+02	4.21790011e+02	4.22287670e+02	4.22809467e+02	4.23354962e+02	4.23923718e+02	4.24515305e+02	4.25129295e+02	4.25765266e+02	4.26422800e+02	4.27101486e+02	4.27800917e+02	4.28520691e+02	4.29260412e+02	4.30019690e+02	4.30798141e+02	4.31595385e+02	4.32411051e+02	4.33244770e+02	4.34096183e+02	4.34964934e+02	4.35850675e+02	4.36753062e+02	4.37671758e+02	4.38606433e+02	4.39556762e+02	4.40522425e+02	4.41503109e+02	4.42498507e+02	4.43508318e+02	4.44532245e+02	4.45570000e+02	4.46621297e+02	4.47685859e+02	4.48763411e+02	4.49853686e+02	4.50956423e+02	4.52071364e+02	4.53198258e+02	4.54336858e+02	4.55486924e+02	4.56648219e+02	4.57820511e+02	4.59003576e+02	4.60197192e+02	4.61401141e+02	4.62615212e+02	4.63839198e+02	4.65072896e+02	4.66316107e+02	4.67568638e+02	4.68830299e+02	4.70100904e+02	4.71380273e+02	4.72668227e+02	4.73964593e+02	4.75269202e+02	4.76581889e+02	4.77902491e+02	4.79230851e+02	4.80566813e+02	4.81910227e+02	4.83260946e+02	4.84618824e+02	4.85983721e+02	4.87355500e+02	4.88734025e+02	4.90119166e+02	4.91510794e+02	4.92908784e+02	4.94313013e+02	4.95723362e+02	4.97139714e+02	4.98561955e+02	4.99989973e+02	5.01423660e+02	5.02862909e+02	5.04307617e+02	5.05757681e+02	5.07213004e+02	5.08673488e+02	5.10139039e+02	5.11609565e+02	5.13084975e+02	5.14565182e+02	5.16050100e+02	5.17539644e+02	5.19033734e+02
12	25	5.96404521e+02	5.94306704e+02	5.92220533e+02	5.90146019e+02	5.88083170e+02	5.86031989e+02	5.83992477e+02	5.81964629e+02	5.79948439e+02	5.77943891e+02	5.75950969e+02	5.73969650e+02	5.71999906e+02	5.70041704e+02	5.68095005e+02	5.66159763e+02	5.64235927e+02	5.62323440e+02	5.60422237e+02	5.58532247e+02	5.56653391e+02	5.54785584e+02	5.52928730e+02	5.51082730e+02	5.49247472e+02	5.47422838e+02	5.45608702e+02	5.43804927e+02	5.42011370e+02	5.40227876e+02	5.38454284e+02	5.36690420e+02	5.34936106e+02	5.33191151e+02	5.31455357e+02	5.29728517e+02	5.28010418e+02	5.26300837e+02	5.24599545e+02	5.22906307e+02	5.21220882e+02	5.19543027e+02	5.17872494e+02	5.16209034e+02	5.14552399e+02	5.12902342e+02	5.11258620e+02	5.09620998e+02	5.07989249e+02	5.06363156e+02	5.04742520e+02	5.03127158e+02	5.01516909e+02	4.99911637e+02	4.98311234e+02	4.96715626e+02	4.95124776e+02	4.93538685e+02	4.91957403e+02	4.90381025e+02	4.88809700e+02	4.87243633e+02	4.85683087e+02	4.84128389e+02	4.82579929e+02	4.81038162e+02	4.79503611e+02	4.77976867e+02	4.76458588e+02	4.74949497e+02	4.73450382e+02	4.71962092e+02	4.70485536e+02	4.69021673e+02	4.67571514e+02	4.66136110e+02	4.64716551e+02	4.63313955e+02	4.61929465e+02	4.60564238e+02	4.59219439e+02	4.57896233e+02	4.56595779e+02	4.55319221e+02	4.54067684e+02	4.52842261e+02	4.51644017e+02	4.50473972e+02	4.49333106e+02	4.48222348e+02	4.47142578e+02	4.46094618e+02	4.45079233e+02	4.44097129e+02	4.43148952e+02	4.42235285e+02	4.41356651e+02	4.40513512e+02	4.39706269e+02	4.38935263e+02	4.38200780e+02	4.37503045e+02	4.36842235e+02	4.36218469e+02	4.35631820e+02	4.35082312e+02	4.34569924e+02	4.34094594e+02	4.33656219e+02	4.33254657e+02	4.32889735e+02	4.32561243e+02	4.32268944e+02	4.32012571e+02	4.31791835e+02	4.31606419e+02	4.31455989e+02	4.31340188e+02	4.31258644e+02	4.31210968e+02	4.31196758e+02	4.31215600e+02	4.31267068e+02	4.31350726e+02	4.31466132e+02	4.31612836e+02	4.31790382e+02	4.31998309e+02	4.32236154e+02	4.32503449e+02	4.32799727e+02	4.33124517e+02	4.33477350e+02	4.33857755e+02	4.34265265e+02	4.34699411e+02	4.35159730e+02	4.35645759e+02	4.36157037e+02	4.36693109e+02	4.37253523e+02	4.37837830e+02	4.38445587e+02	4.39076353e+02	4.39729695e+02	4.40405184e+02	4.41102395e+02	4.41820909e+02	4.42560314e+02	4.43320203e+02	4.44100173e+02	4.44899830e+02	4.45718783e+02	4.46556649e+02	4.47413050e+02	4.48287616e+02	4.49179981e+02	4.50089785e+02	4.51016677e+02	4.51960309e+02	4.52920341e+02	4.53896438e+02	4.54888272e+02	4.55895521e+02	4.56917869e+02	4.57955005e+02	4.59006625e+02	4.60072431e+02	4.61152131e+02	4.62245438e+02	4.63352070e+02	4.64471752e+02	4.65604215e+02	4.66749195e+02	4.67906432e+02	4.69075673e+02	4.70256670e+02	4.71449181e+02	4.72652967e+02	4.73867795e+02	4.75093438e+02	4.76329673e+02	4.77576283e+02	4.78833053e+02	4.80099775e+02	4.81376245e+02	4.82662264e+02	4.83957636e+02	4.85262171e+02	4.86575682e+02	4.87897986e+02	4.89228906e+02	4.90568268e+02	4.91915900e+02	4.93271636e+02	4.94635315e+02	4.96006775e+02	4.97385864e+02	4.98772428e+02	5.00166319e+02	5.01567393e+02	5.02975508e+02	5.04390525e+02	5.05812310e+02	5.07240731e+02	5.08675658e+02	5.10116966e+02	5.11564532e+02	5.13018236e+02	5.14477960e+02	5.15943590e+02	5.17415014e+02	5.18892123e+02	5.20374810e+02	5.21862971e+02	5.23356504e+02	5.24855310e+02	5.26359292e+02	5.27868354e+02	5.29382405e+02	5.30901354e+02	5.32425113e+02	5.33953595e+02	5.35486717e+02
12	26	5.95584161e+02	5.93533272e+02	5.91493629e+02	5.89465245e+02	5.87448129e+02	5.85442285e+02	5.83447717e+02	5.81464420e+02	5.79492389e+02	5.77531612e+02	5.75582073e+02	5.73643751e+02	5.71716621e+02	5.69800651e+02	5.67895804e+02	5.66002039e+02	5.64119305e+02	5.62247549e+02	5.60386709e+02	5.58536715e+02	5.56697494e+02	5.54868961e+02	5.53051027e+02	5.51243594e+02	5.49446554e+02	5.47659794e+02	5.45883191e+02	5.44116613e+02	5.42359920e+02	5.40612963e+02	5.38875584e+02	5.37147617e+02	5.35428884e+02	5.33719203e+02	5.32018380e+02	5.30326214e+02	5.28642495e+02	5.26967008e+02	5.25299529e+02	5.23639828e+02	5.21987671e+02	5.20342820e+02	5.18705032e+02	5.17074065e+02	5.15449675e+02	5.13831622e+02	5.12219669e+02	5.10613584e+02	5.09013146e+02	5.07418144e+02	5.05828382e+02	5.04243681e+02	5.02663884e+02	5.01088858e+02	4.99518497e+02	4.97952729e+02	4.96391518e+02	4.94834866e+02	4.93282822e+02	4.91735479e+02	4.90192985e+02	4.88655541e+02	4.87123406e+02	4.85596902e+02	4.84076412e+02	4.82562383e+02	4.81055331e+02	4.79555837e+02	4.78064548e+02	4.76582175e+02	4.75109495e+02	4.73647344e+02	4.72196614e+02	4.70758252e+02	4.69333253e+02	4.67922652e+02	4.66527523e+02	4.65148968e+02	4.63788113e+02	4.62446099e+02	4.61124074e+02	4.59823189e+02	4.58544586e+02	4.57289395e+02	4.56058724e+02	4.54853656e+02	4.53675240e+02	4.52524486e+02	4.51402361e+02	4.50309786e+02	4.49247630e+02	4.48216706e+02	4.47217773e+02	4.46251530e+02	4.45318617e+02	4.44419615e+02	4.43555041e+02	4.42725356e+02	4.41930958e+02	4.41172188e+02	4.40449331e+02	4.39762615e+02	4.39112215e+02	4.38498255e+02	4.37920808e+02	4.37379904e+02	4.36875523e+02	4.36407609e+02	4.35976061e+02	4.35580745e+02	4.35221490e+02	4.34898094e+02	4.34610324e+02	4.34357921e+02	4.34140599e+02	4.33958049e+02	4.33809942e+02	4.33695929e+02	4.33615643e+02	4.33568703e+02	4.33554713e+02	4.33573264e+02	4.33623938e+02	4.33706305e+02	4.33819929e+02	4.33964367e+02	4.34139168e+02	4.34343879e+02	4.34578042e+02	4.34841197e+02	4.35132879e+02	4.35452627e+02	4.35799975e+02	4.36174460e+02	4.36575618e+02	4.37002989e+02	4.37456111e+02	4.37934529e+02	4.38437787e+02	4.38965436e+02	4.39517027e+02	4.40092116e+02	4.40690266e+02	4.41311041e+02	4.41954012e+02	4.42618753e+02	4.43304846e+02	4.44011875e+02	4.44739433e+02	4.45487115e+02	4.46254525e+02	4.47041270e+02	4.47846966e+02	4.48671232e+02	4.49513695e+02	4.50373987e+02	4.51251747e+02	4.52146618e+02	4.53058252e+02	4.53986306e+02	4.54930441e+02	4.55890327e+02	4.56865640e+02	4.57856059e+02	4.58861272e+02	4.59880971e+02	4.60914857e+02	4.61962632e+02	4.63024007e+02	4.64098700e+02	4.65186431e+02	4.66286927e+02	4.67399923e+02	4.68525156e+02	4.69662370e+02	4.70811314e+02	4.71971743e+02	4.73143416e+02	4.74326098e+02	4.75519559e+02	4.76723573e+02	4.77937920e+02	4.79162384e+02	4.80396755e+02	4.81640825e+02	4.82894393e+02	4.84157262e+02	4.85429239e+02	4.86710134e+02	4.87999764e+02	4.89297949e+02	4.90604511e+02	4.91919279e+02	4.93242084e+02	4.94572763e+02	4.95911153e+02	4.97257099e+02	4.98610446e+02	4.99971045e+02	5.01338749e+02	5.02713415e+02	5.04094904e+02	5.05483078e+02	5.06877805e+02	5.08278954e+02	5.09686398e+02	5.11100012e+02	5.12519677e+02	5.13945272e+02	5.15376682e+02	5.16813795e+02	5.18256499e+02	5.19704688e+02	5.21158256e+02	5.22617100e+02	5.24081120e+02	5.25550218e+02	5.27024299e+02	5.28503269e+02	5.29987037e+02	5.31475514e+02	5.32968613e+02	5.34466250e+02	5.35968341e+02
13	26	5.95584161e+02	5.93533272e+02	5.91493629e+02	5.89465245e+02	5.87448129e+02	5.85442285e+02	5.83447717e+02	5.81464420e+02	5.79492389e+02	5.77531612e+02	5.75582073e+02	5.73643751e+02	5.71716621e+02	5.69800651e+02	5.67895804e+02	5.66002039e+02	5.64119305e+02	5.62247549e+02	5.60386709e+02	5.58536715e+02	5.56697494e+02	5.54868961e+02	5.53051027e+02	5.51243594e+02	5.49446554e+02	5.47659794e+02	5.45883191e+02	5.44116613e+02	5.42359920e+02	5.40612963e+02	5.38875584e+02	5.37147617e+02	5.35428884e+02	5.33719203e+02	5.32018380e+02	5.30326214e+02	5.28642495e+02	5.26967008e+02	5.25299529e+02	5.23639828e+02	5.21987671e+02	5.20342820e+02	5.18705032e+02	5.17074065e+02	5.15449675e+02	5.13831622e+02	5.12219669e+02	5.10613584e+02	5.09013146e+02	5.07418144e+02	5.05828382e+02	5.04243681e+02	5.02663884e+02	5.01088858e+02	4.99518497e+02	4.97952729e+02	4.96391518e+02	4.94834866e+02	4.93282822e+02	4.91735479e+02	4.90192985e+02	4.88655541e+02	4.87123406e+02	4.85596902e+02	4.84076412e+02	4.82562383e+02	4.81055331e+02	4.79555837e+02	4.78064548e+02	4.76582175e+02	4.75109495e+02	4.73647344e+02	4.72196614e+02	4.70758252e+02	4.69333253e+02	4.67922652e+02	4.66527523e+02	4.65148968e+02	4.63788113e+02	4.62446099e+02	4.61124074e+02	4.59823189e+02	4.58544586e+02	4.57289395e+02	4.56058724e+02	4.54853656e+02	4.53675240e+02	4.52524486e+02	4.51402361e+02	4.50309786e+02	4.49247630e+02	4.48216706e+02	4.47217773e+02	4.46251530e+02	4.45318617e+02	4.44419615e+02	4.43555041e+02	4.42725356e+02	4.41930958e+02	4.41172188e+02	4.40449331e+02	4.39762615e+02	4.39112215e+02	4.38498255e+02	4.37920808e+02	4.37379904e+02	4.36875523e+02	4.36407609e+02	4.35976061e+02	4.35580745e+02	4.35221490e+02	4.34898094e+02	4.34610324e+02	4.34357921e+02	4.34140599e+02	4.33958049e+02	4.33809942e+02	4.33695929e+02	4.33615643e+02	4.33568703e+02	4.33554713e+02	4.33573264e+02	4.33623938e+02	4.33706305e+02	4.33819929e+02	4.33964367e+02	4.34139168e+02	4.34343879e+02	4.34578042e+02	4.34841197e+02	4.35132879e+02	4.35452627e+02	4.35799975e+02	4.36174460e+02	4.36575618e+02	4.37002989e+02	4.37456111e+02	4.37934529e+02	4.38437787e+02	4.38965436e+02	4.39517027e+02	4.40092116e+02	4.40690266e+02	4.41311041e+02	4.41954012e+02	4.42618753e+02	4.43304846e+02	4.44011875e+02	4.44739433e+02	4.45487115e+02	4.46254525e+02	4.47041270e+02	4.47846966e+02	4.48671232e+02	4.49513695e+02	4.50373987e+02	4.51251747e+02	4.52146618e+02	4.53058252e+02	4.53986306e+02	4.54930441e+02	4.55890327e+02	4.56865640e+02	4.57856059e+02	4.58861272e+02	4.59880971e+02	4.60914857e+02	4.61962632e+02	4.63024007e+02	4.64098700e+02	4.65186431e+02	4.66286927e+02	4.67399923e+02	4.68525156e+02	4.69662370e+02	4.70811314e+02	4.71971743e+02	4.73143416e+02	4.74326098e+02	4.75519559e+02	4.76723573e+02	4.77937920e+02	4.79162384e+02	4.80396755e+02	4.81640825e+02	4.82894393e+02	4.84157262e+02	4.85429239e+02	4.86710134e+02	4.87999764e+02	4.89297949e+02	4.90604511e+02	4.91919279e+02	4.93242084e+02	4.94572763e+02	4.95911153e+02	4.97257099e+02	4.98610446e+02	4.99971045e+02	5.01338749e+02	5.02713415e+02	5.04094904e+02	5.05483078e+02	5.06877805e+02	5.08278954e+02	5.09686398e+02	5.11100012e+02	5.12519677e+02	5.13945272e+02	5.15376682e+02	5.16813795e+02	5.18256499e+02	5.19704688e+02	5.21158256e+02	5.22617100e+02	5.24081120e+02	5.25550218e+02	5.27024299e+02	5.28503269e+02	5.29987037e+02	5.31475514e+02	5.32968613e+02	5.34466250e+02	5.35968341e+02
13	27	6.07521776e+02	6.05449020e+02	6.03387571e+02	6.01337443e+02	5.99298645e+02	5.97271183e+02	5.95255060e+02	5.93250273e+02	5.91256815e+02	5.89274678e+02	5.87303844e+02	5.85344293e+02	5.83396000e+02	5.81458935e+02	5.79533059e+02	5.77618331e+02	5.75714703e+02	5.73822119e+02	5.71940517e+02	5.70069830e+02	5.68209981e+02	5.66360887e+02	5.64522457e+02	5.62694593e+02	5.60877188e+02	5.59070127e+02	5.57273285e+02	5.55486531e+02	5.53709723e+02	5.51942712e+02	5.50185337e+02	5.48437430e+02	5.46698815e+02	5.44969305e+02	5.43248706e+02	5.41536815e+02	5.39833420e+02	5.38138303e+02	5.36451238e+02	5.34771994e+02	5.33100334e+02	5.31436016e+02	5.29778797e+02	5.28128431e+02	5.26484672e+02	5.24847277e+02	5.23216006e+02	5.21590627e+02	5.19970913e+02	5.18356654e+02	5.16747649e+02	5.15143719e+02	5.13544705e+02	5.11950471e+02	5.10360912e+02	5.08775954e+02	5.07195561e+02	5.05619736e+02	5.04048526e+02	5.02482030e+02	5.00920394e+02	4.99363823e+02	4.97812580e+02	4.96266991e+02	4.94727443e+02	4.93194391e+02	4.91668356e+02	4.90149927e+02	4.88639760e+02	4.87138577e+02	4.85647164e+02	4.84166367e+02	4.82697093e+02	4.81240300e+02	4.79796997e+02	4.78368235e+02	4.76955101e+02	4.75558714e+02	4.74180214e+02	4.72820760e+02	4.71481516e+02	4.70163649e+02	4.68868318e+02	4.67596669e+02	4.66349829e+02	4.65128894e+02	4.63934930e+02	4.62768962e+02	4.61631974e+02	4.60524898e+02	4.59448618e+02	4.58403962e+02	4.57391698e+02	4.56412539e+02	4.55467136e+02	4.54556077e+02	4.53679890e+02	4.52839044e+02	4.52033945e+02	4.51264940e+02	4.50532319e+02	4.49836316e+02	4.49177110e+02	4.48554827e+02	4.47969545e+02	4.47421293e+02	4.46910056e+02	4.46435774e+02	4.45998350e+02	4.45597647e+02	4.45233493e+02	4.44905684e+02	4.44613985e+02	4.44358134e+02	4.44137842e+02	4.43952797e+02	4.43802664e+02	4.43687092e+02	4.43605708e+02	4.43558126e+02	4.43543944e+02	4.43562749e+02	4.43614116e+02	4.43697610e+02	4.43812788e+02	4.43959201e+02	4.44136392e+02	4.44343900e+02	4.44581262e+02	4.44848009e+02	4.45143673e+02	4.45467782e+02	4.45819865e+02	4.46199451e+02	4.46606071e+02	4.47039255e+02	4.47498536e+02	4.47983452e+02	4.48493540e+02	4.49028342e+02	4.49587403e+02	4.50170275e+02	4.50776510e+02	4.51405667e+02	4.52057310e+02	4.52731006e+02	4.53426331e+02	4.54142862e+02	4.54880186e+02	4.55637891e+02	4.56415574e+02	4.57212838e+02	4.58029291e+02	4.58864546e+02	4.59718224e+02	4.60589952e+02	4.61479362e+02	4.62386093e+02	4.63309789e+02	4.64250103e+02	4.65206691e+02	4.66179217e+02	4.67167350e+02	4.68170767e+02	4.69189150e+02	4.70222186e+02	4.71269569e+02	4.72331000e+02	4.73406183e+02	4.74494831e+02	4.75596661e+02	4.76711396e+02	4.77838765e+02	4.78978501e+02	4.80130345e+02	4.81294042e+02	4.82469343e+02	4.83656002e+02	4.84853782e+02	4.86062448e+02	4.87281771e+02	4.88511527e+02	4.89751498e+02	4.91001469e+02	4.92261230e+02	4.93530576e+02	4.94809308e+02	4.96097228e+02	4.97394146e+02	4.98699874e+02	5.00014228e+02	5.01337031e+02	5.02668107e+02	5.04007286e+02	5.05354399e+02	5.06709285e+02	5.08071783e+02	5.09441738e+02	5.10818997e+02	5.12203413e+02	5.13594839e+02	5.14993134e+02	5.16398159e+02	5.17809780e+02	5.19227863e+02	5.20652280e+02	5.22082904e+02	5.23519613e+02	5.24962287e+02	5.26410807e+02	5.27865060e+02	5.29324934e+02	5.30790319e+02	5.32261108e+02	5.33737198e+02	5.35218487e+02	5.36704875e+02	5.38196266e+02	5.39692564e+02	5.41193678e+02	5.42699518e+02	5.44209994e+02	5.45725022e+02	5.47244517e+02
14	28	6.24080205e+02	6.21961282e+02	6.19853888e+02	6.17758035e+02	6.15673735e+02	6.13600993e+02	6.11539812e+02	6.09490190e+02	6.07452121e+02	6.05425595e+02	6.03410595e+02	6.01407102e+02	5.99415090e+02	5.97434526e+02	5.95465375e+02	5.93507593e+02	5.91561130e+02	5.89625932e+02	5.87701934e+02	5.85789067e+02	5.83887255e+02	5.81996412e+02	5.80116446e+02	5.78247256e+02	5.76388734e+02	5.74540761e+02	5.72703212e+02	5.70875952e+02	5.69058836e+02	5.67251711e+02	5.65454414e+02	5.63666774e+02	5.61888610e+02	5.60119732e+02	5.58359940e+02	5.56609028e+02	5.54866779e+02	5.53132971e+02	5.51407373e+02	5.49689748e+02	5.47979854e+02	5.46277445e+02	5.44582271e+02	5.42894082e+02	5.41212625e+02	5.39537652e+02	5.37868919e+02	5.36206187e+02	5.34549225e+02	5.32897817e+02	5.31251760e+02	5.29610869e+02	5.27974981e+02	5.26343958e+02	5.24717693e+02	5.23096110e+02	5.21479172e+02	5.19866882e+02	5.18259289e+02	5.16656493e+02	5.15058645e+02	5.13465954e+02	5.11878690e+02	5.10297185e+02	5.08721836e+02	5.07153110e+02	5.05591539e+02	5.04037727e+02	5.02492345e+02	5.00956130e+02	4.99429890e+02	4.97914490e+02	4.96410858e+02	4.94919975e+02	4.93442875e+02	4.91980633e+02	4.90534362e+02	4.89105209e+02	4.87694342e+02	4.86302946e+02	4.84932214e+02	4.83583342e+02	4.82257517e+02	4.80955913e+02	4.79679682e+02	4.78429950e+02	4.77207809e+02	4.76014308e+02	4.74850455e+02	4.73717207e+02	4.72615469e+02	4.71546088e+02	4.70509856e+02	4.69507499e+02	4.68539687e+02	4.67607023e+02	4.66710049e+02	4.65849245e+02	4.65025028e+02	4.64237755e+02	4.63487724e+02	4.62775175e+02	4.62100291e+02	4.61463205e+02	4.60863995e+02	4.60302692e+02	4.59779282e+02	4.59293704e+02	4.58845859e+02	4.58435608e+02	4.58062775e+02	4.57727152e+02	4.57428499e+02	4.57166547e+02	4.56941002e+02	4.56751543e+02	4.56597830e+02	4.56479501e+02	4.56396175e+02	4.56347458e+02	4.56332938e+02	4.56352192e+02	4.56404784e+02	4.56490269e+02	4.56608195e+02	4.56758100e+02	4.56939517e+02	4.57151974e+02	4.57394996e+02	4.57668103e+02	4.57970814e+02	4.58302648e+02	4.58663121e+02	4.59051751e+02	4.59468057e+02	4.59911557e+02	4.60381774e+02	4.60878232e+02	4.61400459e+02	4.61947984e+02	4.62520343e+02	4.63117073e+02	4.63737718e+02	4.64381826e+02	4.65048948e+02	4.65738642e+02	4.66450472e+02	4.67184006e+02	4.67938819e+02	4.68714490e+02	4.69510606e+02	4.70326759e+02	4.71162547e+02	4.72017575e+02	4.72891453e+02	4.73783799e+02	4.74694236e+02	4.75622394e+02	4.76567908e+02	4.77530421e+02	4.78509582e+02	4.79505047e+02	4.80516476e+02	4.81543537e+02	4.82585904e+02	4.83643257e+02	4.84715283e+02	4.85801673e+02	4.86902127e+02	4.88016348e+02	4.89144048e+02	4.90284941e+02	4.91438749e+02	4.92605202e+02	4.93784031e+02	4.94974975e+02	4.96177780e+02	4.97392193e+02	4.98617971e+02	4.99854874e+02	5.01102667e+02	5.02361120e+02	5.03630010e+02	5.04909115e+02	5.06198222e+02	5.07497121e+02	5.08805606e+02	5.10123476e+02	5.11450534e+02	5.12786590e+02	5.14131455e+02	5.15484946e+02	5.16846884e+02	5.18217093e+02	5.19595403e+02	5.20981646e+02	5.22375659e+02	5.23777282e+02	5.25186359e+02	5.26602739e+02	5.28026271e+02	5.29456812e+02	5.30894218e+02	5.32338352e+02	5.33789078e+02	5.35246264e+02	5.36709780e+02	5.38179500e+02	5.39655303e+02	5.41137066e+02	5.42624673e+02	5.44118009e+02	5.45616963e+02	5.47121425e+02	5.48631288e+02	5.50146449e+02	5.51666805e+02	5.53192257e+02	5.54722709e+02	5.56258066e+02	5.57798236e+02	5.59343128e+02	5.60892654e+02	5.62446729e+02
14	29	6.40479751e+02	6.38315292e+02	6.36162579e+02	6.34021626e+02	6.31892444e+02	6.29775039e+02	6.27669415e+02	6.25575569e+02	6.23493496e+02	6.21423186e+02	6.19364622e+02	6.17317784e+02	6.15282647e+02	6.13259177e+02	6.11247338e+02	6.09247087e+02	6.07258372e+02	6.05281137e+02	6.03315319e+02	6.01360845e+02	5.99417639e+02	5.97485613e+02	5.95564674e+02	5.93654718e+02	5.91755635e+02	5.89867305e+02	5.87989600e+02	5.86122381e+02	5.84265501e+02	5.82418805e+02	5.80582126e+02	5.78755289e+02	5.76938110e+02	5.75130393e+02	5.73331938e+02	5.71542531e+02	5.69761953e+02	5.67989975e+02	5.66226362e+02	5.64470873e+02	5.62723260e+02	5.60983272e+02	5.59250654e+02	5.57525148e+02	5.55806500e+02	5.54094455e+02	5.52388761e+02	5.50689177e+02	5.48995467e+02	5.47307408e+02	5.45624795e+02	5.43947437e+02	5.42275169e+02	5.40607850e+02	5.38945369e+02	5.37287650e+02	5.35634655e+02	5.33986387e+02	5.32342897e+02	5.30704285e+02	5.29070707e+02	5.27442378e+02	5.25819572e+02	5.24202629e+02	5.22591956e+02	5.20988030e+02	5.19391396e+02	5.17802670e+02	5.16222539e+02	5.14651759e+02	5.13091153e+02	5.11541608e+02	5.10004073e+02	5.08479552e+02	5.06969101e+02	5.05473822e+02	5.03994853e+02	5.02533367e+02	5.01090560e+02	4.99667644e+02	4.98265840e+02	4.96886371e+02	4.95530453e+02	4.94199287e+02	4.92894054e+02	4.91615904e+02	4.90365955e+02	4.89145283e+02	4.87954919e+02	4.86795842e+02	4.85668980e+02	4.84575200e+02	4.83515312e+02	4.82490062e+02	4.81500135e+02	4.80546148e+02	4.79628659e+02	4.78748158e+02	4.77905074e+02	4.77099772e+02	4.76332558e+02	4.75603679e+02	4.74913323e+02	4.74261626e+02	4.73648670e+02	4.73074487e+02	4.72539062e+02	4.72042336e+02	4.71584206e+02	4.71164532e+02	4.70783133e+02	4.70439798e+02	4.70134281e+02	4.69866308e+02	4.69635578e+02	4.69441763e+02	4.69284516e+02	4.69163465e+02	4.69078224e+02	4.69028386e+02	4.69013533e+02	4.69033229e+02	4.69087030e+02	4.69174482e+02	4.69295119e+02	4.69448471e+02	4.69634059e+02	4.69851400e+02	4.70100008e+02	4.70379392e+02	4.70689059e+02	4.71028517e+02	4.71397271e+02	4.71794827e+02	4.72220692e+02	4.72674374e+02	4.73155384e+02	4.73663234e+02	4.74197441e+02	4.74757524e+02	4.75343006e+02	4.75953414e+02	4.76588281e+02	4.77247143e+02	4.77929542e+02	4.78635024e+02	4.79363144e+02	4.80113458e+02	4.80885531e+02	4.81678933e+02	4.82493240e+02	4.83328034e+02	4.84182905e+02	4.85057446e+02	4.85951259e+02	4.86863953e+02	4.87795140e+02	4.88744443e+02	4.89711488e+02	4.90695910e+02	4.91697348e+02	4.92715449e+02	4.93749866e+02	4.94800260e+02	4.95866295e+02	4.96947646e+02	4.98043989e+02	4.99155010e+02	5.00280401e+02	5.01419858e+02	5.02573085e+02	5.03739790e+02	5.04919690e+02	5.06112505e+02	5.07317962e+02	5.08535793e+02	5.09765737e+02	5.11007537e+02	5.12260943e+02	5.13525708e+02	5.14801593e+02	5.16088363e+02	5.17385787e+02	5.18693641e+02	5.20011704e+02	5.21339762e+02	5.22677605e+02	5.24025026e+02	5.25381825e+02	5.26747804e+02	5.28122773e+02	5.29506543e+02	5.30898931e+02	5.32299758e+02	5.33708848e+02	5.35126030e+02	5.36551136e+02	5.37984005e+02	5.39424475e+02	5.40872391e+02	5.42327600e+02	5.43789955e+02	5.45259309e+02	5.46735521e+02	5.48218452e+02	5.49707967e+02	5.51203934e+02	5.52706223e+02	5.54214709e+02	5.55729269e+02	5.57249783e+02	5.58776132e+02	5.60308204e+02	5.61845885e+02	5.63389067e+02	5.64937644e+02	5.66491511e+02	5.68050567e+02	5.69614712e+02	5.71183851e+02	5.72757887e+02	5.74336730e+02	5.75920289e+02	5.77508477e+02
14	30	6.56727353e+02	6.54517958e+02	6.52320523e+02	6.50135062e+02	6.47961589e+02	6.45800108e+02	6.43650624e+02	6.41513136e+02	6.39387637e+02	6.37274117e+02	6.35172561e+02	6.33082948e+02	6.31005250e+02	6.28939438e+02	6.26885471e+02	6.24843306e+02	6.22812893e+02	6.20794172e+02	6.18787080e+02	6.16791545e+02	6.14807486e+02	6.12834816e+02	6.10873438e+02	6.08923249e+02	6.06984136e+02	6.05055975e+02	6.03138637e+02	6.01231981e+02	5.99335857e+02	5.97450105e+02	5.95574557e+02	5.93709034e+02	5.91853347e+02	5.90007298e+02	5.88170682e+02	5.86343281e+02	5.84524871e+02	5.82715219e+02	5.80914086e+02	5.79121224e+02	5.77336382e+02	5.75559302e+02	5.73789724e+02	5.72027387e+02	5.70272029e+02	5.68523391e+02	5.66781216e+02	5.65045256e+02	5.63315272e+02	5.61591037e+02	5.59872339e+02	5.58158986e+02	5.56450807e+02	5.54747660e+02	5.53049431e+02	5.51356043e+02	5.49667455e+02	5.47983672e+02	5.46304746e+02	5.44630779e+02	5.42961932e+02	5.41298421e+02	5.39640530e+02	5.37988604e+02	5.36343061e+02	5.34704387e+02	5.33073138e+02	5.31449946e+02	5.29835511e+02	5.28230608e+02	5.26636076e+02	5.25052823e+02	5.23481818e+02	5.21924088e+02	5.20380713e+02	5.18852818e+02	5.17341569e+02	5.15848162e+02	5.14373821e+02	5.12919786e+02	5.11487305e+02	5.10077629e+02	5.08692001e+02	5.07331650e+02	5.05997782e+02	5.04691575e+02	5.03414171e+02	5.02166673e+02	5.00950133e+02	4.99765554e+02	4.98613886e+02	4.97496016e+02	4.96412772e+02	4.95364918e+02	4.94353155e+02	4.93378116e+02	4.92440371e+02	4.91540422e+02	4.90678708e+02	4.89855605e+02	4.89071425e+02	4.88326421e+02	4.87620788e+02	4.86954665e+02	4.86328135e+02	4.85741234e+02	4.85193947e+02	4.84686212e+02	4.84217928e+02	4.83788948e+02	4.83399091e+02	4.83048141e+02	4.82735847e+02	4.82461928e+02	4.82226078e+02	4.82027963e+02	4.81867225e+02	4.81743488e+02	4.81656355e+02	4.81605411e+02	4.81590227e+02	4.81610361e+02	4.81665357e+02	4.81754749e+02	4.81878064e+02	4.82034819e+02	4.82224526e+02	4.82446690e+02	4.82700813e+02	4.82986395e+02	4.83302931e+02	4.83649917e+02	4.84026848e+02	4.84433217e+02	4.84868521e+02	4.85332257e+02	4.85823923e+02	4.86343022e+02	4.86889059e+02	4.87461540e+02	4.88059980e+02	4.88683894e+02	4.89332803e+02	4.90006233e+02	4.90703716e+02	4.91424788e+02	4.92168992e+02	4.92935874e+02	4.93724990e+02	4.94535898e+02	4.95368166e+02	4.96221366e+02	4.97095077e+02	4.97988885e+02	4.98902381e+02	4.99835164e+02	5.00786840e+02	5.01757020e+02	5.02745323e+02	5.03751375e+02	5.04774806e+02	5.05815257e+02	5.06872371e+02	5.07945800e+02	5.09035204e+02	5.10140246e+02	5.11260597e+02	5.12395936e+02	5.13545946e+02	5.14710318e+02	5.15888747e+02	5.17080936e+02	5.18286594e+02	5.19505435e+02	5.20737180e+02	5.21981555e+02	5.23238292e+02	5.24507129e+02	5.25787809e+02	5.27080081e+02	5.28383698e+02	5.29698422e+02	5.31024015e+02	5.32360249e+02	5.33706897e+02	5.35063741e+02	5.36430565e+02	5.37807158e+02	5.39193314e+02	5.40588834e+02	5.41993520e+02	5.43407180e+02	5.44829627e+02	5.46260676e+02	5.47700150e+02	5.49147873e+02	5.50603673e+02	5.52067383e+02	5.53538841e+02	5.55017887e+02	5.56504365e+02	5.57998123e+02	5.59499013e+02	5.61006889e+02	5.62521609e+02	5.64043035e+02	5.65571033e+02	5.67105470e+02	5.68646217e+02	5.70193148e+02	5.71746141e+02	5.73305076e+02	5.74869836e+02	5.76440306e+02	5.78016375e+02	5.79597935e+02	5.81184877e+02	5.82777100e+02	5.84374501e+02	5.85976982e+02	5.87584445e+02	5.89196798e+02	5.90813947e+02	5.92435803e+02
15	31	6.72829425e+02	6.70575664e+02	6.68334076e+02	6.66104674e+02	6.63887471e+02	6.61682474e+02	6.59489688e+02	6.57309111e+02	6.55140737e+02	6.52984555e+02	6.50840552e+02	6.48708704e+02	6.46588987e+02	6.44481366e+02	6.42385805e+02	6.40302258e+02	6.38230673e+02	6.36170991e+02	6.34123148e+02	6.32087069e+02	6.30062673e+02	6.28049872e+02	6.26048567e+02	6.24058652e+02	6.22080012e+02	6.20112524e+02	6.18156053e+02	6.16210456e+02	6.14275581e+02	6.12351266e+02	6.10437337e+02	6.08533614e+02	6.06639904e+02	6.04756005e+02	6.02881707e+02	6.01016789e+02	5.99161022e+02	5.97314170e+02	5.95475986e+02	5.93646220e+02	5.91824615e+02	5.90010908e+02	5.88204834e+02	5.86406126e+02	5.84614518e+02	5.82829744e+02	5.81051544e+02	5.79279663e+02	5.77513859e+02	5.75753899e+02	5.73999567e+02	5.72250667e+02	5.70507026e+02	5.68768497e+02	5.67034965e+02	5.65306350e+02	5.63582613e+02	5.61863757e+02	5.60149835e+02	5.58440953e+02	5.56737274e+02	5.55039019e+02	5.53346478e+02	5.51660004e+02	5.49980022e+02	5.48307029e+02	5.46641595e+02	5.44984363e+02	5.43336050e+02	5.41697445e+02	5.40069406e+02	5.38452861e+02	5.36848800e+02	5.35258271e+02	5.33682378e+02	5.32122269e+02	5.30579136e+02	5.29054201e+02	5.27548715e+02	5.26063944e+02	5.24601163e+02	5.23161651e+02	5.21746678e+02	5.20357499e+02	5.18995348e+02	5.17661428e+02	5.16356907e+02	5.15082910e+02	5.13840515e+02	5.12630748e+02	5.11454576e+02	5.10312910e+02	5.09206596e+02	5.08136415e+02	5.07103082e+02	5.06107248e+02	5.05149494e+02	5.04230334e+02	5.03350218e+02	5.02509530e+02	5.01708591e+02	5.00947660e+02	5.00226936e+02	4.99546561e+02	4.98906624e+02	4.98307160e+02	4.97748154e+02	4.97229545e+02	4.96751228e+02	4.96313057e+02	4.95914845e+02	4.95556372e+02	4.95237383e+02	4.94957591e+02	4.94716684e+02	4.94514319e+02	4.94350135e+02	4.94223744e+02	4.94134741e+02	4.94082704e+02	4.94067195e+02	4.94087760e+02	4.94143936e+02	4.94235246e+02	4.94361206e+02	4.94521323e+02	4.94715098e+02	4.94942026e+02	4.95201598e+02	4.95493303e+02	4.95816624e+02	4.96171047e+02	4.96556054e+02	4.96971130e+02	4.97415759e+02	4.97889426e+02	4.98391619e+02	4.98921830e+02	4.99479551e+02	5.00064281e+02	5.00675521e+02	5.01312776e+02	5.01975556e+02	5.02663378e+02	5.03375761e+02	5.04112232e+02	5.04872323e+02	5.05655571e+02	5.06461521e+02	5.07289722e+02	5.08139732e+02	5.09011113e+02	5.09903434e+02	5.10816272e+02	5.11749210e+02	5.12701837e+02	5.13673750e+02	5.14664552e+02	5.15673853e+02	5.16701270e+02	5.17746426e+02	5.18808951e+02	5.19888484e+02	5.20984667e+02	5.22097151e+02	5.23225594e+02	5.24369659e+02	5.25529016e+02	5.26703343e+02	5.27892322e+02	5.29095643e+02	5.30313002e+02	5.31544101e+02	5.32788648e+02	5.34046357e+02	5.35316948e+02	5.36600148e+02	5.37895688e+02	5.39203305e+02	5.40522743e+02	5.41853751e+02	5.43196082e+02	5.44549497e+02	5.45913759e+02	5.47288639e+02	5.48673912e+02	5.50069357e+02	5.51474761e+02	5.52889912e+02	5.54314605e+02	5.55748639e+02	5.57191818e+02	5.58643950e+02	5.60104847e+02	5.61574327e+02	5.63052210e+02	5.64538322e+02	5.66032491e+02	5.67534551e+02	5.69044339e+02	5.70561696e+02	5.72086466e+02	5.73618497e+02	5.75157641e+02	5.76703754e+02	5.78256694e+02	5.79816322e+02	5.81382504e+02	5.82955109e+02	5.84534007e+02	5.86119074e+02	5.87710187e+02	5.89307225e+02	5.90910074e+02	5.92518618e+02	5.94132746e+02	5.95752350e+02	5.97377323e+02	5.99007562e+02	6.00642967e+02	6.02283438e+02	6.03928879e+02	6.05579196e+02	6.07234298e+02
16	32	6.88791915e+02	6.86494334e+02	6.84209134e+02	6.81936330e+02	6.79675935e+02	6.77427956e+02	6.75192398e+02	6.72969260e+02	6.70758537e+02	6.68560217e+02	6.66374286e+02	6.64200722e+02	6.62039498e+02	6.59890583e+02	6.57753936e+02	6.55629512e+02	6.53517259e+02	6.51417117e+02	6.49329020e+02	6.47252892e+02	6.45188652e+02	6.43136209e+02	6.41095464e+02	6.39066308e+02	6.37048624e+02	6.35042287e+02	6.33047159e+02	6.31063097e+02	6.29089943e+02	6.27127533e+02	6.25175692e+02	6.23234233e+02	6.21302962e+02	6.19381673e+02	6.17470150e+02	6.15568171e+02	6.13675501e+02	6.11791898e+02	6.09917114e+02	6.08050892e+02	6.06192969e+02	6.04343078e+02	6.02500950e+02	6.00666311e+02	5.98838891e+02	5.97018418e+02	5.95204628e+02	5.93397261e+02	5.91596069e+02	5.89800814e+02	5.88011279e+02	5.86227261e+02	5.84448584e+02	5.82675100e+02	5.80906690e+02	5.79143273e+02	5.77384809e+02	5.75631302e+02	5.73882806e+02	5.72139428e+02	5.70401335e+02	5.68668753e+02	5.66941978e+02	5.65221369e+02	5.63507362e+02	5.61800463e+02	5.60101252e+02	5.58410388e+02	5.56728601e+02	5.55056697e+02	5.53395552e+02	5.51746113e+02	5.50109390e+02	5.48486453e+02	5.46878429e+02	5.45286491e+02	5.43711854e+02	5.42155767e+02	5.40619507e+02	5.39104365e+02	5.37611645e+02	5.36142651e+02	5.34698681e+02	5.33281017e+02	5.31890918e+02	5.30529614e+02	5.29198296e+02	5.27898115e+02	5.26630172e+02	5.25395513e+02	5.24195129e+02	5.23029949e+02	5.21900837e+02	5.20808592e+02	5.19753946e+02	5.18737561e+02	5.17760034e+02	5.16821890e+02	5.15923590e+02	5.15065524e+02	5.14248023e+02	5.13471352e+02	5.12735714e+02	5.12041257e+02	5.11388070e+02	5.10776190e+02	5.10205604e+02	5.09676249e+02	5.09188018e+02	5.08740763e+02	5.08334295e+02	5.07968388e+02	5.07642782e+02	5.07357186e+02	5.07111280e+02	5.06904717e+02	5.06737125e+02	5.06608111e+02	5.06517262e+02	5.06464145e+02	5.06448314e+02	5.06469306e+02	5.06526648e+02	5.06619853e+02	5.06748426e+02	5.06911866e+02	5.07109662e+02	5.07341298e+02	5.07606255e+02	5.07904010e+02	5.08234037e+02	5.08595809e+02	5.08988798e+02	5.09412478e+02	5.09866321e+02	5.10349802e+02	5.10862399e+02	5.11403591e+02	5.11972860e+02	5.12569694e+02	5.13193583e+02	5.13844021e+02	5.14520509e+02	5.15222552e+02	5.15949660e+02	5.16701348e+02	5.17477139e+02	5.18276560e+02	5.19099146e+02	5.19944436e+02	5.20811977e+02	5.21701324e+02	5.22612036e+02	5.23543680e+02	5.24495830e+02	5.25468066e+02	5.26459977e+02	5.27471156e+02	5.28501206e+02	5.29549734e+02	5.30616357e+02	5.31700696e+02	5.32802381e+02	5.33921047e+02	5.35056338e+02	5.36207904e+02	5.37375400e+02	5.38558491e+02	5.39756845e+02	5.40970139e+02	5.42198056e+02	5.43440285e+02	5.44696522e+02	5.45966468e+02	5.47249832e+02	5.48546327e+02	5.49855673e+02	5.51177597e+02	5.52511830e+02	5.53858110e+02	5.55216180e+02	5.56585790e+02	5.57966692e+02	5.59358647e+02	5.60761421e+02	5.62174782e+02	5.63598507e+02	5.65032375e+02	5.66476173e+02	5.67929689e+02	5.69392719e+02	5.70865063e+02	5.72346523e+02	5.73836910e+02	5.75336035e+02	5.76843716e+02	5.78359775e+02	5.79884036e+02	5.81416330e+02	5.82956490e+02	5.84504353e+02	5.86059761e+02	5.87622559e+02	5.89192595e+02	5.90769721e+02	5.92353793e+02	5.93944670e+02	5.95542214e+02	5.97146291e+02	5.98756770e+02	6.00373523e+02	6.01996424e+02	6.03625351e+02	6.05260185e+02	6.06900810e+02	6.08547113e+02	6.10198982e+02	6.11856309e+02	6.13518988e+02	6.15186917e+02	6.16859994e+02	6.18538122e+02	6.20221204e+02	6.21909148e+02
16	33	7.04620349e+02	7.02279469e+02	6.99951175e+02	6.97635485e+02	6.95332411e+02	6.93041961e+02	6.90764139e+02	6.88498946e+02	6.86246375e+02	6.84006417e+02	6.81779055e+02	6.79564269e+02	6.77362031e+02	6.75172309e+02	6.72995063e+02	6.70830246e+02	6.68677807e+02	6.66537683e+02	6.64409808e+02	6.62294106e+02	6.60190493e+02	6.58098876e+02	6.56019156e+02	6.53951222e+02	6.51894955e+02	6.49850227e+02	6.47816899e+02	6.45794823e+02	6.43783842e+02	6.41783786e+02	6.39794478e+02	6.37815728e+02	6.35847337e+02	6.33889098e+02	6.31940789e+02	6.30002184e+02	6.28073044e+02	6.26153123e+02	6.24242167e+02	6.22339916e+02	6.20446101e+02	6.18560451e+02	6.16682691e+02	6.14812543e+02	6.12949730e+02	6.11093976e+02	6.09245012e+02	6.07402573e+02	6.05566407e+02	6.03736271e+02	6.01911942e+02	6.00093216e+02	5.98279913e+02	5.96471881e+02	5.94669000e+02	5.92871187e+02	5.91078401e+02	5.89290646e+02	5.87507977e+02	5.85730505e+02	5.83958398e+02	5.82191888e+02	5.80431276e+02	5.78676930e+02	5.76929291e+02	5.75188878e+02	5.73456283e+02	5.71732176e+02	5.70017303e+02	5.68312486e+02	5.66618618e+02	5.64936665e+02	5.63267657e+02	5.61612688e+02	5.59972904e+02	5.58349504e+02	5.56743726e+02	5.55156846e+02	5.53590165e+02	5.52045003e+02	5.50522688e+02	5.49024553e+02	5.47551919e+02	5.46106097e+02	5.44688372e+02	5.43299997e+02	5.41942191e+02	5.40616126e+02	5.39322927e+02	5.38063663e+02	5.36839344e+02	5.35650918e+02	5.34499269e+02	5.33385213e+02	5.32309497e+02	5.31272797e+02	5.30275723e+02	5.29318812e+02	5.28402534e+02	5.27527290e+02	5.26693417e+02	5.25901185e+02	5.25150804e+02	5.24442424e+02	5.23776138e+02	5.23151985e+02	5.22569949e+02	5.22029970e+02	5.21531939e+02	5.21075704e+02	5.20661073e+02	5.20287816e+02	5.19955669e+02	5.19664336e+02	5.19413489e+02	5.19202774e+02	5.19031814e+02	5.18900207e+02	5.18807532e+02	5.18753347e+02	5.18737198e+02	5.18758612e+02	5.18817106e+02	5.18912184e+02	5.19043342e+02	5.19210067e+02	5.19411837e+02	5.19648128e+02	5.19918409e+02	5.20222145e+02	5.20558801e+02	5.20927839e+02	5.21328719e+02	5.21760905e+02	5.22223858e+02	5.22717042e+02	5.23239923e+02	5.23791970e+02	5.24372656e+02	5.24981455e+02	5.25617849e+02	5.26281321e+02	5.26971360e+02	5.27687462e+02	5.28429126e+02	5.29195858e+02	5.29987170e+02	5.30802579e+02	5.31641610e+02	5.32503793e+02	5.33388666e+02	5.34295773e+02	5.35224665e+02	5.36174899e+02	5.37146041e+02	5.38137662e+02	5.39149341e+02	5.40180664e+02	5.41231225e+02	5.42300623e+02	5.43388466e+02	5.44494368e+02	5.45617950e+02	5.46758842e+02	5.47916677e+02	5.49091100e+02	5.50281758e+02	5.51488308e+02	5.52710413e+02	5.53947743e+02	5.55199972e+02	5.56466785e+02	5.57747870e+02	5.59042922e+02	5.60351644e+02	5.61673743e+02	5.63008934e+02	5.64356937e+02	5.65717479e+02	5.67090290e+02	5.68475110e+02	5.69871681e+02	5.71279754e+02	5.72699082e+02	5.74129425e+02	5.75570549e+02	5.77022225e+02	5.78484228e+02	5.79956340e+02	5.81438345e+02	5.82930034e+02	5.84431203e+02	5.85941651e+02	5.87461184e+02	5.88989610e+02	5.90526742e+02	5.92072399e+02	5.93626402e+02	5.95188577e+02	5.96758754e+02	5.98336769e+02	5.99922457e+02	6.01515662e+02	6.03116229e+02	6.04724006e+02	6.06338847e+02	6.07960607e+02	6.09589147e+02	6.11224328e+02	6.12866018e+02	6.14514085e+02	6.16168402e+02	6.17828844e+02	6.19495289e+02	6.21167620e+02	6.22845719e+02	6.24529475e+02	6.26218775e+02	6.27913514e+02	6.29613585e+02	6.31318886e+02	6.33029316e+02	6.34744778e+02	6.36465177e+02
16	34	7.20319875e+02	7.17936195e+02	7.15565304e+02	7.13207221e+02	7.10861959e+02	7.08529526e+02	7.06209927e+02	7.03903162e+02	7.01609225e+02	6.99328106e+02	6.97059790e+02	6.94804255e+02	6.92561474e+02	6.90331413e+02	6.88114034e+02	6.85909287e+02	6.83717121e+02	6.81537474e+02	6.79370277e+02	6.77215453e+02	6.75072917e+02	6.72942576e+02	6.70824327e+02	6.68718058e+02	6.66623649e+02	6.64540969e+02	6.62469877e+02	6.60410222e+02	6.58361845e+02	6.56324573e+02	6.54298225e+02	6.52282609e+02	6.50277522e+02	6.48282753e+02	6.46298077e+02	6.44323262e+02	6.42358067e+02	6.40402241e+02	6.38455526e+02	6.36517655e+02	6.34588356e+02	6.32667353e+02	6.30754365e+02	6.28849110e+02	6.26951306e+02	6.25060672e+02	6.23176933e+02	6.21299820e+02	6.19429074e+02	6.17564452e+02	6.15705724e+02	6.13852683e+02	6.12005145e+02	6.10162955e+02	6.08325992e+02	6.06494171e+02	6.04667450e+02	6.02845834e+02	6.01029378e+02	5.99218195e+02	5.97412458e+02	5.95612402e+02	5.93818334e+02	5.92030629e+02	5.90249738e+02	5.88476188e+02	5.86710583e+02	5.84953607e+02	5.83206019e+02	5.81468657e+02	5.79742433e+02	5.78028331e+02	5.76327400e+02	5.74640756e+02	5.72969568e+02	5.71315057e+02	5.69678487e+02	5.68061158e+02	5.66464397e+02	5.64889549e+02	5.63337970e+02	5.61811017e+02	5.60310040e+02	5.58836373e+02	5.57391329e+02	5.55976186e+02	5.54592185e+02	5.53240525e+02	5.51922350e+02	5.50638754e+02	5.49390765e+02	5.48179352e+02	5.47005417e+02	5.45869791e+02	5.44773238e+02	5.43716449e+02	5.42700045e+02	5.41724574e+02	5.40790518e+02	5.39898285e+02	5.39048220e+02	5.38240600e+02	5.37475639e+02	5.36753491e+02	5.36074251e+02	5.35437959e+02	5.34844601e+02	5.34294116e+02	5.33786392e+02	5.33321275e+02	5.32898572e+02	5.32518047e+02	5.32179431e+02	5.31882423e+02	5.31626689e+02	5.31411869e+02	5.31237578e+02	5.31103407e+02	5.31008925e+02	5.30953685e+02	5.30937221e+02	5.30959052e+02	5.31018686e+02	5.31115617e+02	5.31249331e+02	5.31419304e+02	5.31625005e+02	5.31865899e+02	5.32141444e+02	5.32451097e+02	5.32794309e+02	5.33170532e+02	5.33579217e+02	5.34019814e+02	5.34491776e+02	5.34994555e+02	5.35527607e+02	5.36090391e+02	5.36682366e+02	5.37302999e+02	5.37951759e+02	5.38628121e+02	5.39331562e+02	5.40061567e+02	5.40817626e+02	5.41599235e+02	5.42405896e+02	5.43237116e+02	5.44092410e+02	5.44971299e+02	5.45873311e+02	5.46797982e+02	5.47744852e+02	5.48713470e+02	5.49703393e+02	5.50714183e+02	5.51745411e+02	5.52796654e+02	5.53867498e+02	5.54957533e+02	5.56066360e+02	5.57193585e+02	5.58338822e+02	5.59501691e+02	5.60681820e+02	5.61878844e+02	5.63092406e+02	5.64322155e+02	5.65567746e+02	5.66828842e+02	5.68105112e+02	5.69396234e+02	5.70701888e+02	5.72021766e+02	5.73355563e+02	5.74702980e+02	5.76063727e+02	5.77437517e+02	5.78824072e+02	5.80223117e+02	5.81634387e+02	5.83057618e+02	5.84492555e+02	5.85938948e+02	5.87396552e+02	5.88865128e+02	5.90344441e+02	5.91834262e+02	5.93334369e+02	5.94844542e+02	5.96364568e+02	5.97894238e+02	5.99433347e+02	6.00981698e+02	6.02539094e+02	6.04105345e+02	6.05680266e+02	6.07263674e+02	6.08855393e+02	6.10455250e+02	6.12063074e+02	6.13678701e+02	6.15301969e+02	6.16932721e+02	6.18570803e+02	6.20216064e+02	6.21868358e+02	6.23527541e+02	6.25193475e+02	6.26866021e+02	6.28545048e+02	6.30230424e+02	6.31922023e+02	6.33619721e+02	6.35323397e+02	6.37032932e+02	6.38748211e+02	6.40469122e+02	6.42195555e+02	6.43927403e+02	6.45664560e+02	6.47406925e+02	6.49154398e+02	6.50906882e+02
17	35	7.35895299e+02	7.33469296e+02	7.31056284e+02	7.28656282e+02	7.26269302e+02	7.23895355e+02	7.21534444e+02	7.19186570e+02	7.16851727e+02	7.14529907e+02	7.12221092e+02	7.09925262e+02	7.07642389e+02	7.05372439e+02	7.03115372e+02	7.00871140e+02	6.98639690e+02	6.96420958e+02	6.94214876e+02	6.92021364e+02	6.89840338e+02	6.87671702e+02	6.85515351e+02	6.83371173e+02	6.81239044e+02	6.79118832e+02	6.77010394e+02	6.74913577e+02	6.72828217e+02	6.70754141e+02	6.68691163e+02	6.66639088e+02	6.64597711e+02	6.62566815e+02	6.60546174e+02	6.58535550e+02	6.56534698e+02	6.54543363e+02	6.52561282e+02	6.50588184e+02	6.48623792e+02	6.46667825e+02	6.44719998e+02	6.42780022e+02	6.40847612e+02	6.38922481e+02	6.37004348e+02	6.35092942e+02	6.33187998e+02	6.31289268e+02	6.29396518e+02	6.27509538e+02	6.25628140e+02	6.23752167e+02	6.21881495e+02	6.20016039e+02	6.18155754e+02	6.16300647e+02	6.14450774e+02	6.12606249e+02	6.10767249e+02	6.08934013e+02	6.07106854e+02	6.05286155e+02	6.03472373e+02	6.01666048e+02	5.99867793e+02	5.98078305e+02	5.96298358e+02	5.94528807e+02	5.92770578e+02	5.91024676e+02	5.89292169e+02	5.87574194e+02	5.85871942e+02	5.84186659e+02	5.82519630e+02	5.80872182e+02	5.79245666e+02	5.77641454e+02	5.76060927e+02	5.74505468e+02	5.72976454e+02	5.71475244e+02	5.70003176e+02	5.68561553e+02	5.67151641e+02	5.65774661e+02	5.64431781e+02	5.63124113e+02	5.61852710e+02	5.60618558e+02	5.59422576e+02	5.58265613e+02	5.57148447e+02	5.56071784e+02	5.55036257e+02	5.54042427e+02	5.53090783e+02	5.52181744e+02	5.51315662e+02	5.50492818e+02	5.49713433e+02	5.48977664e+02	5.48285609e+02	5.47637309e+02	5.47032750e+02	5.46471871e+02	5.45954558e+02	5.45480656e+02	5.45049966e+02	5.44662250e+02	5.44317235e+02	5.44014612e+02	5.43754044e+02	5.43535163e+02	5.43357577e+02	5.43220868e+02	5.43124600e+02	5.43068315e+02	5.43051540e+02	5.43073784e+02	5.43134545e+02	5.43233310e+02	5.43369552e+02	5.43542738e+02	5.43752329e+02	5.43997777e+02	5.44278530e+02	5.44594035e+02	5.44943732e+02	5.45327064e+02	5.45743469e+02	5.46192389e+02	5.46673263e+02	5.47185535e+02	5.47728649e+02	5.48302053e+02	5.48905198e+02	5.49537538e+02	5.50198532e+02	5.50887644e+02	5.51604342e+02	5.52348102e+02	5.53118402e+02	5.53914728e+02	5.54736573e+02	5.55583434e+02	5.56454816e+02	5.57350232e+02	5.58269199e+02	5.59211244e+02	5.60175899e+02	5.61162703e+02	5.62171205e+02	5.63200958e+02	5.64251524e+02	5.65322473e+02	5.66413380e+02	5.67523831e+02	5.68653415e+02	5.69801733e+02	5.70968390e+02	5.72152998e+02	5.73355180e+02	5.74574562e+02	5.75810780e+02	5.77063476e+02	5.78332298e+02	5.79616904e+02	5.80916955e+02	5.82232122e+02	5.83562080e+02	5.84906515e+02	5.86265114e+02	5.87637574e+02	5.89023599e+02	5.90422896e+02	5.91835182e+02	5.93260176e+02	5.94697608e+02	5.96147209e+02	5.97608719e+02	5.99081882e+02	6.00566450e+02	6.02062177e+02	6.03568826e+02	6.05086162e+02	6.06613959e+02	6.08151993e+02	6.09700046e+02	6.11257905e+02	6.12825363e+02	6.14402216e+02	6.15988265e+02	6.17583317e+02	6.19187182e+02	6.20799674e+02	6.22420614e+02	6.24049823e+02	6.25687131e+02	6.27332368e+02	6.28985370e+02	6.30645976e+02	6.32314029e+02	6.33989377e+02	6.35671869e+02	6.37361360e+02	6.39057707e+02	6.40760771e+02	6.42470417e+02	6.44186511e+02	6.45908924e+02	6.47637530e+02	6.49372205e+02	6.51112829e+02	6.52859285e+02	6.54611458e+02	6.56369236e+02	6.58132509e+02	6.59901172e+02	6.61675119e+02	6.63454250e+02	6.65238465e+02
16	36	7.51351115e+02	7.48883248e+02	7.46428572e+02	7.43987104e+02	7.41558859e+02	7.39143846e+02	7.36742070e+02	7.34353532e+02	7.31978227e+02	7.29616145e+02	7.27267269e+02	7.24931579e+02	7.22609047e+02	7.20299638e+02	7.18003312e+02	7.15720021e+02	7.13449710e+02	7.11192315e+02	7.08947766e+02	7.06715985e+02	7.04496882e+02	7.02290363e+02	7.00096321e+02	6.97914641e+02	6.95745199e+02	6.93587859e+02	6.91442476e+02	6.89308896e+02	6.87186951e+02	6.85076465e+02	6.82977251e+02	6.80889109e+02	6.78811831e+02	6.76745196e+02	6.74688974e+02	6.72642925e+02	6.70606798e+02	6.68580334e+02	6.66563265e+02	6.64555317e+02	6.62556208e+02	6.60565651e+02	6.58583356e+02	6.56609031e+02	6.54642384e+02	6.52683124e+02	6.50730966e+02	6.48785631e+02	6.46846854e+02	6.44914379e+02	6.42987970e+02	6.41067412e+02	6.39152515e+02	6.37243118e+02	6.35339096e+02	6.33440361e+02	6.31546870e+02	6.29658627e+02	6.27775691e+02	6.25898179e+02	6.24026268e+02	6.22160204e+02	6.20300305e+02	6.18446960e+02	6.16600637e+02	6.14761883e+02	6.12931323e+02	6.11109667e+02	6.09297704e+02	6.07496302e+02	6.05706407e+02	6.03929040e+02	6.02165290e+02	6.00416315e+02	5.98683327e+02	5.96967594e+02	5.95270428e+02	5.93593178e+02	5.91937220e+02	5.90303952e+02	5.88694781e+02	5.87111116e+02	5.85554359e+02	5.84025895e+02	5.82527085e+02	5.81059260e+02	5.79623708e+02	5.78221673e+02	5.76854346e+02	5.75522861e+02	5.74228288e+02	5.72971634e+02	5.71753835e+02	5.70575758e+02	5.69438195e+02	5.68341866e+02	5.67287416e+02	5.66275417e+02	5.65306369e+02	5.64380699e+02	5.63498765e+02	5.62660857e+02	5.61867199e+02	5.61117951e+02	5.60413214e+02	5.59753030e+02	5.59137388e+02	5.58566222e+02	5.58039420e+02	5.57556823e+02	5.57118230e+02	5.56723399e+02	5.56372050e+02	5.56063872e+02	5.55798520e+02	5.55575620e+02	5.55394772e+02	5.55255553e+02	5.55157517e+02	5.55100198e+02	5.55083114e+02	5.55105767e+02	5.55167645e+02	5.55268223e+02	5.55406967e+02	5.55583334e+02	5.55796773e+02	5.56046727e+02	5.56332635e+02	5.56653931e+02	5.57010047e+02	5.57400413e+02	5.57824459e+02	5.58281614e+02	5.58771308e+02	5.59292974e+02	5.59846045e+02	5.60429960e+02	5.61044157e+02	5.61688081e+02	5.62361182e+02	5.63062912e+02	5.63792730e+02	5.64550101e+02	5.65334493e+02	5.66145383e+02	5.66982253e+02	5.67844592e+02	5.68731895e+02	5.69643664e+02	5.70579410e+02	5.71538647e+02	5.72520901e+02	5.73525702e+02	5.74552588e+02	5.75601105e+02	5.76670807e+02	5.77761255e+02	5.78872016e+02	5.80002668e+02	5.81152793e+02	5.82321982e+02	5.83509834e+02	5.84715955e+02	5.85939958e+02	5.87181464e+02	5.88440100e+02	5.89715501e+02	5.91007311e+02	5.92315179e+02	5.93638760e+02	5.94977719e+02	5.96331726e+02	5.97700458e+02	5.99083599e+02	6.00480839e+02	6.01891875e+02	6.03316411e+02	6.04754155e+02	6.06204825e+02	6.07668142e+02	6.09143835e+02	6.10631636e+02	6.12131287e+02	6.13642533e+02	6.15165125e+02	6.16698821e+02	6.18243381e+02	6.19798575e+02	6.21364174e+02	6.22939957e+02	6.24525707e+02	6.26121212e+02	6.27726265e+02	6.29340664e+02	6.30964210e+02	6.32596712e+02	6.34237979e+02	6.35887828e+02	6.37546079e+02	6.39212556e+02	6.40887088e+02	6.42569507e+02	6.44259649e+02	6.45957355e+02	6.47662468e+02	6.49374837e+02	6.51094312e+02	6.52820749e+02	6.54554005e+02	6.56293942e+02	6.58040425e+02	6.59793323e+02	6.61552507e+02	6.63317851e+02	6.65089232e+02	6.66866531e+02	6.68649631e+02	6.70438418e+02	6.72232780e+02	6.74032610e+02	6.75837801e+02	6.77648250e+02	6.79463855e+02
18	36	7.51351115e+02	7.48883248e+02	7.46428572e+02	7.43987104e+02	7.41558859e+02	7.39143846e+02	7.36742070e+02	7.34353532e+02	7.31978227e+02	7.29616145e+02	7.27267269e+02	7.24931579e+02	7.22609047e+02	7.20299638e+02	7.18003312e+02	7.15720021e+02	7.13449710e+02	7.11192315e+02	7.08947766e+02	7.06715985e+02	7.04496882e+02	7.02290363e+02	7.00096321e+02	6.97914641e+02	6.95745199e+02	6.93587859e+02	6.91442476e+02	6.89308896e+02	6.87186951e+02	6.85076465e+02	6.82977251e+02	6.80889109e+02	6.78811831e+02	6.76745196e+02	6.74688974e+02	6.72642925e+02	6.70606798e+02	6.68580334e+02	6.66563265e+02	6.64555317e+02	6.62556208e+02	6.60565651e+02	6.58583356e+02	6.56609031e+02	6.54642384e+02	6.52683124e+02	6.50730966e+02	6.48785631e+02	6.46846854e+02	6.44914379e+02	6.42987970e+02	6.41067412e+02	6.39152515e+02	6.37243118e+02	6.35339096e+02	6.33440361e+02	6.31546870e+02	6.29658627e+02	6.27775691e+02	6.25898179e+02	6.24026268e+02	6.22160204e+02	6.20300305e+02	6.18446960e+02	6.16600637e+02	6.14761883e+02	6.12931323e+02	6.11109667e+02	6.09297704e+02	6.07496302e+02	6.05706407e+02	6.03929040e+02	6.02165290e+02	6.00416315e+02	5.98683327e+02	5.96967594e+02	5.95270428e+02	5.93593178e+02	5.91937220e+02	5.90303952e+02	5.88694781e+02	5.87111116e+02	5.85554359e+02	5.84025895e+02	5.82527085e+02	5.81059260e+02	5.79623708e+02	5.78221673e+02	5.76854346e+02	5.75522861e+02	5.74228288e+02	5.72971634e+02	5.71753835e+02	5.70575758e+02	5.69438195e+02	5.68341866e+02	5.67287416e+02	5.66275417e+02	5.65306369e+02	5.64380699e+02	5.63498765e+02	5.62660857e+02	5.61867199e+02	5.61117951e+02	5.60413214e+02	5.59753030e+02	5.59137388e+02	5.58566222e+02	5.58039420e+02	5.57556823e+02	5.57118230e+02	5.56723399e+02	5.56372050e+02	5.56063872e+02	5.55798520e+02	5.55575620e+02	5.55394772e+02	5.55255553e+02	5.55157517e+02	5.55100198e+02	5.55083114e+02	5.55105767e+02	5.55167645e+02	5.55268223e+02	5.55406967e+02	5.55583334e+02	5.55796773e+02	5.56046727e+02	5.56332635e+02	5.56653931e+02	5.57010047e+02	5.57400413e+02	5.57824459e+02	5.58281614e+02	5.58771308e+02	5.59292974e+02	5.59846045e+02	5.60429960e+02	5.61044157e+02	5.61688081e+02	5.62361182e+02	5.63062912e+02	5.63792730e+02	5.64550101e+02	5.65334493e+02	5.66145383e+02	5.66982253e+02	5.67844592e+02	5.68731895e+02	5.69643664e+02	5.70579410e+02	5.71538647e+02	5.72520901e+02	5.73525702e+02	5.74552588e+02	5.75601105e+02	5.76670807e+02	5.77761255e+02	5.78872016e+02	5.80002668e+02	5.81152793e+02	5.82321982e+02	5.83509834e+02	5.84715955e+02	5.85939958e+02	5.87181464e+02	5.88440100e+02	5.89715501e+02	5.91007311e+02	5.92315179e+02	5.93638760e+02	5.94977719e+02	5.96331726e+02	5.97700458e+02	5.99083599e+02	6.00480839e+02	6.01891875e+02	6.03316411e+02	6.04754155e+02	6.06204825e+02	6.07668142e+02	6.09143835e+02	6.10631636e+02	6.12131287e+02	6.13642533e+02	6.15165125e+02	6.16698821e+02	6.18243381e+02	6.19798575e+02	6.21364174e+02	6.22939957e+02	6.24525707e+02	6.26121212e+02	6.27726265e+02	6.29340664e+02	6.30964210e+02	6.32596712e+02	6.34237979e+02	6.35887828e+02	6.37546079e+02	6.39212556e+02	6.40887088e+02	6.42569507e+02	6.44259649e+02	6.45957355e+02	6.47662468e+02	6.49374837e+02	6.51094312e+02	6.52820749e+02	6.54554005e+02	6.56293942e+02	6.58040425e+02	6.59793323e+02	6.61552507e+02	6.63317851e+02	6.65089232e+02	6.66866531e+02	6.68649631e+02	6.70438418e+02	6.72232780e+02	6.74032610e+02	6.75837801e+02	6.77648250e+02	6.79463855e+02
17	36	7.51351115e+02	7.48883248e+02	7.46428572e+02	7.43987104e+02	7.41558859e+02	7.39143846e+02	7.36742070e+02	7.34353532e+02	7.31978227e+02	7.29616145e+02	7.27267269e+02	7.24931579e+02	7.22609047e+02	7.20299638e+02	7.18003312e+02	7.15720021e+02	7.13449710e+02	7.11192315e+02	7.08947766e+02	7.06715985e+02	7.04496882e+02	7.02290363e+02	7.00096321e+02	6.97914641e+02	6.95745199e+02	6.93587859e+02	6.91442476e+02	6.89308896e+02	6.87186951e+02	6.85076465e+02	6.82977251e+02	6.80889109e+02	6.78811831e+02	6.76745196e+02	6.74688974e+02	6.72642925e+02	6.70606798e+02	6.68580334e+02	6.66563265e+02	6.64555317e+02	6.62556208e+02	6.60565651e+02	6.58583356e+02	6.56609031e+02	6.54642384e+02	6.52683124e+02	6.50730966e+02	6.48785631e+02	6.46846854e+02	6.44914379e+02	6.42987970e+02	6.41067412e+02	6.39152515e+02	6.37243118e+02	6.35339096e+02	6.33440361e+02	6.31546870e+02	6.29658627e+02	6.27775691e+02	6.25898179e+02	6.24026268e+02	6.22160204e+02	6.20300305e+02	6.18446960e+02	6.16600637e+02	6.14761883e+02	6.12931323e+02	6.11109667e+02	6.09297704e+02	6.07496302e+02	6.05706407e+02	6.03929040e+02	6.02165290e+02	6.00416315e+02	5.98683327e+02	5.96967594e+02	5.95270428e+02	5.93593178e+02	5.91937220e+02	5.90303952e+02	5.88694781e+02	5.87111116e+02	5.85554359e+02	5.84025895e+02	5.82527085e+02	5.81059260e+02	5.79623708e+02	5.78221673e+02	5.76854346e+02	5.75522861e+02	5.74228288e+02	5.72971634e+02	5.71753835e+02	5.70575758e+02	5.69438195e+02	5.68341866e+02	5.67287416e+02	5.66275417e+02	5.65306369e+02	5.64380699e+02	5.63498765e+02	5.62660857e+02	5.61867199e+02	5.61117951e+02	5.60413214e+02	5.59753030e+02	5.59137388e+02	5.58566222e+02	5.58039420e+02	5.57556823e+02	5.57118230e+02	5.56723399e+02	5.56372050e+02	5.56063872e+02	5.55798520e+02	5.55575620e+02	5.55394772e+02	5.55255553e+02	5.55157517e+02	5.55100198e+02	5.55083114e+02	5.55105767e+02	5.55167645e+02	5.55268223e+02	5.55406967e+02	5.55583334e+02	5.55796773e+02	5.56046727e+02	5.56332635e+02	5.56653931e+02	5.57010047e+02	5.57400413e+02	5.57824459e+02	5.58281614e+02	5.58771308e+02	5.59292974e+02	5.59846045e+02	5.60429960e+02	5.61044157e+02	5.61688081e+02	5.62361182e+02	5.63062912e+02	5.63792730e+02	5.64550101e+02	5.65334493e+02	5.66145383e+02	5.66982253e+02	5.67844592e+02	5.68731895e+02	5.69643664e+02	5.70579410e+02	5.71538647e+02	5.72520901e+02	5.73525702e+02	5.74552588e+02	5.75601105e+02	5.76670807e+02	5.77761255e+02	5.78872016e+02	5.80002668e+02	5.81152793e+02	5.82321982e+02	5.83509834e+02	5.84715955e+02	5.85939958e+02	5.87181464e+02	5.88440100e+02	5.89715501e+02	5.91007311e+02	5.92315179e+02	5.93638760e+02	5.94977719e+02	5.96331726e+02	5.97700458e+02	5.99083599e+02	6.00480839e+02	6.01891875e+02	6.03316411e+02	6.04754155e+02	6.06204825e+02	6.07668142e+02	6.09143835e+02	6.10631636e+02	6.12131287e+02	6.13642533e+02	6.15165125e+02	6.16698821e+02	6.18243381e+02	6.19798575e+02	6.21364174e+02	6.22939957e+02	6.24525707e+02	6.26121212e+02	6.27726265e+02	6.29340664e+02	6.30964210e+02	6.32596712e+02	6.34237979e+02	6.35887828e+02	6.37546079e+02	6.39212556e+02	6.40887088e+02	6.42569507e+02	6.44259649e+02	6.45957355e+02	6.47662468e+02	6.49374837e+02	6.51094312e+02	6.52820749e+02	6.54554005e+02	6.56293942e+02	6.58040425e+02	6.59793323e+02	6.61552507e+02	6.63317851e+02	6.65089232e+02	6.66866531e+02	6.68649631e+02	6.70438418e+02	6.72232780e+02	6.74032610e+02	6.75837801e+02	6.77648250e+02	6.79463855e+02
17	37	7.66691536e+02	7.64182246e+02	7.61686343e+02	7.59203846e+02	7.56734769e+02	7.54279122e+02	7.51836911e+02	7.49408137e+02	7.46992794e+02	7.44590872e+02	7.42202357e+02	7.39827225e+02	7.37465450e+02	7.35116996e+02	7.32781823e+02	7.30459882e+02	7.28151117e+02	7.25855464e+02	7.23572852e+02	7.21303200e+02	7.19046420e+02	7.16802414e+02	7.14571075e+02	7.12352285e+02	7.10145919e+02	7.07951839e+02	7.05769898e+02	7.03599938e+02	7.01441790e+02	6.99295275e+02	6.97160201e+02	6.95036368e+02	6.92923563e+02	6.90821561e+02	6.88730130e+02	6.86649024e+02	6.84577988e+02	6.82516761e+02	6.80465069e+02	6.78422633e+02	6.76389167e+02	6.74364380e+02	6.72347975e+02	6.70339657e+02	6.68339128e+02	6.66346093e+02	6.64360261e+02	6.62381351e+02	6.60409090e+02	6.58443219e+02	6.56483499e+02	6.54529711e+02	6.52581661e+02	6.50639186e+02	6.48702159e+02	6.46770489e+02	6.44844134e+02	6.42923098e+02	6.41007440e+02	6.39097279e+02	6.37192797e+02	6.35294244e+02	6.33401941e+02	6.31516287e+02	6.29637757e+02	6.27766906e+02	6.25904374e+02	6.24050881e+02	6.22207230e+02	6.20374304e+02	6.18553067e+02	6.16744558e+02	6.14949886e+02	6.13170227e+02	6.11406818e+02	6.09660947e+02	6.07933952e+02	6.06227204e+02	6.04542105e+02	6.02880079e+02	6.01242556e+02	5.99630972e+02	5.98046755e+02	5.96491314e+02	5.94966037e+02	5.93472277e+02	5.92011346e+02	5.90584511e+02	5.89192986e+02	5.87837924e+02	5.86520417e+02	5.85241489e+02	5.84002096e+02	5.82803119e+02	5.81645365e+02	5.80529569e+02	5.79456388e+02	5.78426405e+02	5.77440129e+02	5.76497997e+02	5.75600373e+02	5.74747552e+02	5.73939765e+02	5.73177174e+02	5.72459884e+02	5.71787937e+02	5.71161322e+02	5.70579974e+02	5.70043779e+02	5.69552576e+02	5.69106159e+02	5.68704284e+02	5.68346666e+02	5.68032989e+02	5.67762901e+02	5.67536022e+02	5.67351946e+02	5.67210241e+02	5.67110455e+02	5.67052113e+02	5.67034724e+02	5.67057782e+02	5.67120764e+02	5.67223138e+02	5.67364359e+02	5.67543874e+02	5.67761123e+02	5.68015538e+02	5.68306548e+02	5.68633577e+02	5.68996047e+02	5.69393376e+02	5.69824985e+02	5.70290292e+02	5.70788717e+02	5.71319682e+02	5.71882610e+02	5.72476928e+02	5.73102066e+02	5.73757458e+02	5.74442543e+02	5.75156763e+02	5.75899568e+02	5.76670411e+02	5.77468753e+02	5.78294059e+02	5.79145803e+02	5.80023462e+02	5.80926525e+02	5.81854482e+02	5.82806835e+02	5.83783091e+02	5.84782765e+02	5.85805379e+02	5.86850463e+02	5.87917554e+02	5.89006197e+02	5.90115945e+02	5.91246359e+02	5.92397006e+02	5.93567462e+02	5.94757311e+02	5.95966143e+02	5.97193556e+02	5.98439158e+02	5.99702561e+02	6.00983386e+02	6.02281262e+02	6.03595825e+02	6.04926717e+02	6.06273588e+02	6.07636097e+02	6.09013906e+02	6.10406687e+02	6.11814118e+02	6.13235884e+02	6.14671675e+02	6.16121190e+02	6.17584133e+02	6.19060215e+02	6.20549152e+02	6.22050668e+02	6.23564492e+02	6.25090358e+02	6.26628009e+02	6.28177190e+02	6.29737653e+02	6.31309158e+02	6.32891466e+02	6.34484347e+02	6.36087575e+02	6.37700929e+02	6.39324192e+02	6.40957155e+02	6.42599610e+02	6.44251357e+02	6.45912199e+02	6.47581944e+02	6.49260404e+02	6.50947397e+02	6.52642742e+02	6.54346266e+02	6.56057798e+02	6.57777171e+02	6.59504222e+02	6.61238793e+02	6.62980728e+02	6.64729877e+02	6.66486091e+02	6.68249226e+02	6.70019141e+02	6.71795698e+02	6.73578765e+02	6.75368208e+02	6.77163902e+02	6.78965720e+02	6.80773542e+02	6.82587247e+02	6.84406721e+02	6.86231849e+02	6.88062522e+02	6.89898632e+02	6.91740072e+02	6.93586741e+02
18	37	7.66691536e+02	7.64182246e+02	7.61686343e+02	7.59203846e+02	7.56734769e+02	7.54279122e+02	7.51836911e+02	7.49408137e+02	7.46992794e+02	7.44590872e+02	7.42202357e+02	7.39827225e+02	7.37465450e+02	7.35116996e+02	7.32781823e+02	7.30459882e+02	7.28151117e+02	7.25855464e+02	7.23572852e+02	7.21303200e+02	7.19046420e+02	7.16802414e+02	7.14571075e+02	7.12352285e+02	7.10145919e+02	7.07951839e+02	7.05769898e+02	7.03599938e+02	7.01441790e+02	6.99295275e+02	6.97160201e+02	6.95036368e+02	6.92923563e+02	6.90821561e+02	6.88730130e+02	6.86649024e+02	6.84577988e+02	6.82516761e+02	6.80465069e+02	6.78422633e+02	6.76389167e+02	6.74364380e+02	6.72347975e+02	6.70339657e+02	6.68339128e+02	6.66346093e+02	6.64360261e+02	6.62381351e+02	6.60409090e+02	6.58443219e+02	6.56483499e+02	6.54529711e+02	6.52581661e+02	6.50639186e+02	6.48702159e+02	6.46770489e+02	6.44844134e+02	6.42923098e+02	6.41007440e+02	6.39097279e+02	6.37192797e+02	6.35294244e+02	6.33401941e+02	6.31516287e+02	6.29637757e+02	6.27766906e+02	6.25904374e+02	6.24050881e+02	6.22207230e+02	6.20374304e+02	6.18553067e+02	6.16744558e+02	6.14949886e+02	6.13170227e+02	6.11406818e+02	6.09660947e+02	6.07933952e+02	6.06227204e+02	6.04542105e+02	6.02880079e+02	6.01242556e+02	5.99630972e+02	5.98046755e+02	5.96491314e+02	5.94966037e+02	5.93472277e+02	5.92011346e+02	5.90584511e+02	5.89192986e+02	5.87837924e+02	5.86520417e+02	5.85241489e+02	5.84002096e+02	5.82803119e+02	5.81645365e+02	5.80529569e+02	5.79456388e+02	5.78426405e+02	5.77440129e+02	5.76497997e+02	5.75600373e+02	5.74747552e+02	5.73939765e+02	5.73177174e+02	5.72459884e+02	5.71787937e+02	5.71161322e+02	5.70579974e+02	5.70043779e+02	5.69552576e+02	5.69106159e+02	5.68704284e+02	5.68346666e+02	5.68032989e+02	5.67762901e+02	5.67536022e+02	5.67351946e+02	5.67210241e+02	5.67110455e+02	5.67052113e+02	5.67034724e+02	5.67057782e+02	5.67120764e+02	5.67223138e+02	5.67364359e+02	5.67543874e+02	5.67761123e+02	5.68015538e+02	5.68306548e+02	5.68633577e+02	5.68996047e+02	5.69393376e+02	5.69824985e+02	5.70290292e+02	5.70788717e+02	5.71319682e+02	5.71882610e+02	5.72476928e+02	5.73102066e+02	5.73757458e+02	5.74442543e+02	5.75156763e+02	5.75899568e+02	5.76670411e+02	5.77468753e+02	5.78294059e+02	5.79145803e+02	5.80023462e+02	5.80926525e+02	5.81854482e+02	5.82806835e+02	5.83783091e+02	5.84782765e+02	5.85805379e+02	5.86850463e+02	5.87917554e+02	5.89006197e+02	5.90115945e+02	5.91246359e+02	5.92397006e+02	5.93567462e+02	5.94757311e+02	5.95966143e+02	5.97193556e+02	5.98439158e+02	5.99702561e+02	6.00983386e+02	6.02281262e+02	6.03595825e+02	6.04926717e+02	6.06273588e+02	6.07636097e+02	6.09013906e+02	6.10406687e+02	6.11814118e+02	6.13235884e+02	6.14671675e+02	6.16121190e+02	6.17584133e+02	6.19060215e+02	6.20549152e+02	6.22050668e+02	6.23564492e+02	6.25090358e+02	6.26628009e+02	6.28177190e+02	6.29737653e+02	6.31309158e+02	6.32891466e+02	6.34484347e+02	6.36087575e+02	6.37700929e+02	6.39324192e+02	6.40957155e+02	6.42599610e+02	6.44251357e+02	6.45912199e+02	6.47581944e+02	6.49260404e+02	6.50947397e+02	6.52642742e+02	6.54346266e+02	6.56057798e+02	6.57777171e+02	6.59504222e+02	6.61238793e+02	6.62980728e+02	6.64729877e+02	6.66486091e+02	6.68249226e+02	6.70019141e+02	6.71795698e+02	6.73578765e+02	6.75368208e+02	6.77163902e+02	6.78965720e+02	6.80773542e+02	6.82587247e+02	6.84406721e+02	6.86231849e+02	6.88062522e+02	6.89898632e+02	6.91740072e+02	6.93586741e+02
18	38	7.81920516e+02	7.79370226e+02	7.76833518e+02	7.74310411e+02	7.71800920e+02	7.69305055e+02	7.66822822e+02	7.64354222e+02	7.61899250e+02	7.59457896e+02	7.57030145e+02	7.54615974e+02	7.52215356e+02	7.49828256e+02	7.47454631e+02	7.45094434e+02	7.42747606e+02	7.40414085e+02	7.38093797e+02	7.35786661e+02	7.33492586e+02	7.31211475e+02	7.28943217e+02	7.26687695e+02	7.24444780e+02	7.22214333e+02	7.19996205e+02	7.17790234e+02	7.15596250e+02	7.13414071e+02	7.11243503e+02	7.09084340e+02	7.06936367e+02	7.04799357e+02	7.02673072e+02	7.00557264e+02	6.98451674e+02	6.96356034e+02	6.94270069e+02	6.92193494e+02	6.90126018e+02	6.88067345e+02	6.86017175e+02	6.83975207e+02	6.81941138e+02	6.79914668e+02	6.77895502e+02	6.75883354e+02	6.73877946e+02	6.71879017e+02	6.69886321e+02	6.67899637e+02	6.65918767e+02	6.63943546e+02	6.61973844e+02	6.60009571e+02	6.58050681e+02	6.56097181e+02	6.54149129e+02	6.52206647e+02	6.50269920e+02	6.48339203e+02	6.46414821e+02	6.44497181e+02	6.42586766e+02	6.40684141e+02	6.38789955e+02	6.36904942e+02	6.35029919e+02	6.33165785e+02	6.31313519e+02	6.29474178e+02	6.27648891e+02	6.25838855e+02	6.24045327e+02	6.22269619e+02	6.20513090e+02	6.18777138e+02	6.17063188e+02	6.15372688e+02	6.13707095e+02	6.12067870e+02	6.10456465e+02	6.08874315e+02	6.07322832e+02	6.05803393e+02	6.04317335e+02	6.02865946e+02	6.01450461e+02	6.00072056e+02	5.98731842e+02	5.97430861e+02	5.96170086e+02	5.94950415e+02	5.93772670e+02	5.92637599e+02	5.91545871e+02	5.90498081e+02	5.89494748e+02	5.88536315e+02	5.87623155e+02	5.86755570e+02	5.85933792e+02	5.85157990e+02	5.84428270e+02	5.83744675e+02	5.83107196e+02	5.82515766e+02	5.81970271e+02	5.81470545e+02	5.81016382e+02	5.80607532e+02	5.80243707e+02	5.79924584e+02	5.79649806e+02	5.79418988e+02	5.79231716e+02	5.79087550e+02	5.78986031e+02	5.78926675e+02	5.78908985e+02	5.78932443e+02	5.78996519e+02	5.79100670e+02	5.79244344e+02	5.79426976e+02	5.79647997e+02	5.79906830e+02	5.80202892e+02	5.80535598e+02	5.80904358e+02	5.81308583e+02	5.81747680e+02	5.82221059e+02	5.82728129e+02	5.83268302e+02	5.83840989e+02	5.84445609e+02	5.85081580e+02	5.85748327e+02	5.86445278e+02	5.87171866e+02	5.87927530e+02	5.88711713e+02	5.89523867e+02	5.90363447e+02	5.91229918e+02	5.92122747e+02	5.93041413e+02	5.93985399e+02	5.94954195e+02	5.95947302e+02	5.96964224e+02	5.98004475e+02	5.99067577e+02	6.00153058e+02	6.01260455e+02	6.02389314e+02	6.03539185e+02	6.04709630e+02	6.05900216e+02	6.07110519e+02	6.08340122e+02	6.09588617e+02	6.10855603e+02	6.12140687e+02	6.13443481e+02	6.14763609e+02	6.16100698e+02	6.17454386e+02	6.18824316e+02	6.20210140e+02	6.21611515e+02	6.23028106e+02	6.24459585e+02	6.25905632e+02	6.27365933e+02	6.28840179e+02	6.30328069e+02	6.31829309e+02	6.33343611e+02	6.34870693e+02	6.36410279e+02	6.37962099e+02	6.39525890e+02	6.41101394e+02	6.42688358e+02	6.44286537e+02	6.45895689e+02	6.47515579e+02	6.49145977e+02	6.50786657e+02	6.52437401e+02	6.54097993e+02	6.55768224e+02	6.57447889e+02	6.59136788e+02	6.60834725e+02	6.62541509e+02	6.64256954e+02	6.65980878e+02	6.67713102e+02	6.69453454e+02	6.71201763e+02	6.72957865e+02	6.74721596e+02	6.76492801e+02	6.78271324e+02	6.80057015e+02	6.81849728e+02	6.83649318e+02	6.85455647e+02	6.87268577e+02	6.89087976e+02	6.90913712e+02	6.92745660e+02	6.94583696e+02	6.96427697e+02	6.98277547e+02	7.00133131e+02	7.01994334e+02	7.03861049e+02	7.05733168e+02	7.07610586e+02
19	39	7.97041773e+02	7.94450892e+02	7.91873786e+02	7.89310473e+02	7.86760969e+02	7.84225286e+02	7.81703428e+02	7.79195398e+02	7.76701191e+02	7.74220796e+02	7.71754199e+02	7.69301377e+02	7.66862301e+02	7.64436937e+02	7.62025242e+02	7.59627167e+02	7.57242655e+02	7.54871640e+02	7.52514049e+02	7.50169800e+02	7.47838800e+02	7.45520950e+02	7.43216140e+02	7.40924249e+02	7.38645146e+02	7.36378691e+02	7.34124732e+02	7.31883107e+02	7.29653641e+02	7.27436149e+02	7.25230436e+02	7.23036291e+02	7.20853498e+02	7.18681824e+02	7.16521029e+02	7.14370860e+02	7.12231056e+02	7.10101343e+02	7.07981441e+02	7.05871062e+02	7.03769910e+02	7.01677685e+02	6.99594082e+02	6.97518793e+02	6.95451513e+02	6.93391937e+02	6.91339764e+02	6.89294704e+02	6.87256474e+02	6.85224810e+02	6.83199461e+02	6.81180202e+02	6.79166833e+02	6.77159187e+02	6.75157130e+02	6.73160572e+02	6.71169465e+02	6.69183817e+02	6.67203688e+02	6.65229200e+02	6.63260543e+02	6.61297974e+02	6.59341826e+02	6.57392511e+02	6.55450521e+02	6.53516430e+02	6.51590899e+02	6.49674673e+02	6.47768583e+02	6.45873543e+02	6.43990549e+02	6.42120675e+02	6.40265070e+02	6.38424951e+02	6.36601596e+02	6.34796339e+02	6.33010564e+02	6.31245689e+02	6.29503167e+02	6.27784469e+02	6.26091078e+02	6.24424478e+02	6.22786147e+02	6.21177546e+02	6.19600110e+02	6.18055240e+02	6.16544295e+02	6.15068589e+02	6.13629375e+02	6.12227852e+02	6.10865148e+02	6.09542327e+02	6.08260376e+02	6.07020209e+02	6.05822666e+02	6.04668504e+02	6.03558408e+02	6.02492982e+02	6.01472755e+02	6.00498178e+02	5.99569631e+02	5.98687421e+02	5.97851788e+02	5.97062901e+02	5.96320869e+02	5.95625739e+02	5.94977500e+02	5.94376085e+02	5.93821377e+02	5.93313211e+02	5.92851376e+02	5.92435617e+02	5.92065644e+02	5.91741128e+02	5.91461705e+02	5.91226985e+02	5.91036547e+02	5.90889944e+02	5.90786708e+02	5.90726349e+02	5.90708360e+02	5.90732214e+02	5.90797374e+02	5.90903286e+02	5.91049389e+02	5.91235109e+02	5.91459866e+02	5.91723074e+02	5.92024140e+02	5.92362468e+02	5.92737459e+02	5.93148513e+02	5.93595027e+02	5.94076401e+02	5.94592033e+02	5.95141325e+02	5.95723679e+02	5.96338501e+02	5.96985202e+02	5.97663195e+02	5.98371898e+02	5.99110735e+02	5.99879135e+02	6.00676531e+02	6.01502364e+02	6.02356082e+02	6.03237137e+02	6.04144991e+02	6.05079111e+02	6.06038971e+02	6.07024054e+02	6.08033848e+02	6.09067853e+02	6.10125572e+02	6.11206518e+02	6.12310213e+02	6.13436184e+02	6.14583968e+02	6.15753110e+02	6.16943161e+02	6.18153683e+02	6.19384243e+02	6.20634418e+02	6.21903792e+02	6.23191956e+02	6.24498511e+02	6.25823062e+02	6.27165226e+02	6.28524625e+02	6.29900888e+02	6.31293654e+02	6.32702567e+02	6.34127280e+02	6.35567450e+02	6.37022746e+02	6.38492839e+02	6.39977410e+02	6.41476147e+02	6.42988743e+02	6.44514898e+02	6.46054318e+02	6.47606718e+02	6.49171816e+02	6.50749337e+02	6.52339015e+02	6.53940586e+02	6.55553793e+02	6.57178387e+02	6.58814121e+02	6.60460757e+02	6.62118060e+02	6.63785801e+02	6.65463757e+02	6.67151710e+02	6.68849445e+02	6.70556756e+02	6.72273437e+02	6.73999290e+02	6.75734122e+02	6.77477741e+02	6.79229963e+02	6.80990608e+02	6.82759497e+02	6.84536460e+02	6.86321327e+02	6.88113934e+02	6.89914121e+02	6.91721731e+02	6.93536610e+02	6.95358610e+02	6.97187585e+02	6.99023392e+02	7.00865893e+02	7.02714953e+02	7.04570437e+02	7.06432219e+02	7.08300171e+02	7.10174171e+02	7.12054099e+02	7.13939837e+02	7.15831271e+02	7.17728290e+02	7.19630785e+02	7.21538649e+02
18	40	8.12058811e+02	8.09427732e+02	8.06810618e+02	8.04207489e+02	8.01618360e+02	7.99043244e+02	7.96482145e+02	7.93935067e+02	7.91402003e+02	7.88882945e+02	7.86377877e+02	7.83886777e+02	7.81409615e+02	7.78946357e+02	7.76496959e+02	7.74061373e+02	7.71639539e+02	7.69231393e+02	7.66836858e+02	7.64455853e+02	7.62088284e+02	7.59734049e+02	7.57393038e+02	7.55065127e+02	7.52750185e+02	7.50448069e+02	7.48158624e+02	7.45881687e+02	7.43617080e+02	7.41364615e+02	7.39124093e+02	7.36895304e+02	7.34678024e+02	7.32472019e+02	7.30277045e+02	7.28092845e+02	7.25919153e+02	7.23755693e+02	7.21602180e+02	7.19458320e+02	7.17323815e+02	7.15198359e+02	7.13081641e+02	7.10973351e+02	7.08873178e+02	7.06780811e+02	7.04695946e+02	7.02618288e+02	7.00547550e+02	6.98483461e+02	6.96425771e+02	6.94374248e+02	6.92328690e+02	6.90288927e+02	6.88254823e+02	6.86226286e+02	6.84203270e+02	6.82185779e+02	6.80173877e+02	6.78167688e+02	6.76167403e+02	6.74173285e+02	6.72185672e+02	6.70204983e+02	6.68231717e+02	6.66266458e+02	6.64309878e+02	6.62362735e+02	6.60425871e+02	6.58500217e+02	6.56586786e+02	6.54686668e+02	6.52801031e+02	6.50931113e+02	6.49078212e+02	6.47243686e+02	6.45428938e+02	6.43635415e+02	6.41864589e+02	6.40117958e+02	6.38397029e+02	6.36703312e+02	6.35038309e+02	6.33403505e+02	6.31800359e+02	6.30230297e+02	6.28694701e+02	6.27194904e+02	6.25732185e+02	6.24307759e+02	6.22922777e+02	6.21578319e+02	6.20275390e+02	6.19014921e+02	6.17797763e+02	6.16624690e+02	6.15496397e+02	6.14413500e+02	6.13376536e+02	6.12385965e+02	6.11442175e+02	6.10545479e+02	6.09696118e+02	6.08894269e+02	6.08140041e+02	6.07433482e+02	6.06774583e+02	6.06163275e+02	6.05599442e+02	6.05082914e+02	6.04613477e+02	6.04190876e+02	6.03814811e+02	6.03484952e+02	6.03200928e+02	6.02962343e+02	6.02768768e+02	6.02619750e+02	6.02514814e+02	6.02453461e+02	6.02435175e+02	6.02459422e+02	6.02525655e+02	6.02633312e+02	6.02781821e+02	6.02970600e+02	6.03199058e+02	6.03466600e+02	6.03772624e+02	6.04116522e+02	6.04497686e+02	6.04915505e+02	6.05369368e+02	6.05858662e+02	6.06382776e+02	6.06941102e+02	6.07533032e+02	6.08157963e+02	6.08815293e+02	6.09504427e+02	6.10224773e+02	6.10975745e+02	6.11756761e+02	6.12567246e+02	6.13406631e+02	6.14274354e+02	6.15169859e+02	6.16092596e+02	6.17042025e+02	6.18017611e+02	6.19018828e+02	6.20045155e+02	6.21096082e+02	6.22171105e+02	6.23269729e+02	6.24391466e+02	6.25535837e+02	6.26702370e+02	6.27890601e+02	6.29100076e+02	6.30330346e+02	6.31580974e+02	6.32851527e+02	6.34141583e+02	6.35450726e+02	6.36778550e+02	6.38124654e+02	6.39488647e+02	6.40870145e+02	6.42268772e+02	6.43684158e+02	6.45115943e+02	6.46563773e+02	6.48027301e+02	6.49506188e+02	6.51000100e+02	6.52508714e+02	6.54031711e+02	6.55568778e+02	6.57119612e+02	6.58683914e+02	6.60261392e+02	6.61851760e+02	6.63454741e+02	6.65070060e+02	6.66697451e+02	6.68336653e+02	6.69987411e+02	6.71649475e+02	6.73322603e+02	6.75006556e+02	6.76701101e+02	6.78406011e+02	6.80121064e+02	6.81846043e+02	6.83580736e+02	6.85324936e+02	6.87078441e+02	6.88841052e+02	6.90612578e+02	6.92392830e+02	6.94181623e+02	6.95978779e+02	6.97784122e+02	6.99597481e+02	7.01418688e+02	7.03247580e+02	7.05083999e+02	7.06927788e+02	7.08778796e+02	7.10636874e+02	7.12501879e+02	7.14373668e+02	7.16252104e+02	7.18137052e+02	7.20028382e+02	7.21925965e+02	7.23829676e+02	7.25739393e+02	7.27654997e+02	7.29576372e+02	7.31503404e+02	7.33435984e+02	7.35374002e+02
20	40	8.12058811e+02	8.09427732e+02	8.06810618e+02	8.04207489e+02	8.01618360e+02	7.99043244e+02	7.96482145e+02	7.93935067e+02	7.91402003e+02	7.88882945e+02	7.86377877e+02	7.83886777e+02	7.81409615e+02	7.78946357e+02	7.76496959e+02	7.74061373e+02	7.71639539e+02	7.69231393e+02	7.66836858e+02	7.64455853e+02	7.62088284e+02	7.59734049e+02	7.57393038e+02	7.55065127e+02	7.52750185e+02	7.50448069e+02	7.48158624e+02	7.45881687e+02	7.43617080e+02	7.41364615e+02	7.39124093e+02	7.36895304e+02	7.34678024e+02	7.32472019e+02	7.30277045e+02	7.28092845e+02	7.25919153e+02	7.23755693e+02	7.21602180e+02	7.19458320e+02	7.17323815e+02	7.15198359e+02	7.13081641e+02	7.10973351e+02	7.08873178e+02	7.06780811e+02	7.04695946e+02	7.02618288e+02	7.00547550e+02	6.98483461e+02	6.96425771e+02	6.94374248e+02	6.92328690e+02	6.90288927e+02	6.88254823e+02	6.86226286e+02	6.84203270e+02	6.82185779e+02	6.80173877e+02	6.78167688e+02	6.76167403e+02	6.74173285e+02	6.72185672e+02	6.70204983e+02	6.68231717e+02	6.66266458e+02	6.64309878e+02	6.62362735e+02	6.60425871e+02	6.58500217e+02	6.56586786e+02	6.54686668e+02	6.52801031e+02	6.50931113e+02	6.49078212e+02	6.47243686e+02	6.45428938e+02	6.43635415e+02	6.41864589e+02	6.40117958e+02	6.38397029e+02	6.36703312e+02	6.35038309e+02	6.33403505e+02	6.31800359e+02	6.30230297e+02	6.28694701e+02	6.27194904e+02	6.25732185e+02	6.24307759e+02	6.22922777e+02	6.21578319e+02	6.20275390e+02	6.19014921e+02	6.17797763e+02	6.16624690e+02	6.15496397e+02	6.14413500e+02	6.13376536e+02	6.12385965e+02	6.11442175e+02	6.10545479e+02	6.09696118e+02	6.08894269e+02	6.08140041e+02	6.07433482e+02	6.06774583e+02	6.06163275e+02	6.05599442e+02	6.05082914e+02	6.04613477e+02	6.04190876e+02	6.03814811e+02	6.03484952e+02	6.03200928e+02	6.02962343e+02	6.02768768e+02	6.02619750e+02	6.02514814e+02	6.02453461e+02	6.02435175e+02	6.02459422e+02	6.02525655e+02	6.02633312e+02	6.02781821e+02	6.02970600e+02	6.03199058e+02	6.03466600e+02	6.03772624e+02	6.04116522e+02	6.04497686e+02	6.04915505e+02	6.05369368e+02	6.05858662e+02	6.06382776e+02	6.06941102e+02	6.07533032e+02	6.08157963e+02	6.08815293e+02	6.09504427e+02	6.10224773e+02	6.10975745e+02	6.11756761e+02	6.12567246e+02	6.13406631e+02	6.14274354e+02	6.15169859e+02	6.16092596e+02	6.17042025e+02	6.18017611e+02	6.19018828e+02	6.20045155e+02	6.21096082e+02	6.22171105e+02	6.23269729e+02	6.24391466e+02	6.25535837e+02	6.26702370e+02	6.27890601e+02	6.29100076e+02	6.30330346e+02	6.31580974e+02	6.32851527e+02	6.34141583e+02	6.35450726e+02	6.36778550e+02	6.38124654e+02	6.39488647e+02	6.40870145e+02	6.42268772e+02	6.43684158e+02	6.45115943e+02	6.46563773e+02	6.48027301e+02	6.49506188e+02	6.51000100e+02	6.52508714e+02	6.54031711e+02	6.55568778e+02	6.57119612e+02	6.58683914e+02	6.60261392e+02	6.61851760e+02	6.63454741e+02	6.65070060e+02	6.66697451e+02	6.68336653e+02	6.69987411e+02	6.71649475e+02	6.73322603e+02	6.75006556e+02	6.76701101e+02	6.78406011e+02	6.80121064e+02	6.81846043e+02	6.83580736e+02	6.85324936e+02	6.87078441e+02	6.88841052e+02	6.90612578e+02	6.92392830e+02	6.94181623e+02	6.95978779e+02	6.97784122e+02	6.99597481e+02	7.01418688e+02	7.03247580e+02	7.05083999e+02	7.06927788e+02	7.08778796e+02	7.10636874e+02	7.12501879e+02	7.14373668e+02	7.16252104e+02	7.18137052e+02	7.20028382e+02	7.21925965e+02	7.23829676e+02	7.25739393e+02	7.27654997e+02	7.29576372e+02	7.31503404e+02	7.33435984e+02	7.35374002e+02
19	40	8.12058811e+02	8.09427732e+02	8.06810618e+02	8.04207489e+02	8.01618360e+02	7.99043244e+02	7.96482145e+02	7.93935067e+02	7.91402003e+02	7.88882945e+02	7.86377877e+02	7.83886777e+02	7.81409615e+02	7.78946357e+02	7.76496959e+02	7.74061373e+02	7.71639539e+02	7.69231393e+02	7.66836858e+02	7.64455853e+02	7.62088284e+02	7.59734049e+02	7.57393038e+02	7.55065127e+02	7.52750185e+02	7.50448069e+02	7.48158624e+02	7.45881687e+02	7.43617080e+02	7.41364615e+02	7.39124093e+02	7.36895304e+02	7.34678024e+02	7.32472019e+02	7.30277045e+02	7.28092845e+02	7.25919153e+02	7.23755693e+02	7.21602180e+02	7.19458320e+02	7.17323815e+02	7.15198359e+02	7.13081641e+02	7.10973351e+02	7.08873178e+02	7.06780811e+02	7.04695946e+02	7.02618288e+02	7.00547550e+02	6.98483461e+02	6.96425771e+02	6.94374248e+02	6.92328690e+02	6.90288927e+02	6.88254823e+02	6.86226286e+02	6.84203270e+02	6.82185779e+02	6.80173877e+02	6.78167688e+02	6.76167403e+02	6.74173285e+02	6.72185672e+02	6.70204983e+02	6.68231717e+02	6.66266458e+02	6.64309878e+02	6.62362735e+02	6.60425871e+02	6.58500217e+02	6.56586786e+02	6.54686668e+02	6.52801031e+02	6.50931113e+02	6.49078212e+02	6.47243686e+02	6.45428938e+02	6.43635415e+02	6.41864589e+02	6.40117958e+02	6.38397029e+02	6.36703312e+02	6.35038309e+02	6.33403505e+02	6.31800359e+02	6.30230297e+02	6.28694701e+02	6.27194904e+02	6.25732185e+02	6.24307759e+02	6.22922777e+02	6.21578319e+02	6.20275390e+02	6.19014921e+02	6.17797763e+02	6.16624690e+02	6.15496397e+02	6.14413500e+02	6.13376536e+02	6.12385965e+02	6.11442175e+02	6.10545479e+02	6.09696118e+02	6.08894269e+02	6.08140041e+02	6.07433482e+02	6.06774583e+02	6.06163275e+02	6.05599442e+02	6.05082914e+02	6.04613477e+02	6.04190876e+02	6.03814811e+02	6.03484952e+02	6.03200928e+02	6.02962343e+02	6.02768768e+02	6.02619750e+02	6.02514814e+02	6.02453461e+02	6.02435175e+02	6.02459422e+02	6.02525655e+02	6.02633312e+02	6.02781821e+02	6.02970600e+02	6.03199058e+02	6.03466600e+02	6.03772624e+02	6.04116522e+02	6.04497686e+02	6.04915505e+02	6.05369368e+02	6.05858662e+02	6.06382776e+02	6.06941102e+02	6.07533032e+02	6.08157963e+02	6.08815293e+02	6.09504427e+02	6.10224773e+02	6.10975745e+02	6.11756761e+02	6.12567246e+02	6.13406631e+02	6.14274354e+02	6.15169859e+02	6.16092596e+02	6.17042025e+02	6.18017611e+02	6.19018828e+02	6.20045155e+02	6.21096082e+02	6.22171105e+02	6.23269729e+02	6.24391466e+02	6.25535837e+02	6.26702370e+02	6.27890601e+02	6.29100076e+02	6.30330346e+02	6.31580974e+02	6.32851527e+02	6.34141583e+02	6.35450726e+02	6.36778550e+02	6.38124654e+02	6.39488647e+02	6.40870145e+02	6.42268772e+02	6.43684158e+02	6.45115943e+02	6.46563773e+02	6.48027301e+02	6.49506188e+02	6.51000100e+02	6.52508714e+02	6.54031711e+02	6.55568778e+02	6.57119612e+02	6.58683914e+02	6.60261392e+02	6.61851760e+02	6.63454741e+02	6.65070060e+02	6.66697451e+02	6.68336653e+02	6.69987411e+02	6.71649475e+02	6.73322603e+02	6.75006556e+02	6.76701101e+02	6.78406011e+02	6.80121064e+02	6.81846043e+02	6.83580736e+02	6.85324936e+02	6.87078441e+02	6.88841052e+02	6.90612578e+02	6.92392830e+02	6.94181623e+02	6.95978779e+02	6.97784122e+02	6.99597481e+02	7.01418688e+02	7.03247580e+02	7.05083999e+02	7.06927788e+02	7.08778796e+02	7.10636874e+02	7.12501879e+02	7.14373668e+02	7.16252104e+02	7.18137052e+02	7.20028382e+02	7.21925965e+02	7.23829676e+02	7.25739393e+02	7.27654997e+02	7.29576372e+02	7.31503404e+02	7.33435984e+02	7.35374002e+02
19	41	8.26974934e+02	8.24304037e+02	8.21647293e+02	8.19004722e+02	8.16376343e+02	8.13762165e+02	8.11162195e+02	8.08576436e+02	8.06004883e+02	8.03447526e+02	8.00904349e+02	7.98375330e+02	7.95860441e+02	7.93359645e+02	7.90872900e+02	7.88400154e+02	7.85941350e+02	7.83496420e+02	7.81065289e+02	7.78647873e+02	7.76244078e+02	7.73853800e+02	7.71476927e+02	7.69113335e+02	7.66762889e+02	7.64425446e+02	7.62100848e+02	7.59788929e+02	7.57489510e+02	7.55202399e+02	7.52927395e+02	7.50664284e+02	7.48412840e+02	7.46172825e+02	7.43943991e+02	7.41726078e+02	7.39518815e+02	7.37321923e+02	7.35135112e+02	7.32958084e+02	7.30790537e+02	7.28632158e+02	7.26482635e+02	7.24341651e+02	7.22208890e+02	7.20084038e+02	7.17966785e+02	7.15856832e+02	7.13753887e+02	7.11657677e+02	7.09567944e+02	7.07484457e+02	7.05407009e+02	7.03335426e+02	7.01269573e+02	6.99209354e+02	6.97154723e+02	6.95105685e+02	6.93062304e+02	6.91024706e+02	6.88993087e+02	6.86967711e+02	6.84948925e+02	6.82937151e+02	6.80932898e+02	6.78936759e+02	6.76949417e+02	6.74971640e+02	6.73004287e+02	6.71048302e+02	6.69104713e+02	6.67174629e+02	6.65259237e+02	6.63359793e+02	6.61477619e+02	6.59614091e+02	6.57770638e+02	6.55948728e+02	6.54149859e+02	6.52375551e+02	6.50627338e+02	6.48906752e+02	6.47215321e+02	6.45554554e+02	6.43925934e+02	6.42330909e+02	6.40770886e+02	6.39247220e+02	6.37761209e+02	6.36314091e+02	6.34907034e+02	6.33541137e+02	6.32217421e+02	6.30936834e+02	6.29700241e+02	6.28508429e+02	6.27362105e+02	6.26261895e+02	6.25208347e+02	6.24201929e+02	6.23243034e+02	6.22331982e+02	6.21469019e+02	6.20654325e+02	6.19888012e+02	6.19170129e+02	6.18500666e+02	6.17879556e+02	6.17306679e+02	6.16781865e+02	6.16304897e+02	6.15875514e+02	6.15493414e+02	6.15158259e+02	6.14869676e+02	6.14627260e+02	6.14430577e+02	6.14279167e+02	6.14172546e+02	6.14110207e+02	6.14091628e+02	6.14116264e+02	6.14183561e+02	6.14292946e+02	6.14443840e+02	6.14635650e+02	6.14867777e+02	6.15139614e+02	6.15450549e+02	6.15799967e+02	6.16187248e+02	6.16611771e+02	6.17072915e+02	6.17570057e+02	6.18102577e+02	6.18669855e+02	6.19271275e+02	6.19906221e+02	6.20574084e+02	6.21274258e+02	6.22006141e+02	6.22769137e+02	6.23562655e+02	6.24386110e+02	6.25238924e+02	6.26120524e+02	6.27030347e+02	6.27967833e+02	6.28932432e+02	6.29923600e+02	6.30940803e+02	6.31983512e+02	6.33051207e+02	6.34143377e+02	6.35259517e+02	6.36399132e+02	6.37561734e+02	6.38746844e+02	6.39953991e+02	6.41182711e+02	6.42432550e+02	6.43703061e+02	6.44993806e+02	6.46304355e+02	6.47634286e+02	6.48983183e+02	6.50350642e+02	6.51736265e+02	6.53139659e+02	6.54560444e+02	6.55998243e+02	6.57452691e+02	6.58923426e+02	6.60410096e+02	6.61912357e+02	6.63429871e+02	6.64962306e+02	6.66509339e+02	6.68070653e+02	6.69645939e+02	6.71234893e+02	6.72837218e+02	6.74452624e+02	6.76080828e+02	6.77721552e+02	6.79374525e+02	6.81039482e+02	6.82716163e+02	6.84404315e+02	6.86103690e+02	6.87814046e+02	6.89535148e+02	6.91266762e+02	6.93008665e+02	6.94760635e+02	6.96522457e+02	6.98293921e+02	7.00074820e+02	7.01864954e+02	7.03664128e+02	7.05472149e+02	7.07288830e+02	7.09113990e+02	7.10947450e+02	7.12789035e+02	7.14638577e+02	7.16495908e+02	7.18360868e+02	7.20233298e+02	7.22113043e+02	7.23999954e+02	7.25893884e+02	7.27794688e+02	7.29702227e+02	7.31616365e+02	7.33536967e+02	7.35463904e+02	7.37397049e+02	7.39336278e+02	7.41281469e+02	7.43232505e+02	7.45189271e+02	7.47151654e+02	7.49119544e+02
20	41	8.26974934e+02	8.24304037e+02	8.21647293e+02	8.19004722e+02	8.16376343e+02	8.13762165e+02	8.11162195e+02	8.08576436e+02	8.06004883e+02	8.03447526e+02	8.00904349e+02	7.98375330e+02	7.95860441e+02	7.93359645e+02	7.90872900e+02	7.88400154e+02	7.85941350e+02	7.83496420e+02	7.81065289e+02	7.78647873e+02	7.76244078e+02	7.73853800e+02	7.71476927e+02	7.69113335e+02	7.66762889e+02	7.64425446e+02	7.62100848e+02	7.59788929e+02	7.57489510e+02	7.55202399e+02	7.52927395e+02	7.50664284e+02	7.48412840e+02	7.46172825e+02	7.43943991e+02	7.41726078e+02	7.39518815e+02	7.37321923e+02	7.35135112e+02	7.32958084e+02	7.30790537e+02	7.28632158e+02	7.26482635e+02	7.24341651e+02	7.22208890e+02	7.20084038e+02	7.17966785e+02	7.15856832e+02	7.13753887e+02	7.11657677e+02	7.09567944e+02	7.07484457e+02	7.05407009e+02	7.03335426e+02	7.01269573e+02	6.99209354e+02	6.97154723e+02	6.95105685e+02	6.93062304e+02	6.91024706e+02	6.88993087e+02	6.86967711e+02	6.84948925e+02	6.82937151e+02	6.80932898e+02	6.78936759e+02	6.76949417e+02	6.74971640e+02	6.73004287e+02	6.71048302e+02	6.69104713e+02	6.67174629e+02	6.65259237e+02	6.63359793e+02	6.61477619e+02	6.59614091e+02	6.57770638e+02	6.55948728e+02	6.54149859e+02	6.52375551e+02	6.50627338e+02	6.48906752e+02	6.47215321e+02	6.45554554e+02	6.43925934e+02	6.42330909e+02	6.40770886e+02	6.39247220e+02	6.37761209e+02	6.36314091e+02	6.34907034e+02	6.33541137e+02	6.32217421e+02	6.30936834e+02	6.29700241e+02	6.28508429e+02	6.27362105e+02	6.26261895e+02	6.25208347e+02	6.24201929e+02	6.23243034e+02	6.22331982e+02	6.21469019e+02	6.20654325e+02	6.19888012e+02	6.19170129e+02	6.18500666e+02	6.17879556e+02	6.17306679e+02	6.16781865e+02	6.16304897e+02	6.15875514e+02	6.15493414e+02	6.15158259e+02	6.14869676e+02	6.14627260e+02	6.14430577e+02	6.14279167e+02	6.14172546e+02	6.14110207e+02	6.14091628e+02	6.14116264e+02	6.14183561e+02	6.14292946e+02	6.14443840e+02	6.14635650e+02	6.14867777e+02	6.15139614e+02	6.15450549e+02	6.15799967e+02	6.16187248e+02	6.16611771e+02	6.17072915e+02	6.17570057e+02	6.18102577e+02	6.18669855e+02	6.19271275e+02	6.19906221e+02	6.20574084e+02	6.21274258e+02	6.22006141e+02	6.22769137e+02	6.23562655e+02	6.24386110e+02	6.25238924e+02	6.26120524e+02	6.27030347e+02	6.27967833e+02	6.28932432e+02	6.29923600e+02	6.30940803e+02	6.31983512e+02	6.33051207e+02	6.34143377e+02	6.35259517e+02	6.36399132e+02	6.37561734e+02	6.38746844e+02	6.39953991e+02	6.41182711e+02	6.42432550e+02	6.43703061e+02	6.44993806e+02	6.46304355e+02	6.47634286e+02	6.48983183e+02	6.50350642e+02	6.51736265e+02	6.53139659e+02	6.54560444e+02	6.55998243e+02	6.57452691e+02	6.58923426e+02	6.60410096e+02	6.61912357e+02	6.63429871e+02	6.64962306e+02	6.66509339e+02	6.68070653e+02	6.69645939e+02	6.71234893e+02	6.72837218e+02	6.74452624e+02	6.76080828e+02	6.77721552e+02	6.79374525e+02	6.81039482e+02	6.82716163e+02	6.84404315e+02	6.86103690e+02	6.87814046e+02	6.89535148e+02	6.91266762e+02	6.93008665e+02	6.94760635e+02	6.96522457e+02	6.98293921e+02	7.00074820e+02	7.01864954e+02	7.03664128e+02	7.05472149e+02	7.07288830e+02	7.09113990e+02	7.10947450e+02	7.12789035e+02	7.14638577e+02	7.16495908e+02	7.18360868e+02	7.20233298e+02	7.22113043e+02	7.23999954e+02	7.25893884e+02	7.27794688e+02	7.29702227e+02	7.31616365e+02	7.33536967e+02	7.35463904e+02	7.37397049e+02	7.39336278e+02	7.41281469e+02	7.43232505e+02	7.45189271e+02	7.47151654e+02	7.49119544e+02
20	42	8.41793264e+02	8.39082915e+02	8.36386905e+02	8.33705257e+02	8.31037986e+02	8.28385106e+02	8.25746623e+02	8.23122539e+02	8.20512849e+02	8.17917544e+02	8.15336608e+02	8.12770019e+02	8.10217748e+02	8.07679759e+02	8.05156008e+02	8.02646444e+02	8.00151008e+02	7.97669632e+02	7.95202240e+02	7.92748746e+02	7.90309056e+02	7.87883065e+02	7.85470658e+02	7.83071711e+02	7.80686086e+02	7.78313638e+02	7.75954208e+02	7.73607627e+02	7.71273713e+02	7.68952273e+02	7.66643101e+02	7.64345981e+02	7.62060684e+02	7.59786969e+02	7.57524583e+02	7.55273263e+02	7.53032735e+02	7.50802715e+02	7.48582909e+02	7.46373016e+02	7.44172725e+02	7.41981724e+02	7.39799694e+02	7.37626312e+02	7.35461259e+02	7.33304216e+02	7.31154870e+02	7.29012914e+02	7.26878054e+02	7.24750013e+02	7.22628529e+02	7.20513367e+02	7.18404317e+02	7.16301203e+02	7.14203887e+02	7.12112272e+02	7.10026312e+02	7.07946012e+02	7.05871436e+02	7.03802713e+02	7.01740041e+02	6.99683690e+02	6.97634010e+02	6.95591431e+02	6.93556470e+02	6.91529730e+02	6.89511902e+02	6.87503768e+02	6.85506199e+02	6.83520155e+02	6.81546679e+02	6.79586898e+02	6.77642018e+02	6.75713314e+02	6.73802127e+02	6.71909858e+02	6.70037957e+02	6.68187915e+02	6.66361253e+02	6.64559516e+02	6.62784261e+02	6.61037047e+02	6.59319424e+02	6.57632925e+02	6.55979058e+02	6.54359295e+02	6.52775063e+02	6.51227740e+02	6.49718645e+02	6.48249036e+02	6.46820101e+02	6.45432955e+02	6.44088638e+02	6.42788111e+02	6.41532255e+02	6.40321871e+02	6.39157676e+02	6.38040308e+02	6.36970323e+02	6.35948198e+02	6.34974332e+02	6.34049052e+02	6.33172608e+02	6.32345183e+02	6.31566891e+02	6.30837784e+02	6.30157851e+02	6.29527026e+02	6.28945186e+02	6.28412159e+02	6.27927726e+02	6.27491621e+02	6.27103539e+02	6.26763136e+02	6.26470034e+02	6.26223822e+02	6.26024058e+02	6.25870276e+02	6.25761985e+02	6.25698670e+02	6.25679799e+02	6.25704822e+02	6.25773172e+02	6.25884271e+02	6.26037529e+02	6.26232343e+02	6.26468105e+02	6.26744199e+02	6.27060003e+02	6.27414891e+02	6.27808235e+02	6.28239403e+02	6.28707764e+02	6.29212685e+02	6.29753536e+02	6.30329687e+02	6.30940511e+02	6.31585385e+02	6.32263688e+02	6.32974803e+02	6.33718121e+02	6.34493034e+02	6.35298943e+02	6.36135253e+02	6.37001377e+02	6.37896732e+02	6.38820745e+02	6.39772848e+02	6.40752482e+02	6.41759095e+02	6.42792142e+02	6.43851087e+02	6.44935401e+02	6.46044565e+02	6.47178066e+02	6.48335399e+02	6.49516071e+02	6.50719592e+02	6.51945485e+02	6.53193279e+02	6.54462512e+02	6.55752730e+02	6.57063487e+02	6.58394345e+02	6.59744877e+02	6.61114661e+02	6.62503285e+02	6.63910343e+02	6.65335438e+02	6.66778183e+02	6.68238195e+02	6.69715101e+02	6.71208537e+02	6.72718143e+02	6.74243568e+02	6.75784471e+02	6.77340513e+02	6.78911368e+02	6.80496711e+02	6.82096229e+02	6.83709614e+02	6.85336563e+02	6.86976782e+02	6.88629983e+02	6.90295884e+02	6.91974209e+02	6.93664688e+02	6.95367058e+02	6.97081063e+02	6.98806449e+02	7.00542971e+02	7.02290389e+02	7.04048468e+02	7.05816978e+02	7.07595695e+02	7.09384402e+02	7.11182882e+02	7.12990929e+02	7.14808337e+02	7.16634909e+02	7.18470448e+02	7.20314765e+02	7.22167675e+02	7.24028997e+02	7.25898554e+02	7.27776172e+02	7.29661685e+02	7.31554927e+02	7.33455738e+02	7.35363961e+02	7.37279443e+02	7.39202035e+02	7.41131591e+02	7.43067969e+02	7.45011031e+02	7.46960640e+02	7.48916664e+02	7.50878975e+02	7.52847447e+02	7.54821956e+02	7.56802383e+02	7.58788611e+02	7.60780526e+02	7.62778016e+02
20	43	8.56516755e+02	8.53767307e+02	8.51032385e+02	8.48312009e+02	8.45606197e+02	8.42914961e+02	8.40238309e+02	8.37576243e+02	8.34928758e+02	8.32295846e+02	8.29677489e+02	8.27073666e+02	8.24484348e+02	8.21909498e+02	8.19349072e+02	8.16803019e+02	8.14271278e+02	8.11753781e+02	8.09250452e+02	8.06761203e+02	8.04285938e+02	8.01824552e+02	7.99376929e+02	7.96942941e+02	7.94522451e+02	7.92115310e+02	7.89721359e+02	7.87340424e+02	7.84972322e+02	7.82616858e+02	7.80273823e+02	7.77942997e+02	7.75624148e+02	7.73317031e+02	7.71021392e+02	7.68736963e+02	7.66463465e+02	7.64200611e+02	7.61948102e+02	7.59705634e+02	7.57472891e+02	7.55249557e+02	7.53035306e+02	7.50829815e+02	7.48632756e+02	7.46443807e+02	7.44262650e+02	7.42088974e+02	7.39922483e+02	7.37762891e+02	7.35609937e+02	7.33463379e+02	7.31323006e+02	7.29188639e+02	7.27060137e+02	7.24937404e+02	7.22820391e+02	7.20709103e+02	7.18603607e+02	7.16504033e+02	7.14410582e+02	7.12323528e+02	7.10243226e+02	7.08170114e+02	7.06104714e+02	7.04047640e+02	7.01999594e+02	6.99961369e+02	6.97933849e+02	6.95918009e+02	6.93914909e+02	6.91925692e+02	6.89951581e+02	6.87993872e+02	6.86053927e+02	6.84133169e+02	6.82233068e+02	6.80355138e+02	6.78500926e+02	6.76672000e+02	6.74869940e+02	6.73096329e+02	6.71352742e+02	6.69640736e+02	6.67961842e+02	6.66317555e+02	6.64709324e+02	6.63138550e+02	6.61606572e+02	6.60114668e+02	6.58664044e+02	6.57255834e+02	6.55891094e+02	6.54570801e+02	6.53295850e+02	6.52067055e+02	6.50885144e+02	6.49750766e+02	6.48664486e+02	6.47626789e+02	6.46638083e+02	6.45698698e+02	6.44808889e+02	6.43968843e+02	6.43178677e+02	6.42438442e+02	6.41748131e+02	6.41107674e+02	6.40516948e+02	6.39975780e+02	6.39483945e+02	6.39041177e+02	6.38647164e+02	6.38301559e+02	6.38003977e+02	6.37754001e+02	6.37551183e+02	6.37395050e+02	6.37285103e+02	6.37220820e+02	6.37201660e+02	6.37227066e+02	6.37296461e+02	6.37409259e+02	6.37564859e+02	6.37762652e+02	6.38002018e+02	6.38282332e+02	6.38602963e+02	6.38963275e+02	6.39362629e+02	6.39800384e+02	6.40275899e+02	6.40788532e+02	6.41337642e+02	6.41922589e+02	6.42542738e+02	6.43197453e+02	6.43886104e+02	6.44608068e+02	6.45362721e+02	6.46149449e+02	6.46967642e+02	6.47816695e+02	6.48696013e+02	6.49605003e+02	6.50543084e+02	6.51509678e+02	6.52504217e+02	6.53526140e+02	6.54574894e+02	6.55649934e+02	6.56750723e+02	6.57876733e+02	6.59027443e+02	6.60202342e+02	6.61400925e+02	6.62622699e+02	6.63867175e+02	6.65133877e+02	6.66422335e+02	6.67732087e+02	6.69062682e+02	6.70413674e+02	6.71784628e+02	6.73175116e+02	6.74584719e+02	6.76013026e+02	6.77459633e+02	6.78924146e+02	6.80406176e+02	6.81905346e+02	6.83421284e+02	6.84953624e+02	6.86502013e+02	6.88066099e+02	6.89645543e+02	6.91240010e+02	6.92849172e+02	6.94472710e+02	6.96110311e+02	6.97761669e+02	6.99426484e+02	7.01104462e+02	7.02795319e+02	7.04498773e+02	7.06214551e+02	7.07942385e+02	7.09682015e+02	7.11433183e+02	7.13195641e+02	7.14969144e+02	7.16753454e+02	7.18548337e+02	7.20353567e+02	7.22168921e+02	7.23994181e+02	7.25829135e+02	7.27673577e+02	7.29527304e+02	7.31390119e+02	7.33261828e+02	7.35142244e+02	7.37031182e+02	7.38928462e+02	7.40833911e+02	7.42747355e+02	7.44668630e+02	7.46597571e+02	7.48534019e+02	7.50477819e+02	7.52428820e+02	7.54386873e+02	7.56351834e+02	7.58323563e+02	7.60301921e+02	7.62286775e+02	7.64277994e+02	7.66275449e+02	7.68279016e+02	7.70288573e+02	7.72304002e+02	7.74325186e+02	7.76352013e+02
20	44	8.71148204e+02	8.68360001e+02	8.65586506e+02	8.62827742e+02	8.60083725e+02	8.57354470e+02	8.54639983e+02	8.51940267e+02	8.49255318e+02	8.46585126e+02	8.43929676e+02	8.41288944e+02	8.38662902e+02	8.36051513e+02	8.33454733e+02	8.30872508e+02	8.28304779e+02	8.25751477e+02	8.23212523e+02	8.20687830e+02	8.18177301e+02	8.15680829e+02	8.13198295e+02	8.10729572e+02	8.08274520e+02	8.05832989e+02	8.03404815e+02	8.00989825e+02	7.98587833e+02	7.96198640e+02	7.93822035e+02	7.91457796e+02	7.89105686e+02	7.86765458e+02	7.84436854e+02	7.82119602e+02	7.79813420e+02	7.77518016e+02	7.75233089e+02	7.72958327e+02	7.70693414e+02	7.68438025e+02	7.66191834e+02	7.63954509e+02	7.61725721e+02	7.59505142e+02	7.57292449e+02	7.55087328e+02	7.52889477e+02	7.50698607e+02	7.48514453e+02	7.46336770e+02	7.44165344e+02	7.41999993e+02	7.39840575e+02	7.37686990e+02	7.35539191e+02	7.33397183e+02	7.31261033e+02	7.29130873e+02	7.27006907e+02	7.24889413e+02	7.22778752e+02	7.20675368e+02	7.18579791e+02	7.16492643e+02	7.14414638e+02	7.12346579e+02	7.10289366e+02	7.08243985e+02	7.06211512e+02	7.04193110e+02	7.02190019e+02	7.00203553e+02	6.98235096e+02	6.96286090e+02	6.94358030e+02	6.92452452e+02	6.90570924e+02	6.88715040e+02	6.86886403e+02	6.85086620e+02	6.83317290e+02	6.81579994e+02	6.79876286e+02	6.78207683e+02	6.76575658e+02	6.74981631e+02	6.73426965e+02	6.71912954e+02	6.70440826e+02	6.69011730e+02	6.67626741e+02	6.66286849e+02	6.64992964e+02	6.63745913e+02	6.62546436e+02	6.61395192e+02	6.60292755e+02	6.59239619e+02	6.58236198e+02	6.57282826e+02	6.56379766e+02	6.55527205e+02	6.54725265e+02	6.53973997e+02	6.53273394e+02	6.52623386e+02	6.52023850e+02	6.51474609e+02	6.50975436e+02	6.50526060e+02	6.50126167e+02	6.49775403e+02	6.49473379e+02	6.49219670e+02	6.49013825e+02	6.48855360e+02	6.48743771e+02	6.48678528e+02	6.48659083e+02	6.48684868e+02	6.48755299e+02	6.48869782e+02	6.49027705e+02	6.49228451e+02	6.49471391e+02	6.49755889e+02	6.50081306e+02	6.50446996e+02	6.50852309e+02	6.51296596e+02	6.51779206e+02	6.52299485e+02	6.52856784e+02	6.53450454e+02	6.54079847e+02	6.54744320e+02	6.55443234e+02	6.56175953e+02	6.56941846e+02	6.57740289e+02	6.58570662e+02	6.59432351e+02	6.60324751e+02	6.61247262e+02	6.62199291e+02	6.63180253e+02	6.64189570e+02	6.65226674e+02	6.66291002e+02	6.67382001e+02	6.68499126e+02	6.69641839e+02	6.70809613e+02	6.72001927e+02	6.73218271e+02	6.74458141e+02	6.75721044e+02	6.77006493e+02	6.78314013e+02	6.79643134e+02	6.80993398e+02	6.82364352e+02	6.83755554e+02	6.85166570e+02	6.86596974e+02	6.88046349e+02	6.89514284e+02	6.91000380e+02	6.92504241e+02	6.94025485e+02	6.95563732e+02	6.97118614e+02	6.98689769e+02	7.00276842e+02	7.01879487e+02	7.03497364e+02	7.05130142e+02	7.06777495e+02	7.08439106e+02	7.10114663e+02	7.11803862e+02	7.13506406e+02	7.15222005e+02	7.16950373e+02	7.18691233e+02	7.20444313e+02	7.22209348e+02	7.23986077e+02	7.25774248e+02	7.27573612e+02	7.29383928e+02	7.31204958e+02	7.33036472e+02	7.34878244e+02	7.36730053e+02	7.38591684e+02	7.40462927e+02	7.42343576e+02	7.44233432e+02	7.46132297e+02	7.48039980e+02	7.49956296e+02	7.51881062e+02	7.53814099e+02	7.55755235e+02	7.57704300e+02	7.59661128e+02	7.61625557e+02	7.63597431e+02	7.65576595e+02	7.67562899e+02	7.69556197e+02	7.71556345e+02	7.73563203e+02	7.75576637e+02	7.77596512e+02	7.79622700e+02	7.81655073e+02	7.83693508e+02	7.85737884e+02	7.87788085e+02	7.89843994e+02
22	44	8.71148204e+02	8.68360001e+02	8.65586506e+02	8.62827742e+02	8.60083725e+02	8.57354470e+02	8.54639983e+02	8.51940267e+02	8.49255318e+02	8.46585126e+02	8.43929676e+02	8.41288944e+02	8.38662902e+02	8.36051513e+02	8.33454733e+02	8.30872508e+02	8.28304779e+02	8.25751477e+02	8.23212523e+02	8.20687830e+02	8.18177301e+02	8.15680829e+02	8.13198295e+02	8.10729572e+02	8.08274520e+02	8.05832989e+02	8.03404815e+02	8.00989825e+02	7.98587833e+02	7.96198640e+02	7.93822035e+02	7.91457796e+02	7.89105686e+02	7.86765458e+02	7.84436854e+02	7.82119602e+02	7.79813420e+02	7.77518016e+02	7.75233089e+02	7.72958327e+02	7.70693414e+02	7.68438025e+02	7.66191834e+02	7.63954509e+02	7.61725721e+02	7.59505142e+02	7.57292449e+02	7.55087328e+02	7.52889477e+02	7.50698607e+02	7.48514453e+02	7.46336770e+02	7.44165344e+02	7.41999993e+02	7.39840575e+02	7.37686990e+02	7.35539191e+02	7.33397183e+02	7.31261033e+02	7.29130873e+02	7.27006907e+02	7.24889413e+02	7.22778752e+02	7.20675368e+02	7.18579791e+02	7.16492643e+02	7.14414638e+02	7.12346579e+02	7.10289366e+02	7.08243985e+02	7.06211512e+02	7.04193110e+02	7.02190019e+02	7.00203553e+02	6.98235096e+02	6.96286090e+02	6.94358030e+02	6.92452452e+02	6.90570924e+02	6.88715040e+02	6.86886403e+02	6.85086620e+02	6.83317290e+02	6.81579994e+02	6.79876286e+02	6.78207683e+02	6.76575658e+02	6.74981631e+02	6.73426965e+02	6.71912954e+02	6.70440826e+02	6.69011730e+02	6.67626741e+02	6.66286849e+02	6.64992964e+02	6.63745913e+02	6.62546436e+02	6.61395192e+02	6.60292755e+02	6.59239619e+02	6.58236198e+02	6.57282826e+02	6.56379766e+02	6.55527205e+02	6.54725265e+02	6.53973997e+02	6.53273394e+02	6.52623386e+02	6.52023850e+02	6.51474609e+02	6.50975436e+02	6.50526060e+02	6.50126167e+02	6.49775403e+02	6.49473379e+02	6.49219670e+02	6.49013825e+02	6.48855360e+02	6.48743771e+02	6.48678528e+02	6.48659083e+02	6.48684868e+02	6.48755299e+02	6.48869782e+02	6.49027705e+02	6.49228451e+02	6.49471391e+02	6.49755889e+02	6.50081306e+02	6.50446996e+02	6.50852309e+02	6.51296596e+02	6.51779206e+02	6.52299485e+02	6.52856784e+02	6.53450454e+02	6.54079847e+02	6.54744320e+02	6.55443234e+02	6.56175953e+02	6.56941846e+02	6.57740289e+02	6.58570662e+02	6.59432351e+02	6.60324751e+02	6.61247262e+02	6.62199291e+02	6.63180253e+02	6.64189570e+02	6.65226674e+02	6.66291002e+02	6.67382001e+02	6.68499126e+02	6.69641839e+02	6.70809613e+02	6.72001927e+02	6.73218271e+02	6.74458141e+02	6.75721044e+02	6.77006493e+02	6.78314013e+02	6.79643134e+02	6.80993398e+02	6.82364352e+02	6.83755554e+02	6.85166570e+02	6.86596974e+02	6.88046349e+02	6.89514284e+02	6.91000380e+02	6.92504241e+02	6.94025485e+02	6.95563732e+02	6.97118614e+02	6.98689769e+02	7.00276842e+02	7.01879487e+02	7.03497364e+02	7.05130142e+02	7.06777495e+02	7.08439106e+02	7.10114663e+02	7.11803862e+02	7.13506406e+02	7.15222005e+02	7.16950373e+02	7.18691233e+02	7.20444313e+02	7.22209348e+02	7.23986077e+02	7.25774248e+02	7.27573612e+02	7.29383928e+02	7.31204958e+02	7.33036472e+02	7.34878244e+02	7.36730053e+02	7.38591684e+02	7.40462927e+02	7.42343576e+02	7.44233432e+02	7.46132297e+02	7.48039980e+02	7.49956296e+02	7.51881062e+02	7.53814099e+02	7.55755235e+02	7.57704300e+02	7.59661128e+02	7.61625557e+02	7.63597431e+02	7.65576595e+02	7.67562899e+02	7.69556197e+02	7.71556345e+02	7.73563203e+02	7.75576637e+02	7.77596512e+02	7.79622700e+02	7.81655073e+02	7.83693508e+02	7.85737884e+02	7.87788085e+02	7.89843994e+02
21	45	8.85690266e+02	8.82863639e+02	8.80051901e+02	8.77255076e+02	8.74473182e+02	8.71706232e+02	8.68954234e+02	8.66217189e+02	8.63495096e+02	8.60787943e+02	8.58095715e+02	8.55418390e+02	8.52755937e+02	8.50108321e+02	8.47475495e+02	8.44857408e+02	8.42253997e+02	8.39665194e+02	8.37090920e+02	8.34531084e+02	8.31985591e+02	8.29454330e+02	8.26937183e+02	8.24434020e+02	8.21944700e+02	8.19469069e+02	8.17006965e+02	8.14558209e+02	8.12122614e+02	8.09699978e+02	8.07290088e+02	8.04892718e+02	8.02507630e+02	8.00134572e+02	7.97773281e+02	7.95423484e+02	7.93084895e+02	7.90757217e+02	7.88440144e+02	7.86133363e+02	7.83836550e+02	7.81549378e+02	7.79271516e+02	7.77002627e+02	7.74742377e+02	7.72490435e+02	7.70246472e+02	7.68010171e+02	7.65781224e+02	7.63559340e+02	7.61344249e+02	7.59135704e+02	7.56933485e+02	7.54737411e+02	7.52547336e+02	7.50363160e+02	7.48184833e+02	7.46012363e+02	7.43845816e+02	7.41685326e+02	7.39531101e+02	7.37383423e+02	7.35242657e+02	7.33109254e+02	7.30983753e+02	7.28866783e+02	7.26759069e+02	7.24661427e+02	7.22574767e+02	7.20500092e+02	7.18438494e+02	7.16391150e+02	7.14359320e+02	7.12344337e+02	7.10347606e+02	7.08370588e+02	7.06414802e+02	7.04481804e+02	7.02573189e+02	7.00690571e+02	6.98835578e+02	6.97009841e+02	6.95214982e+02	6.93452605e+02	6.91724289e+02	6.90031572e+02	6.88375950e+02	6.86758864e+02	6.85181697e+02	6.83645764e+02	6.82152309e+02	6.80702501e+02	6.79297429e+02	6.77938100e+02	6.76625439e+02	6.75360283e+02	6.74143385e+02	6.72975414e+02	6.71856954e+02	6.70788506e+02	6.69770491e+02	6.68803249e+02	6.67887046e+02	6.67022074e+02	6.66208456e+02	6.65446247e+02	6.64735437e+02	6.64075957e+02	6.63467683e+02	6.62910435e+02	6.62403985e+02	6.61948056e+02	6.61542331e+02	6.61186451e+02	6.60880021e+02	6.60622611e+02	6.60413762e+02	6.60252985e+02	6.60139768e+02	6.60073573e+02	6.60053844e+02	6.60080005e+02	6.60151464e+02	6.60267617e+02	6.60427845e+02	6.60631519e+02	6.60878003e+02	6.61166652e+02	6.61496816e+02	6.61867838e+02	6.62279063e+02	6.62729828e+02	6.63219473e+02	6.63747336e+02	6.64312757e+02	6.64915076e+02	6.65553638e+02	6.66227789e+02	6.66936880e+02	6.67680266e+02	6.68457307e+02	6.69267367e+02	6.70109820e+02	6.70984041e+02	6.71889415e+02	6.72825334e+02	6.73791197e+02	6.74786408e+02	6.75810382e+02	6.76862541e+02	6.77942314e+02	6.79049140e+02	6.80182464e+02	6.81341743e+02	6.82526439e+02	6.83736025e+02	6.84969982e+02	6.86227799e+02	6.87508975e+02	6.88813016e+02	6.90139439e+02	6.91487769e+02	6.92857538e+02	6.94248288e+02	6.95659571e+02	6.97090944e+02	6.98541977e+02	7.00012244e+02	7.01501330e+02	7.03008829e+02	7.04534340e+02	7.06077473e+02	7.07637844e+02	7.09215079e+02	7.10808811e+02	7.12418679e+02	7.14044331e+02	7.15685424e+02	7.17341620e+02	7.19012589e+02	7.20698008e+02	7.22397563e+02	7.24110943e+02	7.25837848e+02	7.27577981e+02	7.29331055e+02	7.31096787e+02	7.32874901e+02	7.34665128e+02	7.36467205e+02	7.38280873e+02	7.40105882e+02	7.41941985e+02	7.43788942e+02	7.45646520e+02	7.47514488e+02	7.49392623e+02	7.51280707e+02	7.53178526e+02	7.55085871e+02	7.57002539e+02	7.58928331e+02	7.60863054e+02	7.62806517e+02	7.64758536e+02	7.66718931e+02	7.68687524e+02	7.70664145e+02	7.72648624e+02	7.74640799e+02	7.76640510e+02	7.78647599e+02	7.80661915e+02	7.82683309e+02	7.84711637e+02	7.86746755e+02	7.88788527e+02	7.90836817e+02	7.92891494e+02	7.94952429e+02	7.97019497e+02	7.99092576e+02	8.01171546e+02	8.03256292e+02
22	46	9.00145461e+02	8.97280730e+02	8.94431070e+02	8.91596503e+02	8.88777047e+02	8.85972717e+02	8.83183520e+02	8.80409459e+02	8.77650530e+02	8.74906724e+02	8.72178026e+02	8.69464412e+02	8.66765852e+02	8.64082309e+02	8.61413739e+02	8.58760087e+02	8.56121293e+02	8.53497284e+02	8.50887982e+02	8.48293297e+02	8.45713129e+02	8.43147370e+02	8.40595897e+02	8.38058580e+02	8.35535275e+02	8.33025829e+02	8.30530075e+02	8.28047833e+02	8.25578914e+02	8.23123113e+02	8.20680214e+02	8.18249988e+02	8.15832193e+02	8.13426576e+02	8.11032871e+02	8.08650798e+02	8.06280069e+02	8.03920384e+02	8.01571432e+02	7.99232895e+02	7.96904446e+02	7.94585754e+02	7.92276481e+02	7.89976288e+02	7.87684837e+02	7.85401789e+02	7.83126815e+02	7.80859590e+02	7.78599804e+02	7.76347161e+02	7.74101388e+02	7.71862233e+02	7.69629476e+02	7.67402931e+02	7.65182450e+02	7.62967934e+02	7.60759331e+02	7.58556648e+02	7.56359953e+02	7.54169383e+02	7.51985146e+02	7.49807532e+02	7.47636908e+02	7.45473732e+02	7.43318551e+02	7.41172004e+02	7.39034824e+02	7.36907840e+02	7.34791974e+02	7.32688245e+02	7.30597758e+02	7.28521709e+02	7.26461374e+02	7.24418107e+02	7.22393331e+02	7.20388530e+02	7.18405243e+02	7.16445050e+02	7.14509567e+02	7.12600433e+02	7.10719298e+02	7.08867817e+02	7.07047637e+02	7.05260384e+02	7.03507659e+02	7.01791024e+02	7.00111996e+02	6.98472038e+02	6.96872552e+02	6.95314873e+02	6.93800264e+02	6.92329911e+02	6.90904920e+02	6.89526312e+02	6.88195025e+02	6.86911910e+02	6.85677733e+02	6.84493171e+02	6.83358817e+02	6.82275180e+02	6.81242688e+02	6.80261688e+02	6.79332448e+02	6.78455166e+02	6.77629965e+02	6.76856901e+02	6.76135967e+02	6.75467092e+02	6.74850151e+02	6.74284961e+02	6.73771291e+02	6.73308862e+02	6.72897352e+02	6.72536397e+02	6.72225596e+02	6.71964515e+02	6.71752686e+02	6.71589616e+02	6.71474784e+02	6.71407645e+02	6.71387634e+02	6.71414168e+02	6.71486647e+02	6.71604457e+02	6.71766970e+02	6.71973550e+02	6.72223550e+02	6.72516315e+02	6.72851187e+02	6.73227500e+02	6.73644588e+02	6.74101779e+02	6.74598402e+02	6.75133788e+02	6.75707265e+02	6.76318165e+02	6.76965822e+02	6.77649573e+02	6.78368759e+02	6.79122726e+02	6.79910824e+02	6.80732409e+02	6.81586843e+02	6.82473495e+02	6.83391739e+02	6.84340958e+02	6.85320542e+02	6.86329887e+02	6.87368400e+02	6.88435492e+02	6.89530585e+02	6.90653110e+02	6.91802503e+02	6.92978213e+02	6.94179695e+02	6.95406413e+02	6.96657840e+02	6.97933458e+02	6.99232759e+02	7.00555242e+02	7.01900415e+02	7.03267797e+02	7.04656913e+02	7.06067299e+02	7.07498499e+02	7.08950065e+02	7.10421558e+02	7.11912548e+02	7.13422613e+02	7.14951341e+02	7.16498325e+02	7.18063169e+02	7.19645485e+02	7.21244891e+02	7.22861015e+02	7.24493492e+02	7.26141965e+02	7.27806084e+02	7.29485507e+02	7.31179899e+02	7.32888933e+02	7.34612289e+02	7.36349653e+02	7.38100718e+02	7.39865186e+02	7.41642763e+02	7.43433164e+02	7.45236108e+02	7.47051321e+02	7.48878537e+02	7.50717494e+02	7.52567937e+02	7.54429616e+02	7.56302288e+02	7.58185715e+02	7.60079665e+02	7.61983910e+02	7.63898229e+02	7.65822405e+02	7.67756227e+02	7.69699487e+02	7.71651986e+02	7.73613525e+02	7.75583912e+02	7.77562960e+02	7.79550486e+02	7.81546312e+02	7.83550261e+02	7.85562165e+02	7.87581856e+02	7.89609174e+02	7.91643958e+02	7.93686055e+02	7.95735314e+02	7.97791588e+02	7.99854733e+02	8.01924609e+02	8.04001079e+02	8.06084009e+02	8.08173270e+02	8.10268735e+02	8.12370279e+02	8.14477781e+02	8.16591123e+02
20	46	9.00145461e+02	8.97280730e+02	8.94431070e+02	8.91596503e+02	8.88777047e+02	8.85972717e+02	8.83183520e+02	8.80409459e+02	8.77650530e+02	8.74906724e+02	8.72178026e+02	8.69464412e+02	8.66765852e+02	8.64082309e+02	8.61413739e+02	8.58760087e+02	8.56121293e+02	8.53497284e+02	8.50887982e+02	8.48293297e+02	8.45713129e+02	8.43147370e+02	8.40595897e+02	8.38058580e+02	8.35535275e+02	8.33025829e+02	8.30530075e+02	8.28047833e+02	8.25578914e+02	8.23123113e+02	8.20680214e+02	8.18249988e+02	8.15832193e+02	8.13426576e+02	8.11032871e+02	8.08650798e+02	8.06280069e+02	8.03920384e+02	8.01571432e+02	7.99232895e+02	7.96904446e+02	7.94585754e+02	7.92276481e+02	7.89976288e+02	7.87684837e+02	7.85401789e+02	7.83126815e+02	7.80859590e+02	7.78599804e+02	7.76347161e+02	7.74101388e+02	7.71862233e+02	7.69629476e+02	7.67402931e+02	7.65182450e+02	7.62967934e+02	7.60759331e+02	7.58556648e+02	7.56359953e+02	7.54169383e+02	7.51985146e+02	7.49807532e+02	7.47636908e+02	7.45473732e+02	7.43318551e+02	7.41172004e+02	7.39034824e+02	7.36907840e+02	7.34791974e+02	7.32688245e+02	7.30597758e+02	7.28521709e+02	7.26461374e+02	7.24418107e+02	7.22393331e+02	7.20388530e+02	7.18405243e+02	7.16445050e+02	7.14509567e+02	7.12600433e+02	7.10719298e+02	7.08867817e+02	7.07047637e+02	7.05260384e+02	7.03507659e+02	7.01791024e+02	7.00111996e+02	6.98472038e+02	6.96872552e+02	6.95314873e+02	6.93800264e+02	6.92329911e+02	6.90904920e+02	6.89526312e+02	6.88195025e+02	6.86911910e+02	6.85677733e+02	6.84493171e+02	6.83358817e+02	6.82275180e+02	6.81242688e+02	6.80261688e+02	6.79332448e+02	6.78455166e+02	6.77629965e+02	6.76856901e+02	6.76135967e+02	6.75467092e+02	6.74850151e+02	6.74284961e+02	6.73771291e+02	6.73308862e+02	6.72897352e+02	6.72536397e+02	6.72225596e+02	6.71964515e+02	6.71752686e+02	6.71589616e+02	6.71474784e+02	6.71407645e+02	6.71387634e+02	6.71414168e+02	6.71486647e+02	6.71604457e+02	6.71766970e+02	6.71973550e+02	6.72223550e+02	6.72516315e+02	6.72851187e+02	6.73227500e+02	6.73644588e+02	6.74101779e+02	6.74598402e+02	6.75133788e+02	6.75707265e+02	6.76318165e+02	6.76965822e+02	6.77649573e+02	6.78368759e+02	6.79122726e+02	6.79910824e+02	6.80732409e+02	6.81586843e+02	6.82473495e+02	6.83391739e+02	6.84340958e+02	6.85320542e+02	6.86329887e+02	6.87368400e+02	6.88435492e+02	6.89530585e+02	6.90653110e+02	6.91802503e+02	6.92978213e+02	6.94179695e+02	6.95406413e+02	6.96657840e+02	6.97933458e+02	6.99232759e+02	7.00555242e+02	7.01900415e+02	7.03267797e+02	7.04656913e+02	7.06067299e+02	7.07498499e+02	7.08950065e+02	7.10421558e+02	7.11912548e+02	7.13422613e+02	7.14951341e+02	7.16498325e+02	7.18063169e+02	7.19645485e+02	7.21244891e+02	7.22861015e+02	7.24493492e+02	7.26141965e+02	7.27806084e+02	7.29485507e+02	7.31179899e+02	7.32888933e+02	7.34612289e+02	7.36349653e+02	7.38100718e+02	7.39865186e+02	7.41642763e+02	7.43433164e+02	7.45236108e+02	7.47051321e+02	7.48878537e+02	7.50717494e+02	7.52567937e+02	7.54429616e+02	7.56302288e+02	7.58185715e+02	7.60079665e+02	7.61983910e+02	7.63898229e+02	7.65822405e+02	7.67756227e+02	7.69699487e+02	7.71651986e+02	7.73613525e+02	7.75583912e+02	7.77562960e+02	7.79550486e+02	7.81546312e+02	7.83550261e+02	7.85562165e+02	7.87581856e+02	7.89609174e+02	7.91643958e+02	7.93686055e+02	7.95735314e+02	7.97791588e+02	7.99854733e+02	8.01924609e+02	8.04001079e+02	8.06084009e+02	8.08173270e+02	8.10268735e+02	8.12370279e+02	8.14477781e+02	8.16591123e+02
22	47	9.14516185e+02	9.11613662e+02	9.08726389e+02	9.05854387e+02	9.02997677e+02	9.00156271e+02	8.97330179e+02	8.94519403e+02	8.91723940e+02	8.88943780e+02	8.86178908e+02	8.83429301e+02	8.80694928e+02	8.77975752e+02	8.75271728e+02	8.72582801e+02	8.69908910e+02	8.67249982e+02	8.64605938e+02	8.61976686e+02	8.59362126e+02	8.56762147e+02	8.54176628e+02	8.51605434e+02	8.49048421e+02	8.46505434e+02	8.43976303e+02	8.41460847e+02	8.38958873e+02	8.36470175e+02	8.33994535e+02	8.31531719e+02	8.29081483e+02	8.26643571e+02	8.24217712e+02	8.21803625e+02	8.19401016e+02	8.17009582e+02	8.14629008e+02	8.12258972e+02	8.09899143e+02	8.07549184e+02	8.05208755e+02	8.02877511e+02	8.00555109e+02	7.98241208e+02	7.95935471e+02	7.93637571e+02	7.91347194e+02	7.89064040e+02	7.86787831e+02	7.84518314e+02	7.82255264e+02	7.79998492e+02	7.77747851e+02	7.75503238e+02	7.73264601e+02	7.71031948e+02	7.68805347e+02	7.66584937e+02	7.64370931e+02	7.62163618e+02	7.59963376e+02	7.57770666e+02	7.55586042e+02	7.53410154e+02	7.51243744e+02	7.49087652e+02	7.46942814e+02	7.44810262e+02	7.42691117e+02	7.40586592e+02	7.38497980e+02	7.36426654e+02	7.34374057e+02	7.32341695e+02	7.30331125e+02	7.28343953e+02	7.26381816e+02	7.24446376e+02	7.22539308e+02	7.20662288e+02	7.18816987e+02	7.17005055e+02	7.15228115e+02	7.13487751e+02	7.11785503e+02	7.10122854e+02	7.08501226e+02	7.06921974e+02	7.05386379e+02	7.03895644e+02	7.02450890e+02	7.01053155e+02	6.99703391e+02	6.98402459e+02	6.97151138e+02	6.95950116e+02	6.94799993e+02	6.93701288e+02	6.92654434e+02	6.91659784e+02	6.90717611e+02	6.89828115e+02	6.88991422e+02	6.88207589e+02	6.87476610e+02	6.86798414e+02	6.86172873e+02	6.85599804e+02	6.85078972e+02	6.84610094e+02	6.84192844e+02	6.83826854e+02	6.83511717e+02	6.83246993e+02	6.83032210e+02	6.82866864e+02	6.82750429e+02	6.82682353e+02	6.82662063e+02	6.82688968e+02	6.82762458e+02	6.82881912e+02	6.83046693e+02	6.83256155e+02	6.83509643e+02	6.83806493e+02	6.84146036e+02	6.84527598e+02	6.84950502e+02	6.85414068e+02	6.85917616e+02	6.86460465e+02	6.87041935e+02	6.87661348e+02	6.88318028e+02	6.89011303e+02	6.89740505e+02	6.90504969e+02	6.91304037e+02	6.92137055e+02	6.93003377e+02	6.93902361e+02	6.94833373e+02	6.95795788e+02	6.96788985e+02	6.97812353e+02	6.98865288e+02	6.99947196e+02	7.01057488e+02	7.02195587e+02	7.03360923e+02	7.04552934e+02	7.05771068e+02	7.07014782e+02	7.08283541e+02	7.09576820e+02	7.10894103e+02	7.12234880e+02	7.13598656e+02	7.14984938e+02	7.16393249e+02	7.17823114e+02	7.19274073e+02	7.20745670e+02	7.22237461e+02	7.23749010e+02	7.25279887e+02	7.26829675e+02	7.28397962e+02	7.29984344e+02	7.31588429e+02	7.33209830e+02	7.34848169e+02	7.36503075e+02	7.38174186e+02	7.39861147e+02	7.41563612e+02	7.43281241e+02	7.45013701e+02	7.46760668e+02	7.48521823e+02	7.50296857e+02	7.52085465e+02	7.53887350e+02	7.55702221e+02	7.57529796e+02	7.59369795e+02	7.61221949e+02	7.63085992e+02	7.64961666e+02	7.66848716e+02	7.68746897e+02	7.70655967e+02	7.72575689e+02	7.74505835e+02	7.76446178e+02	7.78396500e+02	7.80356585e+02	7.82326225e+02	7.84305214e+02	7.86293354e+02	7.88290449e+02	7.90296309e+02	7.92310748e+02	7.94333586e+02	7.96364644e+02	7.98403751e+02	8.00450737e+02	8.02505439e+02	8.04567695e+02	8.06637349e+02	8.08714248e+02	8.10798243e+02	8.12889188e+02	8.14986941e+02	8.17091363e+02	8.19202319e+02	8.21319677e+02	8.23443308e+02	8.25573087e+02	8.27708890e+02	8.29850598e+02
22	48	9.28804718e+02	9.25864706e+02	9.22940119e+02	9.20030982e+02	9.17137315e+02	9.14259130e+02	9.11396437e+02	9.08549239e+02	9.05717532e+02	9.02901309e+02	9.00100551e+02	8.97315238e+02	8.94545337e+02	8.91790812e+02	8.89051616e+02	8.86327695e+02	8.83618986e+02	8.80925417e+02	8.78246907e+02	8.75583363e+02	8.72934684e+02	8.70300758e+02	8.67681462e+02	8.65076660e+02	8.62486207e+02	8.59909945e+02	8.57347701e+02	8.54799295e+02	8.52264529e+02	8.49743195e+02	8.47235072e+02	8.44739925e+02	8.42257505e+02	8.39787553e+02	8.37329795e+02	8.34883946e+02	8.32449710e+02	8.30026778e+02	8.27614832e+02	8.25213546e+02	8.22822585e+02	8.20441607e+02	8.18070266e+02	8.15708216e+02	8.13355108e+02	8.11010595e+02	8.08674339e+02	8.06346006e+02	8.04025279e+02	8.01711854e+02	7.99405449e+02	7.97105807e+02	7.94812702e+02	7.92525942e+02	7.90245378e+02	7.87970904e+02	7.85702469e+02	7.83440081e+02	7.81183809e+02	7.78933794e+02	7.76690250e+02	7.74453473e+02	7.72223844e+02	7.70001831e+02	7.67787995e+02	7.65582995e+02	7.63387583e+02	7.61202611e+02	7.59029028e+02	7.56867878e+02	7.54720299e+02	7.52587520e+02	7.50470851e+02	7.48371686e+02	7.46291485e+02	7.44231775e+02	7.42194136e+02	7.40180195e+02	7.38191612e+02	7.36230070e+02	7.34297269e+02	7.32394909e+02	7.30524683e+02	7.28688263e+02	7.26887296e+02	7.25123389e+02	7.23398100e+02	7.21712936e+02	7.20069338e+02	7.18468680e+02	7.16912261e+02	7.15401301e+02	7.13936938e+02	7.12520224e+02	7.11152125e+02	7.09833515e+02	7.08565182e+02	7.07347826e+02	7.06182058e+02	7.05068400e+02	7.04007295e+02	7.02999100e+02	7.02044093e+02	7.01142477e+02	7.00294381e+02	6.99499864e+02	6.98758917e+02	6.98071472e+02	6.97437398e+02	6.96856510e+02	6.96328570e+02	6.95853294e+02	6.95430348e+02	6.95059362e+02	6.94739922e+02	6.94471584e+02	6.94253867e+02	6.94086264e+02	6.93968239e+02	6.93899233e+02	6.93878666e+02	6.93905938e+02	6.93980432e+02	6.94101517e+02	6.94268548e+02	6.94480871e+02	6.94737820e+02	6.95038722e+02	6.95382901e+02	6.95769671e+02	6.96198347e+02	6.96668239e+02	6.97178658e+02	6.97728912e+02	6.98318314e+02	6.98946174e+02	6.99611808e+02	7.00314534e+02	7.01053674e+02	7.01828554e+02	7.02638508e+02	7.03482871e+02	7.04360988e+02	7.05272210e+02	7.06215892e+02	7.07191399e+02	7.08198104e+02	7.09235386e+02	7.10302634e+02	7.11399242e+02	7.12524616e+02	7.13678169e+02	7.14859323e+02	7.16067510e+02	7.17302168e+02	7.18562746e+02	7.19848703e+02	7.21159506e+02	7.22494630e+02	7.23853561e+02	7.25235793e+02	7.26640831e+02	7.28068186e+02	7.29517380e+02	7.30987944e+02	7.32479418e+02	7.33991349e+02	7.35523296e+02	7.37074824e+02	7.38645508e+02	7.40234931e+02	7.41842685e+02	7.43468370e+02	7.45111594e+02	7.46771974e+02	7.48449134e+02	7.50142706e+02	7.51852332e+02	7.53577659e+02	7.55318343e+02	7.57074046e+02	7.58844440e+02	7.60629201e+02	7.62428015e+02	7.64240575e+02	7.66066577e+02	7.67905728e+02	7.69757741e+02	7.71622333e+02	7.73499229e+02	7.75388162e+02	7.77288868e+02	7.79201091e+02	7.81124580e+02	7.83059091e+02	7.85004384e+02	7.86960227e+02	7.88926390e+02	7.90902652e+02	7.92888795e+02	7.94884606e+02	7.96889879e+02	7.98904410e+02	8.00928002e+02	8.02960463e+02	8.05001604e+02	8.07051241e+02	8.09109194e+02	8.11175290e+02	8.13249356e+02	8.15331226e+02	8.17420737e+02	8.19517731e+02	8.21622051e+02	8.23733548e+02	8.25852074e+02	8.27977483e+02	8.30109637e+02	8.32248397e+02	8.34393629e+02	8.36545204e+02	8.38702994e+02	8.40866875e+02	8.43036724e+02
20	48	9.28804718e+02	9.25864706e+02	9.22940119e+02	9.20030982e+02	9.17137315e+02	9.14259130e+02	9.11396437e+02	9.08549239e+02	9.05717532e+02	9.02901309e+02	9.00100551e+02	8.97315238e+02	8.94545337e+02	8.91790812e+02	8.89051616e+02	8.86327695e+02	8.83618986e+02	8.80925417e+02	8.78246907e+02	8.75583363e+02	8.72934684e+02	8.70300758e+02	8.67681462e+02	8.65076660e+02	8.62486207e+02	8.59909945e+02	8.57347701e+02	8.54799295e+02	8.52264529e+02	8.49743195e+02	8.47235072e+02	8.44739925e+02	8.42257505e+02	8.39787553e+02	8.37329795e+02	8.34883946e+02	8.32449710e+02	8.30026778e+02	8.27614832e+02	8.25213546e+02	8.22822585e+02	8.20441607e+02	8.18070266e+02	8.15708216e+02	8.13355108e+02	8.11010595e+02	8.08674339e+02	8.06346006e+02	8.04025279e+02	8.01711854e+02	7.99405449e+02	7.97105807e+02	7.94812702e+02	7.92525942e+02	7.90245378e+02	7.87970904e+02	7.85702469e+02	7.83440081e+02	7.81183809e+02	7.78933794e+02	7.76690250e+02	7.74453473e+02	7.72223844e+02	7.70001831e+02	7.67787995e+02	7.65582995e+02	7.63387583e+02	7.61202611e+02	7.59029028e+02	7.56867878e+02	7.54720299e+02	7.52587520e+02	7.50470851e+02	7.48371686e+02	7.46291485e+02	7.44231775e+02	7.42194136e+02	7.40180195e+02	7.38191612e+02	7.36230070e+02	7.34297269e+02	7.32394909e+02	7.30524683e+02	7.28688263e+02	7.26887296e+02	7.25123389e+02	7.23398100e+02	7.21712936e+02	7.20069338e+02	7.18468680e+02	7.16912261e+02	7.15401301e+02	7.13936938e+02	7.12520224e+02	7.11152125e+02	7.09833515e+02	7.08565182e+02	7.07347826e+02	7.06182058e+02	7.05068400e+02	7.04007295e+02	7.02999100e+02	7.02044093e+02	7.01142477e+02	7.00294381e+02	6.99499864e+02	6.98758917e+02	6.98071472e+02	6.97437398e+02	6.96856510e+02	6.96328570e+02	6.95853294e+02	6.95430348e+02	6.95059362e+02	6.94739922e+02	6.94471584e+02	6.94253867e+02	6.94086264e+02	6.93968239e+02	6.93899233e+02	6.93878666e+02	6.93905938e+02	6.93980432e+02	6.94101517e+02	6.94268548e+02	6.94480871e+02	6.94737820e+02	6.95038722e+02	6.95382901e+02	6.95769671e+02	6.96198347e+02	6.96668239e+02	6.97178658e+02	6.97728912e+02	6.98318314e+02	6.98946174e+02	6.99611808e+02	7.00314534e+02	7.01053674e+02	7.01828554e+02	7.02638508e+02	7.03482871e+02	7.04360988e+02	7.05272210e+02	7.06215892e+02	7.07191399e+02	7.08198104e+02	7.09235386e+02	7.10302634e+02	7.11399242e+02	7.12524616e+02	7.13678169e+02	7.14859323e+02	7.16067510e+02	7.17302168e+02	7.18562746e+02	7.19848703e+02	7.21159506e+02	7.22494630e+02	7.23853561e+02	7.25235793e+02	7.26640831e+02	7.28068186e+02	7.29517380e+02	7.30987944e+02	7.32479418e+02	7.33991349e+02	7.35523296e+02	7.37074824e+02	7.38645508e+02	7.40234931e+02	7.41842685e+02	7.43468370e+02	7.45111594e+02	7.46771974e+02	7.48449134e+02	7.50142706e+02	7.51852332e+02	7.53577659e+02	7.55318343e+02	7.57074046e+02	7.58844440e+02	7.60629201e+02	7.62428015e+02	7.64240575e+02	7.66066577e+02	7.67905728e+02	7.69757741e+02	7.71622333e+02	7.73499229e+02	7.75388162e+02	7.77288868e+02	7.79201091e+02	7.81124580e+02	7.83059091e+02	7.85004384e+02	7.86960227e+02	7.88926390e+02	7.90902652e+02	7.92888795e+02	7.94884606e+02	7.96889879e+02	7.98904410e+02	8.00928002e+02	8.02960463e+02	8.05001604e+02	8.07051241e+02	8.09109194e+02	8.11175290e+02	8.13249356e+02	8.15331226e+02	8.17420737e+02	8.19517731e+02	8.21622051e+02	8.23733548e+02	8.25852074e+02	8.27977483e+02	8.30109637e+02	8.32248397e+02	8.34393629e+02	8.36545204e+02	8.38702994e+02	8.40866875e+02	8.43036724e+02
24	48	9.28804718e+02	9.25864706e+02	9.22940119e+02	9.20030982e+02	9.17137315e+02	9.14259130e+02	9.11396437e+02	9.08549239e+02	9.05717532e+02	9.02901309e+02	9.00100551e+02	8.97315238e+02	8.94545337e+02	8.91790812e+02	8.89051616e+02	8.86327695e+02	8.83618986e+02	8.80925417e+02	8.78246907e+02	8.75583363e+02	8.72934684e+02	8.70300758e+02	8.67681462e+02	8.65076660e+02	8.62486207e+02	8.59909945e+02	8.57347701e+02	8.54799295e+02	8.52264529e+02	8.49743195e+02	8.47235072e+02	8.44739925e+02	8.42257505e+02	8.39787553e+02	8.37329795e+02	8.34883946e+02	8.32449710e+02	8.30026778e+02	8.27614832e+02	8.25213546e+02	8.22822585e+02	8.20441607e+02	8.18070266e+02	8.15708216e+02	8.13355108e+02	8.11010595e+02	8.08674339e+02	8.06346006e+02	8.04025279e+02	8.01711854e+02	7.99405449e+02	7.97105807e+02	7.94812702e+02	7.92525942e+02	7.90245378e+02	7.87970904e+02	7.85702469e+02	7.83440081e+02	7.81183809e+02	7.78933794e+02	7.76690250e+02	7.74453473e+02	7.72223844e+02	7.70001831e+02	7.67787995e+02	7.65582995e+02	7.63387583e+02	7.61202611e+02	7.59029028e+02	7.56867878e+02	7.54720299e+02	7.52587520e+02	7.50470851e+02	7.48371686e+02	7.46291485e+02	7.44231775e+02	7.42194136e+02	7.40180195e+02	7.38191612e+02	7.36230070e+02	7.34297269e+02	7.32394909e+02	7.30524683e+02	7.28688263e+02	7.26887296e+02	7.25123389e+02	7.23398100e+02	7.21712936e+02	7.20069338e+02	7.18468680e+02	7.16912261e+02	7.15401301e+02	7.13936938e+02	7.12520224e+02	7.11152125e+02	7.09833515e+02	7.08565182e+02	7.07347826e+02	7.06182058e+02	7.05068400e+02	7.04007295e+02	7.02999100e+02	7.02044093e+02	7.01142477e+02	7.00294381e+02	6.99499864e+02	6.98758917e+02	6.98071472e+02	6.97437398e+02	6.96856510e+02	6.96328570e+02	6.95853294e+02	6.95430348e+02	6.95059362e+02	6.94739922e+02	6.94471584e+02	6.94253867e+02	6.94086264e+02	6.93968239e+02	6.93899233e+02	6.93878666e+02	6.93905938e+02	6.93980432e+02	6.94101517e+02	6.94268548e+02	6.94480871e+02	6.94737820e+02	6.95038722e+02	6.95382901e+02	6.95769671e+02	6.96198347e+02	6.96668239e+02	6.97178658e+02	6.97728912e+02	6.98318314e+02	6.98946174e+02	6.99611808e+02	7.00314534e+02	7.01053674e+02	7.01828554e+02	7.02638508e+02	7.03482871e+02	7.04360988e+02	7.05272210e+02	7.06215892e+02	7.07191399e+02	7.08198104e+02	7.09235386e+02	7.10302634e+02	7.11399242e+02	7.12524616e+02	7.13678169e+02	7.14859323e+02	7.16067510e+02	7.17302168e+02	7.18562746e+02	7.19848703e+02	7.21159506e+02	7.22494630e+02	7.23853561e+02	7.25235793e+02	7.26640831e+02	7.28068186e+02	7.29517380e+02	7.30987944e+02	7.32479418e+02	7.33991349e+02	7.35523296e+02	7.37074824e+02	7.38645508e+02	7.40234931e+02	7.41842685e+02	7.43468370e+02	7.45111594e+02	7.46771974e+02	7.48449134e+02	7.50142706e+02	7.51852332e+02	7.53577659e+02	7.55318343e+02	7.57074046e+02	7.58844440e+02	7.60629201e+02	7.62428015e+02	7.64240575e+02	7.66066577e+02	7.67905728e+02	7.69757741e+02	7.71622333e+02	7.73499229e+02	7.75388162e+02	7.77288868e+02	7.79201091e+02	7.81124580e+02	7.83059091e+02	7.85004384e+02	7.86960227e+02	7.88926390e+02	7.90902652e+02	7.92888795e+02	7.94884606e+02	7.96889879e+02	7.98904410e+02	8.00928002e+02	8.02960463e+02	8.05001604e+02	8.07051241e+02	8.09109194e+02	8.11175290e+02	8.13249356e+02	8.15331226e+02	8.17420737e+02	8.19517731e+02	8.21622051e+02	8.23733548e+02	8.25852074e+02	8.27977483e+02	8.30109637e+02	8.32248397e+02	8.34393629e+02	8.36545204e+02	8.38702994e+02	8.40866875e+02	8.43036724e+02
22	49	9.43013233e+02	9.40036025e+02	9.37074417e+02	9.34128435e+02	9.31198098e+02	9.28283421e+02	9.25384414e+02	9.22501078e+02	9.19633411e+02	9.16781405e+02	9.13945042e+02	9.11124300e+02	9.08319149e+02	9.05529549e+02	9.02755456e+02	8.99996813e+02	8.97253558e+02	8.94525618e+02	8.91812909e+02	8.89115340e+02	8.86432808e+02	8.83765199e+02	8.81112389e+02	8.78474240e+02	8.75850607e+02	8.73241327e+02	8.70646229e+02	8.68065127e+02	8.65497823e+02	8.62944107e+02	8.60403753e+02	8.57876524e+02	8.55362170e+02	8.52860426e+02	8.50371017e+02	8.47893652e+02	8.45428033e+02	8.42973847e+02	8.40530772e+02	8.38098477e+02	8.35676624e+02	8.33264866e+02	8.30862854e+02	8.28470235e+02	8.26086657e+02	8.23711770e+02	8.21345229e+02	8.18986698e+02	8.16635855e+02	8.14292392e+02	8.11956023e+02	8.09626490e+02	8.07303561e+02	8.04987043e+02	8.02676785e+02	8.00372680e+02	7.98074676e+02	7.95782782e+02	7.93497066e+02	7.91217673e+02	7.88944819e+02	7.86678803e+02	7.84420012e+02	7.82168920e+02	7.79926097e+02	7.77692208e+02	7.75468017e+02	7.73254386e+02	7.71052276e+02	7.68862747e+02	7.66686952e+02	7.64526134e+02	7.62381623e+02	7.60254830e+02	7.58147235e+02	7.56060386e+02	7.53995885e+02	7.51955379e+02	7.49940550e+02	7.47953107e+02	7.45994769e+02	7.44067261e+02	7.42172299e+02	7.40311578e+02	7.38486767e+02	7.36699493e+02	7.34951340e+02	7.33243831e+02	7.31578430e+02	7.29956528e+02	7.28379443e+02	7.26848412e+02	7.25364589e+02	7.23929039e+02	7.22542743e+02	7.21206588e+02	7.19921374e+02	7.18687808e+02	7.17506511e+02	7.16378014e+02	7.15302766e+02	7.14281128e+02	7.13313385e+02	7.12399740e+02	7.11540327e+02	7.10735205e+02	7.09984367e+02	7.09287742e+02	7.08645199e+02	7.08056551e+02	7.07521558e+02	7.07039930e+02	7.06611332e+02	7.06235387e+02	7.05911678e+02	7.05639752e+02	7.05419124e+02	7.05249280e+02	7.05129677e+02	7.05059748e+02	7.05038906e+02	7.05066543e+02	7.05142033e+02	7.05264737e+02	7.05434002e+02	7.05649163e+02	7.05909547e+02	7.06214472e+02	7.06563251e+02	7.06955190e+02	7.07389595e+02	7.07865765e+02	7.08383003e+02	7.08940607e+02	7.09537880e+02	7.10174123e+02	7.10848643e+02	7.11560749e+02	7.12309752e+02	7.13094971e+02	7.13915727e+02	7.14771350e+02	7.15661174e+02	7.16584540e+02	7.17540796e+02	7.18529298e+02	7.19549408e+02	7.20600499e+02	7.21681950e+02	7.22793148e+02	7.23933489e+02	7.25102380e+02	7.26299233e+02	7.27523471e+02	7.28774528e+02	7.30051843e+02	7.31354867e+02	7.32683060e+02	7.34035891e+02	7.35412838e+02	7.36813388e+02	7.38237037e+02	7.39683292e+02	7.41151668e+02	7.42641689e+02	7.44152887e+02	7.45684806e+02	7.47236996e+02	7.48809017e+02	7.50400438e+02	7.52010837e+02	7.53639799e+02	7.55286919e+02	7.56951800e+02	7.58634053e+02	7.60333297e+02	7.62049160e+02	7.63781277e+02	7.65529292e+02	7.67292854e+02	7.69071623e+02	7.70865264e+02	7.72673451e+02	7.74495865e+02	7.76332192e+02	7.78182127e+02	7.80045372e+02	7.81921635e+02	7.83810631e+02	7.85712080e+02	7.87625712e+02	7.89551258e+02	7.91488460e+02	7.93437064e+02	7.95396821e+02	7.97367489e+02	7.99348831e+02	8.01340616e+02	8.03342619e+02	8.05354619e+02	8.07376400e+02	8.09407753e+02	8.11448473e+02	8.13498358e+02	8.15557215e+02	8.17624851e+02	8.19701081e+02	8.21785723e+02	8.23878598e+02	8.25979535e+02	8.28088364e+02	8.30204920e+02	8.32329042e+02	8.34460573e+02	8.36599359e+02	8.38745252e+02	8.40898105e+02	8.43057775e+02	8.45224124e+02	8.47397016e+02	8.49576318e+02	8.51761903e+02	8.53953643e+02	8.56151415e+02
23	49	9.43013233e+02	9.40036025e+02	9.37074417e+02	9.34128435e+02	9.31198098e+02	9.28283421e+02	9.25384414e+02	9.22501078e+02	9.19633411e+02	9.16781405e+02	9.13945042e+02	9.11124300e+02	9.08319149e+02	9.05529549e+02	9.02755456e+02	8.99996813e+02	8.97253558e+02	8.94525618e+02	8.91812909e+02	8.89115340e+02	8.86432808e+02	8.83765199e+02	8.81112389e+02	8.78474240e+02	8.75850607e+02	8.73241327e+02	8.70646229e+02	8.68065127e+02	8.65497823e+02	8.62944107e+02	8.60403753e+02	8.57876524e+02	8.55362170e+02	8.52860426e+02	8.50371017e+02	8.47893652e+02	8.45428033e+02	8.42973847e+02	8.40530772e+02	8.38098477e+02	8.35676624e+02	8.33264866e+02	8.30862854e+02	8.28470235e+02	8.26086657e+02	8.23711770e+02	8.21345229e+02	8.18986698e+02	8.16635855e+02	8.14292392e+02	8.11956023e+02	8.09626490e+02	8.07303561e+02	8.04987043e+02	8.02676785e+02	8.00372680e+02	7.98074676e+02	7.95782782e+02	7.93497066e+02	7.91217673e+02	7.88944819e+02	7.86678803e+02	7.84420012e+02	7.82168920e+02	7.79926097e+02	7.77692208e+02	7.75468017e+02	7.73254386e+02	7.71052276e+02	7.68862747e+02	7.66686952e+02	7.64526134e+02	7.62381623e+02	7.60254830e+02	7.58147235e+02	7.56060386e+02	7.53995885e+02	7.51955379e+02	7.49940550e+02	7.47953107e+02	7.45994769e+02	7.44067261e+02	7.42172299e+02	7.40311578e+02	7.38486767e+02	7.36699493e+02	7.34951340e+02	7.33243831e+02	7.31578430e+02	7.29956528e+02	7.28379443e+02	7.26848412e+02	7.25364589e+02	7.23929039e+02	7.22542743e+02	7.21206588e+02	7.19921374e+02	7.18687808e+02	7.17506511e+02	7.16378014e+02	7.15302766e+02	7.14281128e+02	7.13313385e+02	7.12399740e+02	7.11540327e+02	7.10735205e+02	7.09984367e+02	7.09287742e+02	7.08645199e+02	7.08056551e+02	7.07521558e+02	7.07039930e+02	7.06611332e+02	7.06235387e+02	7.05911678e+02	7.05639752e+02	7.05419124e+02	7.05249280e+02	7.05129677e+02	7.05059748e+02	7.05038906e+02	7.05066543e+02	7.05142033e+02	7.05264737e+02	7.05434002e+02	7.05649163e+02	7.05909547e+02	7.06214472e+02	7.06563251e+02	7.06955190e+02	7.07389595e+02	7.07865765e+02	7.08383003e+02	7.08940607e+02	7.09537880e+02	7.10174123e+02	7.10848643e+02	7.11560749e+02	7.12309752e+02	7.13094971e+02	7.13915727e+02	7.14771350e+02	7.15661174e+02	7.16584540e+02	7.17540796e+02	7.18529298e+02	7.19549408e+02	7.20600499e+02	7.21681950e+02	7.22793148e+02	7.23933489e+02	7.25102380e+02	7.26299233e+02	7.27523471e+02	7.28774528e+02	7.30051843e+02	7.31354867e+02	7.32683060e+02	7.34035891e+02	7.35412838e+02	7.36813388e+02	7.38237037e+02	7.39683292e+02	7.41151668e+02	7.42641689e+02	7.44152887e+02	7.45684806e+02	7.47236996e+02	7.48809017e+02	7.50400438e+02	7.52010837e+02	7.53639799e+02	7.55286919e+02	7.56951800e+02	7.58634053e+02	7.60333297e+02	7.62049160e+02	7.63781277e+02	7.65529292e+02	7.67292854e+02	7.69071623e+02	7.70865264e+02	7.72673451e+02	7.74495865e+02	7.76332192e+02	7.78182127e+02	7.80045372e+02	7.81921635e+02	7.83810631e+02	7.85712080e+02	7.87625712e+02	7.89551258e+02	7.91488460e+02	7.93437064e+02	7.95396821e+02	7.97367489e+02	7.99348831e+02	8.01340616e+02	8.03342619e+02	8.05354619e+02	8.07376400e+02	8.09407753e+02	8.11448473e+02	8.13498358e+02	8.15557215e+02	8.17624851e+02	8.19701081e+02	8.21785723e+02	8.23878598e+02	8.25979535e+02	8.28088364e+02	8.30204920e+02	8.32329042e+02	8.34460573e+02	8.36599359e+02	8.38745252e+02	8.40898105e+02	8.43057775e+02	8.45224124e+02	8.47397016e+02	8.49576318e+02	8.51761903e+02	8.53953643e+02	8.56151415e+02
22	50	9.57143804e+02	9.54129683e+02	9.51131337e+02	9.48148792e+02	9.45182067e+02	9.42231177e+02	9.39296132e+02	9.36376934e+02	9.33473582e+02	9.30586066e+02	9.27714370e+02	9.24858470e+02	9.22018337e+02	9.19193931e+02	9.16385206e+02	9.13592107e+02	9.10814569e+02	9.08052519e+02	9.05305873e+02	9.02574538e+02	8.99858410e+02	8.97157374e+02	8.94471304e+02	8.91800063e+02	8.89143501e+02	8.86501455e+02	8.83873752e+02	8.81260203e+02	8.78660609e+02	8.76074756e+02	8.73502416e+02	8.70943350e+02	8.68397303e+02	8.65864008e+02	8.63343187e+02	8.60834546e+02	8.58337782e+02	8.55852578e+02	8.53378610e+02	8.50915541e+02	8.48463029e+02	8.46020724e+02	8.43588272e+02	8.41165316e+02	8.38751499e+02	8.36346466e+02	8.33949869e+02	8.31561368e+02	8.29180636e+02	8.26807361e+02	8.24441255e+02	8.22082055e+02	8.19729527e+02	8.17383475e+02	8.15043747e+02	8.12710234e+02	8.10382884e+02	8.08061705e+02	8.05746767e+02	8.03438216e+02	8.01136272e+02	7.98841238e+02	7.96553504e+02	7.94273552e+02	7.92001958e+02	7.89739396e+02	7.87486641e+02	7.85244565e+02	7.83014144e+02	7.80796448e+02	7.78592647e+02	7.76404000e+02	7.74231856e+02	7.72077641e+02	7.69942858e+02	7.67829073e+02	7.65737909e+02	7.63671036e+02	7.61630158e+02	7.59617005e+02	7.57633321e+02	7.55680853e+02	7.53761338e+02	7.51876497e+02	7.50028019e+02	7.48217554e+02	7.46446705e+02	7.44717018e+02	7.43029975e+02	7.41386987e+02	7.39789390e+02	7.38238436e+02	7.36735297e+02	7.35281052e+02	7.33876694e+02	7.32523124e+02	7.31221152e+02	7.29971497e+02	7.28774786e+02	7.27631561e+02	7.26542273e+02	7.25507293e+02	7.24526906e+02	7.23601323e+02	7.22730676e+02	7.21915028e+02	7.21154371e+02	7.20448634e+02	7.19797685e+02	7.19201335e+02	7.18659340e+02	7.18171408e+02	7.17737200e+02	7.17356332e+02	7.17028384e+02	7.16752898e+02	7.16529381e+02	7.16357312e+02	7.16236143e+02	7.16165298e+02	7.16144183e+02	7.16172182e+02	7.16248661e+02	7.16372972e+02	7.16544453e+02	7.16762432e+02	7.17026226e+02	7.17335143e+02	7.17688488e+02	7.18085559e+02	7.18525649e+02	7.19008052e+02	7.19532058e+02	7.20096958e+02	7.20702044e+02	7.21346609e+02	7.22029950e+02	7.22751365e+02	7.23510159e+02	7.24305639e+02	7.25137119e+02	7.26003918e+02	7.26905361e+02	7.27840782e+02	7.28809519e+02	7.29810919e+02	7.30844336e+02	7.31909134e+02	7.33004682e+02	7.34130362e+02	7.35285560e+02	7.36469673e+02	7.37682109e+02	7.38922281e+02	7.40189614e+02	7.41483541e+02	7.42803507e+02	7.44148961e+02	7.45519367e+02	7.46914195e+02	7.48332926e+02	7.49775049e+02	7.51240064e+02	7.52727479e+02	7.54236811e+02	7.55767588e+02	7.57319345e+02	7.58891627e+02	7.60483989e+02	7.62095993e+02	7.63727210e+02	7.65377222e+02	7.67045618e+02	7.68731994e+02	7.70435957e+02	7.72157120e+02	7.73895107e+02	7.75649548e+02	7.77420080e+02	7.79206350e+02	7.81008012e+02	7.82824727e+02	7.84656164e+02	7.86501999e+02	7.88361916e+02	7.90235605e+02	7.92122763e+02	7.94023095e+02	7.95936311e+02	7.97862130e+02	7.99800274e+02	8.01750475e+02	8.03712469e+02	8.05685998e+02	8.07670811e+02	8.09666662e+02	8.11673312e+02	8.13690526e+02	8.15718076e+02	8.17755738e+02	8.19803294e+02	8.21860532e+02	8.23927242e+02	8.26003223e+02	8.28088276e+02	8.30182208e+02	8.32284830e+02	8.34395958e+02	8.36515413e+02	8.38643017e+02	8.40778601e+02	8.42921997e+02	8.45073043e+02	8.47231578e+02	8.49397447e+02	8.51570500e+02	8.53750588e+02	8.55937567e+02	8.58131296e+02	8.60331637e+02	8.62538457e+02	8.64751625e+02	8.66971014e+02	8.69196498e+02
24	50	9.57143804e+02	9.54129683e+02	9.51131337e+02	9.48148792e+02	9.45182067e+02	9.42231177e+02	9.39296132e+02	9.36376934e+02	9.33473582e+02	9.30586066e+02	9.27714370e+02	9.24858470e+02	9.22018337e+02	9.19193931e+02	9.16385206e+02	9.13592107e+02	9.10814569e+02	9.08052519e+02	9.05305873e+02	9.02574538e+02	8.99858410e+02	8.97157374e+02	8.94471304e+02	8.91800063e+02	8.89143501e+02	8.86501455e+02	8.83873752e+02	8.81260203e+02	8.78660609e+02	8.76074756e+02	8.73502416e+02	8.70943350e+02	8.68397303e+02	8.65864008e+02	8.63343187e+02	8.60834546e+02	8.58337782e+02	8.55852578e+02	8.53378610e+02	8.50915541e+02	8.48463029e+02	8.46020724e+02	8.43588272e+02	8.41165316e+02	8.38751499e+02	8.36346466e+02	8.33949869e+02	8.31561368e+02	8.29180636e+02	8.26807361e+02	8.24441255e+02	8.22082055e+02	8.19729527e+02	8.17383475e+02	8.15043747e+02	8.12710234e+02	8.10382884e+02	8.08061705e+02	8.05746767e+02	8.03438216e+02	8.01136272e+02	7.98841238e+02	7.96553504e+02	7.94273552e+02	7.92001958e+02	7.89739396e+02	7.87486641e+02	7.85244565e+02	7.83014144e+02	7.80796448e+02	7.78592647e+02	7.76404000e+02	7.74231856e+02	7.72077641e+02	7.69942858e+02	7.67829073e+02	7.65737909e+02	7.63671036e+02	7.61630158e+02	7.59617005e+02	7.57633321e+02	7.55680853e+02	7.53761338e+02	7.51876497e+02	7.50028019e+02	7.48217554e+02	7.46446705e+02	7.44717018e+02	7.43029975e+02	7.41386987e+02	7.39789390e+02	7.38238436e+02	7.36735297e+02	7.35281052e+02	7.33876694e+02	7.32523124e+02	7.31221152e+02	7.29971497e+02	7.28774786e+02	7.27631561e+02	7.26542273e+02	7.25507293e+02	7.24526906e+02	7.23601323e+02	7.22730676e+02	7.21915028e+02	7.21154371e+02	7.20448634e+02	7.19797685e+02	7.19201335e+02	7.18659340e+02	7.18171408e+02	7.17737200e+02	7.17356332e+02	7.17028384e+02	7.16752898e+02	7.16529381e+02	7.16357312e+02	7.16236143e+02	7.16165298e+02	7.16144183e+02	7.16172182e+02	7.16248661e+02	7.16372972e+02	7.16544453e+02	7.16762432e+02	7.17026226e+02	7.17335143e+02	7.17688488e+02	7.18085559e+02	7.18525649e+02	7.19008052e+02	7.19532058e+02	7.20096958e+02	7.20702044e+02	7.21346609e+02	7.22029950e+02	7.22751365e+02	7.23510159e+02	7.24305639e+02	7.25137119e+02	7.26003918e+02	7.26905361e+02	7.27840782e+02	7.28809519e+02	7.29810919e+02	7.30844336e+02	7.31909134e+02	7.33004682e+02	7.34130362e+02	7.35285560e+02	7.36469673e+02	7.37682109e+02	7.38922281e+02	7.40189614e+02	7.41483541e+02	7.42803507e+02	7.44148961e+02	7.45519367e+02	7.46914195e+02	7.48332926e+02	7.49775049e+02	7.51240064e+02	7.52727479e+02	7.54236811e+02	7.55767588e+02	7.57319345e+02	7.58891627e+02	7.60483989e+02	7.62095993e+02	7.63727210e+02	7.65377222e+02	7.67045618e+02	7.68731994e+02	7.70435957e+02	7.72157120e+02	7.73895107e+02	7.75649548e+02	7.77420080e+02	7.79206350e+02	7.81008012e+02	7.82824727e+02	7.84656164e+02	7.86501999e+02	7.88361916e+02	7.90235605e+02	7.92122763e+02	7.94023095e+02	7.95936311e+02	7.97862130e+02	7.99800274e+02	8.01750475e+02	8.03712469e+02	8.05685998e+02	8.07670811e+02	8.09666662e+02	8.11673312e+02	8.13690526e+02	8.15718076e+02	8.17755738e+02	8.19803294e+02	8.21860532e+02	8.23927242e+02	8.26003223e+02	8.28088276e+02	8.30182208e+02	8.32284830e+02	8.34395958e+02	8.36515413e+02	8.38643017e+02	8.40778601e+02	8.42921997e+02	8.45073043e+02	8.47231578e+02	8.49397447e+02	8.51570500e+02	8.53750588e+02	8.55937567e+02	8.58131296e+02	8.60331637e+02	8.62538457e+02	8.64751625e+02	8.66971014e+02	8.69196498e+02
23	50	9.57143804e+02	9.54129683e+02	9.51131337e+02	9.48148792e+02	9.45182067e+02	9.42231177e+02	9.39296132e+02	9.36376934e+02	9.33473582e+02	9.30586066e+02	9.27714370e+02	9.24858470e+02	9.22018337e+02	9.19193931e+02	9.16385206e+02	9.13592107e+02	9.10814569e+02	9.08052519e+02	9.05305873e+02	9.02574538e+02	8.99858410e+02	8.97157374e+02	8.94471304e+02	8.91800063e+02	8.89143501e+02	8.86501455e+02	8.83873752e+02	8.81260203e+02	8.78660609e+02	8.76074756e+02	8.73502416e+02	8.70943350e+02	8.68397303e+02	8.65864008e+02	8.63343187e+02	8.60834546e+02	8.58337782e+02	8.55852578e+02	8.53378610e+02	8.50915541e+02	8.48463029e+02	8.46020724e+02	8.43588272e+02	8.41165316e+02	8.38751499e+02	8.36346466e+02	8.33949869e+02	8.31561368e+02	8.29180636e+02	8.26807361e+02	8.24441255e+02	8.22082055e+02	8.19729527e+02	8.17383475e+02	8.15043747e+02	8.12710234e+02	8.10382884e+02	8.08061705e+02	8.05746767e+02	8.03438216e+02	8.01136272e+02	7.98841238e+02	7.96553504e+02	7.94273552e+02	7.92001958e+02	7.89739396e+02	7.87486641e+02	7.85244565e+02	7.83014144e+02	7.80796448e+02	7.78592647e+02	7.76404000e+02	7.74231856e+02	7.72077641e+02	7.69942858e+02	7.67829073e+02	7.65737909e+02	7.63671036e+02	7.61630158e+02	7.59617005e+02	7.57633321e+02	7.55680853e+02	7.53761338e+02	7.51876497e+02	7.50028019e+02	7.48217554e+02	7.46446705e+02	7.44717018e+02	7.43029975e+02	7.41386987e+02	7.39789390e+02	7.38238436e+02	7.36735297e+02	7.35281052e+02	7.33876694e+02	7.32523124e+02	7.31221152e+02	7.29971497e+02	7.28774786e+02	7.27631561e+02	7.26542273e+02	7.25507293e+02	7.24526906e+02	7.23601323e+02	7.22730676e+02	7.21915028e+02	7.21154371e+02	7.20448634e+02	7.19797685e+02	7.19201335e+02	7.18659340e+02	7.18171408e+02	7.17737200e+02	7.17356332e+02	7.17028384e+02	7.16752898e+02	7.16529381e+02	7.16357312e+02	7.16236143e+02	7.16165298e+02	7.16144183e+02	7.16172182e+02	7.16248661e+02	7.16372972e+02	7.16544453e+02	7.16762432e+02	7.17026226e+02	7.17335143e+02	7.17688488e+02	7.18085559e+02	7.18525649e+02	7.19008052e+02	7.19532058e+02	7.20096958e+02	7.20702044e+02	7.21346609e+02	7.22029950e+02	7.22751365e+02	7.23510159e+02	7.24305639e+02	7.25137119e+02	7.26003918e+02	7.26905361e+02	7.27840782e+02	7.28809519e+02	7.29810919e+02	7.30844336e+02	7.31909134e+02	7.33004682e+02	7.34130362e+02	7.35285560e+02	7.36469673e+02	7.37682109e+02	7.38922281e+02	7.40189614e+02	7.41483541e+02	7.42803507e+02	7.44148961e+02	7.45519367e+02	7.46914195e+02	7.48332926e+02	7.49775049e+02	7.51240064e+02	7.52727479e+02	7.54236811e+02	7.55767588e+02	7.57319345e+02	7.58891627e+02	7.60483989e+02	7.62095993e+02	7.63727210e+02	7.65377222e+02	7.67045618e+02	7.68731994e+02	7.70435957e+02	7.72157120e+02	7.73895107e+02	7.75649548e+02	7.77420080e+02	7.79206350e+02	7.81008012e+02	7.82824727e+02	7.84656164e+02	7.86501999e+02	7.88361916e+02	7.90235605e+02	7.92122763e+02	7.94023095e+02	7.95936311e+02	7.97862130e+02	7.99800274e+02	8.01750475e+02	8.03712469e+02	8.05685998e+02	8.07670811e+02	8.09666662e+02	8.11673312e+02	8.13690526e+02	8.15718076e+02	8.17755738e+02	8.19803294e+02	8.21860532e+02	8.23927242e+02	8.26003223e+02	8.28088276e+02	8.30182208e+02	8.32284830e+02	8.34395958e+02	8.36515413e+02	8.38643017e+02	8.40778601e+02	8.42921997e+02	8.45073043e+02	8.47231578e+02	8.49397447e+02	8.51570500e+02	8.53750588e+02	8.55937567e+02	8.58131296e+02	8.60331637e+02	8.62538457e+02	8.64751625e+02	8.66971014e+02	8.69196498e+02
23	51	9.71198407e+02	9.68147651e+02	9.65112843e+02	9.62094008e+02	9.59091167e+02	9.56104335e+02	9.53133522e+02	9.50178732e+02	9.47239961e+02	9.44317201e+02	9.41410435e+02	9.38519641e+02	9.35644787e+02	9.32785835e+02	9.29942738e+02	9.27115439e+02	9.24303873e+02	9.21507968e+02	9.18727638e+02	9.15962788e+02	9.13213315e+02	9.10479102e+02	9.07760021e+02	9.05055933e+02	9.02366688e+02	8.99692120e+02	8.97032054e+02	8.94386300e+02	8.91754656e+02	8.89136904e+02	8.86532817e+02	8.83942149e+02	8.81364645e+02	8.78800034e+02	8.76248034e+02	8.73708349e+02	8.71180670e+02	8.68664680e+02	8.66160046e+02	8.63666432e+02	8.61183489e+02	8.58710863e+02	8.56248196e+02	8.53795127e+02	8.51351295e+02	8.48916340e+02	8.46489910e+02	8.44071660e+02	8.41661259e+02	8.39258393e+02	8.36862770e+02	8.34474121e+02	8.32092213e+02	8.29716846e+02	8.27347864e+02	8.24985160e+02	8.22628680e+02	8.20278432e+02	8.17934488e+02	8.15596993e+02	8.13266173e+02	8.10942333e+02	8.08625869e+02	8.06317269e+02	8.04017116e+02	8.01726092e+02	7.99444983e+02	7.97174672e+02	7.94916145e+02	7.92670490e+02	7.90438888e+02	7.88222617e+02	7.86023040e+02	7.83841605e+02	7.81679832e+02	7.79539307e+02	7.77421676e+02	7.75328628e+02	7.73261891e+02	7.71223217e+02	7.69214372e+02	7.67237126e+02	7.65293238e+02	7.63384452e+02	7.61512479e+02	7.59678992e+02	7.57885613e+02	7.56133909e+02	7.54425382e+02	7.52761462e+02	7.51143501e+02	7.49572770e+02	7.48050454e+02	7.46577649e+02	7.45155361e+02	7.43784503e+02	7.42465895e+02	7.41200267e+02	7.39988255e+02	7.38830407e+02	7.37727182e+02	7.36678955e+02	7.35686018e+02	7.34748582e+02	7.33866783e+02	7.33040685e+02	7.32270280e+02	7.31555497e+02	7.30896203e+02	7.30292206e+02	7.29743260e+02	7.29249070e+02	7.28809291e+02	7.28423537e+02	7.28091382e+02	7.27812360e+02	7.27585975e+02	7.27411698e+02	7.27288973e+02	7.27217219e+02	7.27195833e+02	7.27224191e+02	7.27301651e+02	7.27427558e+02	7.27601240e+02	7.27822016e+02	7.28089195e+02	7.28402077e+02	7.28759955e+02	7.29162119e+02	7.29607855e+02	7.30096444e+02	7.30627170e+02	7.31199313e+02	7.31812155e+02	7.32464982e+02	7.33157079e+02	7.33887737e+02	7.34656250e+02	7.35461917e+02	7.36304043e+02	7.37181937e+02	7.38094916e+02	7.39042304e+02	7.40023431e+02	7.41037636e+02	7.42084263e+02	7.43162668e+02	7.44272213e+02	7.45412268e+02	7.46582215e+02	7.47781441e+02	7.49009346e+02	7.50265336e+02	7.51548827e+02	7.52859246e+02	7.54196029e+02	7.55558619e+02	7.56946472e+02	7.58359052e+02	7.59795832e+02	7.61256294e+02	7.62739932e+02	7.64246246e+02	7.65774750e+02	7.67324961e+02	7.68896412e+02	7.70488640e+02	7.72101194e+02	7.73733630e+02	7.75385515e+02	7.77056423e+02	7.78745938e+02	7.80453652e+02	7.82179166e+02	7.83922089e+02	7.85682037e+02	7.87458638e+02	7.89251523e+02	7.91060334e+02	7.92884721e+02	7.94724341e+02	7.96578857e+02	7.98447943e+02	8.00331276e+02	8.02228544e+02	8.04139440e+02	8.06063664e+02	8.08000923e+02	8.09950931e+02	8.11913409e+02	8.13888082e+02	8.15874685e+02	8.17872956e+02	8.19882641e+02	8.21903491e+02	8.23935262e+02	8.25977718e+02	8.28030626e+02	8.30093761e+02	8.32166902e+02	8.34249832e+02	8.36342342e+02	8.38444225e+02	8.40555282e+02	8.42675315e+02	8.44804134e+02	8.46941553e+02	8.49087389e+02	8.51241464e+02	8.53403605e+02	8.55573643e+02	8.57751412e+02	8.59936751e+02	8.62129504e+02	8.64329515e+02	8.66536637e+02	8.68750721e+02	8.70971627e+02	8.73199214e+02	8.75433348e+02	8.77673895e+02	8.79920726e+02	8.82173716e+02
24	51	9.71198407e+02	9.68147651e+02	9.65112843e+02	9.62094008e+02	9.59091167e+02	9.56104335e+02	9.53133522e+02	9.50178732e+02	9.47239961e+02	9.44317201e+02	9.41410435e+02	9.38519641e+02	9.35644787e+02	9.32785835e+02	9.29942738e+02	9.27115439e+02	9.24303873e+02	9.21507968e+02	9.18727638e+02	9.15962788e+02	9.13213315e+02	9.10479102e+02	9.07760021e+02	9.05055933e+02	9.02366688e+02	8.99692120e+02	8.97032054e+02	8.94386300e+02	8.91754656e+02	8.89136904e+02	8.86532817e+02	8.83942149e+02	8.81364645e+02	8.78800034e+02	8.76248034e+02	8.73708349e+02	8.71180670e+02	8.68664680e+02	8.66160046e+02	8.63666432e+02	8.61183489e+02	8.58710863e+02	8.56248196e+02	8.53795127e+02	8.51351295e+02	8.48916340e+02	8.46489910e+02	8.44071660e+02	8.41661259e+02	8.39258393e+02	8.36862770e+02	8.34474121e+02	8.32092213e+02	8.29716846e+02	8.27347864e+02	8.24985160e+02	8.22628680e+02	8.20278432e+02	8.17934488e+02	8.15596993e+02	8.13266173e+02	8.10942333e+02	8.08625869e+02	8.06317269e+02	8.04017116e+02	8.01726092e+02	7.99444983e+02	7.97174672e+02	7.94916145e+02	7.92670490e+02	7.90438888e+02	7.88222617e+02	7.86023040e+02	7.83841605e+02	7.81679832e+02	7.79539307e+02	7.77421676e+02	7.75328628e+02	7.73261891e+02	7.71223217e+02	7.69214372e+02	7.67237126e+02	7.65293238e+02	7.63384452e+02	7.61512479e+02	7.59678992e+02	7.57885613e+02	7.56133909e+02	7.54425382e+02	7.52761462e+02	7.51143501e+02	7.49572770e+02	7.48050454e+02	7.46577649e+02	7.45155361e+02	7.43784503e+02	7.42465895e+02	7.41200267e+02	7.39988255e+02	7.38830407e+02	7.37727182e+02	7.36678955e+02	7.35686018e+02	7.34748582e+02	7.33866783e+02	7.33040685e+02	7.32270280e+02	7.31555497e+02	7.30896203e+02	7.30292206e+02	7.29743260e+02	7.29249070e+02	7.28809291e+02	7.28423537e+02	7.28091382e+02	7.27812360e+02	7.27585975e+02	7.27411698e+02	7.27288973e+02	7.27217219e+02	7.27195833e+02	7.27224191e+02	7.27301651e+02	7.27427558e+02	7.27601240e+02	7.27822016e+02	7.28089195e+02	7.28402077e+02	7.28759955e+02	7.29162119e+02	7.29607855e+02	7.30096444e+02	7.30627170e+02	7.31199313e+02	7.31812155e+02	7.32464982e+02	7.33157079e+02	7.33887737e+02	7.34656250e+02	7.35461917e+02	7.36304043e+02	7.37181937e+02	7.38094916e+02	7.39042304e+02	7.40023431e+02	7.41037636e+02	7.42084263e+02	7.43162668e+02	7.44272213e+02	7.45412268e+02	7.46582215e+02	7.47781441e+02	7.49009346e+02	7.50265336e+02	7.51548827e+02	7.52859246e+02	7.54196029e+02	7.55558619e+02	7.56946472e+02	7.58359052e+02	7.59795832e+02	7.61256294e+02	7.62739932e+02	7.64246246e+02	7.65774750e+02	7.67324961e+02	7.68896412e+02	7.70488640e+02	7.72101194e+02	7.73733630e+02	7.75385515e+02	7.77056423e+02	7.78745938e+02	7.80453652e+02	7.82179166e+02	7.83922089e+02	7.85682037e+02	7.87458638e+02	7.89251523e+02	7.91060334e+02	7.92884721e+02	7.94724341e+02	7.96578857e+02	7.98447943e+02	8.00331276e+02	8.02228544e+02	8.04139440e+02	8.06063664e+02	8.08000923e+02	8.09950931e+02	8.11913409e+02	8.13888082e+02	8.15874685e+02	8.17872956e+02	8.19882641e+02	8.21903491e+02	8.23935262e+02	8.25977718e+02	8.28030626e+02	8.30093761e+02	8.32166902e+02	8.34249832e+02	8.36342342e+02	8.38444225e+02	8.40555282e+02	8.42675315e+02	8.44804134e+02	8.46941553e+02	8.49087389e+02	8.51241464e+02	8.53403605e+02	8.55573643e+02	8.57751412e+02	8.59936751e+02	8.62129504e+02	8.64329515e+02	8.66536637e+02	8.68750721e+02	8.70971627e+02	8.73199214e+02	8.75433348e+02	8.77673895e+02	8.79920726e+02	8.82173716e+02
24	52	9.85178934e+02	9.82091812e+02	9.79020808e+02	9.75965950e+02	9.72927259e+02	9.69904749e+02	9.66898430e+02	9.63908308e+02	9.60934378e+02	9.57976632e+02	9.55035054e+02	9.52109621e+02	9.49200301e+02	9.46307055e+02	9.43429836e+02	9.40568588e+02	9.37723245e+02	9.34893731e+02	9.32079963e+02	9.29281845e+02	9.26499270e+02	9.23732121e+02	9.20980270e+02	9.18243576e+02	9.15521885e+02	9.12815033e+02	9.10122840e+02	9.07445116e+02	9.04781655e+02	9.02132238e+02	8.99496633e+02	8.96874594e+02	8.94265862e+02	8.91670163e+02	8.89087211e+02	8.86516707e+02	8.83958339e+02	8.81411785e+02	8.78876710e+02	8.76352772e+02	8.73839618e+02	8.71336892e+02	8.68844230e+02	8.66361266e+02	8.63887636e+02	8.61422976e+02	8.58966928e+02	8.56519145e+02	8.54079291e+02	8.51647048e+02	8.49222120e+02	8.46804237e+02	8.44393160e+02	8.41988689e+02	8.39590666e+02	8.37198982e+02	8.34813583e+02	8.32434475e+02	8.30061733e+02	8.27695505e+02	8.25336016e+02	8.22983579e+02	8.20638592e+02	8.18301549e+02	8.15973042e+02	8.13653762e+02	8.11344502e+02	8.09046158e+02	8.06759729e+02	8.04486314e+02	8.02227112e+02	7.99983414e+02	7.97756603e+02	7.95548142e+02	7.93359572e+02	7.91192501e+02	7.89048592e+02	7.86929557e+02	7.84837146e+02	7.82773133e+02	7.80739306e+02	7.78737459e+02	7.76769373e+02	7.74836814e+02	7.72941514e+02	7.71085167e+02	7.69269419e+02	7.67495856e+02	7.65765998e+02	7.64081294e+02	7.62443115e+02	7.60852747e+02	7.59311392e+02	7.57820160e+02	7.56380069e+02	7.54992045e+02	7.53656920e+02	7.52375432e+02	7.51148227e+02	7.49975861e+02	7.48858798e+02	7.47797419e+02	7.46792020e+02	7.45842815e+02	7.44949944e+02	7.44113469e+02	7.43333385e+02	7.42609621e+02	7.41942040e+02	7.41330451e+02	7.40774604e+02	7.40274199e+02	7.39828890e+02	7.39438285e+02	7.39101951e+02	7.38819419e+02	7.38590185e+02	7.38413716e+02	7.38289447e+02	7.38216790e+02	7.38195135e+02	7.38223850e+02	7.38302285e+02	7.38429776e+02	7.38605643e+02	7.38829197e+02	7.39099737e+02	7.39416554e+02	7.39778933e+02	7.40186155e+02	7.40637496e+02	7.41132229e+02	7.41669626e+02	7.42248960e+02	7.42869504e+02	7.43530533e+02	7.44231325e+02	7.44971160e+02	7.45749324e+02	7.46565106e+02	7.47417801e+02	7.48306712e+02	7.49231145e+02	7.50190416e+02	7.51183845e+02	7.52210763e+02	7.53270506e+02	7.54362422e+02	7.55485862e+02	7.56640192e+02	7.57824782e+02	7.59039014e+02	7.60282278e+02	7.61553972e+02	7.62853507e+02	7.64180300e+02	7.65533780e+02	7.66913385e+02	7.68318561e+02	7.69748765e+02	7.71203464e+02	7.72682135e+02	7.74184263e+02	7.75709342e+02	7.77256879e+02	7.78826388e+02	7.80417391e+02	7.82029422e+02	7.83662023e+02	7.85314746e+02	7.86987150e+02	7.88678805e+02	7.90389288e+02	7.92118188e+02	7.93865098e+02	7.95629624e+02	7.97411376e+02	7.99209977e+02	8.01025055e+02	8.02856246e+02	8.04703195e+02	8.06565554e+02	8.08442985e+02	8.10335153e+02	8.12241735e+02	8.14162412e+02	8.16096875e+02	8.18044819e+02	8.20005948e+02	8.21979971e+02	8.23966606e+02	8.25965576e+02	8.27976611e+02	8.29999446e+02	8.32033823e+02	8.34079490e+02	8.36136201e+02	8.38203716e+02	8.40281800e+02	8.42370224e+02	8.44468764e+02	8.46577202e+02	8.48695324e+02	8.50822923e+02	8.52959794e+02	8.55105740e+02	8.57260567e+02	8.59424086e+02	8.61596112e+02	8.63776466e+02	8.65964972e+02	8.68161458e+02	8.70365757e+02	8.72577706e+02	8.74797146e+02	8.77023920e+02	8.79257879e+02	8.81498872e+02	8.83746757e+02	8.86001393e+02	8.88262641e+02	8.90530368e+02	8.92804442e+02	8.95084738e+02
24	53	9.99087192e+02	9.95963965e+02	9.92857028e+02	9.89766406e+02	9.86692121e+02	9.83634190e+02	9.80592621e+02	9.77567420e+02	9.74558584e+02	9.71566104e+02	9.68589964e+02	9.65630140e+02	9.62686601e+02	9.59759307e+02	9.56848212e+02	9.53953258e+02	9.51074378e+02	9.48211498e+02	9.45364532e+02	9.42533382e+02	9.39717943e+02	9.36918095e+02	9.34133708e+02	9.31364640e+02	9.28610737e+02	9.25871831e+02	9.23147741e+02	9.20438275e+02	9.17743224e+02	9.15062368e+02	9.12395471e+02	9.09742285e+02	9.07102548e+02	9.04475982e+02	9.01862299e+02	8.99261196e+02	8.96672358e+02	8.94095458e+02	8.91530158e+02	8.88976111e+02	8.86432963e+02	8.83900350e+02	8.81377906e+02	8.78865260e+02	8.76362044e+02	8.73867889e+02	8.71382435e+02	8.68905328e+02	8.66436230e+02	8.63974818e+02	8.61520794e+02	8.59073883e+02	8.56633845e+02	8.54200477e+02	8.51773618e+02	8.49353159e+02	8.46939044e+02	8.44531281e+02	8.42129946e+02	8.39735186e+02	8.37347232e+02	8.34966399e+02	8.32593090e+02	8.30227806e+02	8.27871146e+02	8.25523808e+02	8.23186596e+02	8.20860418e+02	8.18546282e+02	8.16245304e+02	8.13958695e+02	8.11687763e+02	8.09433909e+02	8.07198613e+02	8.04983435e+02	8.02790002e+02	8.00620000e+02	7.98475161e+02	7.96357256e+02	7.94268082e+02	7.92209449e+02	7.90183173e+02	7.88191058e+02	7.86234892e+02	7.84316428e+02	7.82437384e+02	7.80599423e+02	7.78804152e+02	7.77053113e+02	7.75347771e+02	7.73689514e+02	7.72079647e+02	7.70519385e+02	7.69009854e+02	7.67552085e+02	7.66147015e+02	7.64795488e+02	7.63498251e+02	7.62255959e+02	7.61069175e+02	7.59938371e+02	7.58863931e+02	7.57846157e+02	7.56885266e+02	7.55981398e+02	7.55134619e+02	7.54344925e+02	7.53612241e+02	7.52936432e+02	7.52317303e+02	7.51754602e+02	7.51248027e+02	7.50797225e+02	7.50401802e+02	7.50061319e+02	7.49775301e+02	7.49543240e+02	7.49364592e+02	7.49238790e+02	7.49165237e+02	7.49143315e+02	7.49172384e+02	7.49251787e+02	7.49380851e+02	7.49558888e+02	7.49785200e+02	7.50059077e+02	7.50379803e+02	7.50746653e+02	7.51158897e+02	7.51615804e+02	7.52116637e+02	7.52660659e+02	7.53247135e+02	7.53875327e+02	7.54544502e+02	7.55253928e+02	7.56002876e+02	7.56790623e+02	7.57616449e+02	7.58479642e+02	7.59379492e+02	7.60315299e+02	7.61286369e+02	7.62292015e+02	7.63331557e+02	7.64404326e+02	7.65509657e+02	7.66646898e+02	7.67815402e+02	7.69014533e+02	7.70243666e+02	7.71502181e+02	7.72789471e+02	7.74104937e+02	7.75447990e+02	7.76818051e+02	7.78214550e+02	7.79636927e+02	7.81084633e+02	7.82557127e+02	7.84053879e+02	7.85574367e+02	7.87118080e+02	7.88684518e+02	7.90273187e+02	7.91883606e+02	7.93515302e+02	7.95167810e+02	7.96840676e+02	7.98533455e+02	8.00245711e+02	8.01977016e+02	8.03726951e+02	8.05495108e+02	8.07281085e+02	8.09084488e+02	8.10904935e+02	8.12742049e+02	8.14595462e+02	8.16464814e+02	8.18349754e+02	8.20249936e+02	8.22165025e+02	8.24094691e+02	8.26038613e+02	8.27996476e+02	8.29967973e+02	8.31952803e+02	8.33950672e+02	8.35961294e+02	8.37984389e+02	8.40019683e+02	8.42066907e+02	8.44125802e+02	8.46196111e+02	8.48277586e+02	8.50369983e+02	8.52473064e+02	8.54586598e+02	8.56710358e+02	8.58844122e+02	8.60987675e+02	8.63140806e+02	8.65303309e+02	8.67474984e+02	8.69655634e+02	8.71845067e+02	8.74043098e+02	8.76249544e+02	8.78464227e+02	8.80686973e+02	8.82917614e+02	8.85155983e+02	8.87401920e+02	8.89655268e+02	8.91915872e+02	8.94183583e+02	8.96458255e+02	8.98739745e+02	9.01027915e+02	9.03322628e+02	9.05623752e+02	9.07931158e+02
25	53	9.99087192e+02	9.95963965e+02	9.92857028e+02	9.89766406e+02	9.86692121e+02	9.83634190e+02	9.80592621e+02	9.77567420e+02	9.74558584e+02	9.71566104e+02	9.68589964e+02	9.65630140e+02	9.62686601e+02	9.59759307e+02	9.56848212e+02	9.53953258e+02	9.51074378e+02	9.48211498e+02	9.45364532e+02	9.42533382e+02	9.39717943e+02	9.36918095e+02	9.34133708e+02	9.31364640e+02	9.28610737e+02	9.25871831e+02	9.23147741e+02	9.20438275e+02	9.17743224e+02	9.15062368e+02	9.12395471e+02	9.09742285e+02	9.07102548e+02	9.04475982e+02	9.01862299e+02	8.99261196e+02	8.96672358e+02	8.94095458e+02	8.91530158e+02	8.88976111e+02	8.86432963e+02	8.83900350e+02	8.81377906e+02	8.78865260e+02	8.76362044e+02	8.73867889e+02	8.71382435e+02	8.68905328e+02	8.66436230e+02	8.63974818e+02	8.61520794e+02	8.59073883e+02	8.56633845e+02	8.54200477e+02	8.51773618e+02	8.49353159e+02	8.46939044e+02	8.44531281e+02	8.42129946e+02	8.39735186e+02	8.37347232e+02	8.34966399e+02	8.32593090e+02	8.30227806e+02	8.27871146e+02	8.25523808e+02	8.23186596e+02	8.20860418e+02	8.18546282e+02	8.16245304e+02	8.13958695e+02	8.11687763e+02	8.09433909e+02	8.07198613e+02	8.04983435e+02	8.02790002e+02	8.00620000e+02	7.98475161e+02	7.96357256e+02	7.94268082e+02	7.92209449e+02	7.90183173e+02	7.88191058e+02	7.86234892e+02	7.84316428e+02	7.82437384e+02	7.80599423e+02	7.78804152e+02	7.77053113e+02	7.75347771e+02	7.73689514e+02	7.72079647e+02	7.70519385e+02	7.69009854e+02	7.67552085e+02	7.66147015e+02	7.64795488e+02	7.63498251e+02	7.62255959e+02	7.61069175e+02	7.59938371e+02	7.58863931e+02	7.57846157e+02	7.56885266e+02	7.55981398e+02	7.55134619e+02	7.54344925e+02	7.53612241e+02	7.52936432e+02	7.52317303e+02	7.51754602e+02	7.51248027e+02	7.50797225e+02	7.50401802e+02	7.50061319e+02	7.49775301e+02	7.49543240e+02	7.49364592e+02	7.49238790e+02	7.49165237e+02	7.49143315e+02	7.49172384e+02	7.49251787e+02	7.49380851e+02	7.49558888e+02	7.49785200e+02	7.50059077e+02	7.50379803e+02	7.50746653e+02	7.51158897e+02	7.51615804e+02	7.52116637e+02	7.52660659e+02	7.53247135e+02	7.53875327e+02	7.54544502e+02	7.55253928e+02	7.56002876e+02	7.56790623e+02	7.57616449e+02	7.58479642e+02	7.59379492e+02	7.60315299e+02	7.61286369e+02	7.62292015e+02	7.63331557e+02	7.64404326e+02	7.65509657e+02	7.66646898e+02	7.67815402e+02	7.69014533e+02	7.70243666e+02	7.71502181e+02	7.72789471e+02	7.74104937e+02	7.75447990e+02	7.76818051e+02	7.78214550e+02	7.79636927e+02	7.81084633e+02	7.82557127e+02	7.84053879e+02	7.85574367e+02	7.87118080e+02	7.88684518e+02	7.90273187e+02	7.91883606e+02	7.93515302e+02	7.95167810e+02	7.96840676e+02	7.98533455e+02	8.00245711e+02	8.01977016e+02	8.03726951e+02	8.05495108e+02	8.07281085e+02	8.09084488e+02	8.10904935e+02	8.12742049e+02	8.14595462e+02	8.16464814e+02	8.18349754e+02	8.20249936e+02	8.22165025e+02	8.24094691e+02	8.26038613e+02	8.27996476e+02	8.29967973e+02	8.31952803e+02	8.33950672e+02	8.35961294e+02	8.37984389e+02	8.40019683e+02	8.42066907e+02	8.44125802e+02	8.46196111e+02	8.48277586e+02	8.50369983e+02	8.52473064e+02	8.54586598e+02	8.56710358e+02	8.58844122e+02	8.60987675e+02	8.63140806e+02	8.65303309e+02	8.67474984e+02	8.69655634e+02	8.71845067e+02	8.74043098e+02	8.76249544e+02	8.78464227e+02	8.80686973e+02	8.82917614e+02	8.85155983e+02	8.87401920e+02	8.89655268e+02	8.91915872e+02	8.94183583e+02	8.96458255e+02	8.98739745e+02	9.01027915e+02	9.03322628e+02	9.05623752e+02	9.07931158e+02
24	54	1.01292491e+03	1.00976584e+03	1.00662322e+03	1.00349708e+03	1.00038746e+03	9.97294354e+02	9.94217784e+02	9.91157752e+02	9.88114255e+02	9.85087285e+02	9.82076826e+02	9.79082853e+02	9.76105336e+02	9.73144235e+02	9.70199502e+02	9.67271078e+02	9.64358899e+02	9.61462886e+02	9.58582955e+02	9.55719006e+02	9.52870933e+02	9.50038615e+02	9.47221921e+02	9.44420707e+02	9.41634817e+02	9.38864082e+02	9.36108319e+02	9.33367333e+02	9.30640914e+02	9.27928838e+02	9.25230869e+02	9.22546754e+02	9.19876228e+02	9.17219012e+02	9.14574813e+02	9.11943324e+02	9.09324228e+02	9.06717194e+02	9.04121880e+02	9.01537936e+02	8.98965002e+02	8.96402711e+02	8.93850692e+02	8.91308572e+02	8.88775976e+02	8.86252532e+02	8.83737876e+02	8.81231650e+02	8.78733511e+02	8.76243134e+02	8.73760215e+02	8.71284479e+02	8.68815681e+02	8.66353615e+02	8.63898121e+02	8.61449086e+02	8.59006456e+02	8.56570237e+02	8.54140506e+02	8.51717413e+02	8.49301191e+02	8.46892159e+02	8.44490724e+02	8.42097395e+02	8.39712776e+02	8.37337575e+02	8.34972604e+02	8.32618783e+02	8.30277133e+02	8.27948781e+02	8.25634955e+02	8.23336978e+02	8.21056266e+02	8.18794320e+02	8.16552718e+02	8.14333106e+02	8.12137190e+02	8.09966724e+02	8.07823501e+02	8.05709338e+02	8.03626070e+02	8.01575533e+02	7.99559555e+02	7.97579943e+02	7.95638475e+02	7.93736888e+02	7.91876867e+02	7.90060038e+02	7.88287962e+02	7.86562123e+02	7.84883927e+02	7.83254694e+02	7.81675656e+02	7.80147950e+02	7.78672624e+02	7.77250625e+02	7.75882808e+02	7.74569929e+02	7.73312654e+02	7.72111551e+02	7.70967099e+02	7.69879688e+02	7.68849623e+02	7.67877125e+02	7.66962336e+02	7.66105324e+02	7.65306083e+02	7.64564541e+02	7.63880560e+02	7.63253943e+02	7.62684435e+02	7.62171731e+02	7.61715475e+02	7.61315266e+02	7.60970662e+02	7.60681183e+02	7.60446312e+02	7.60265502e+02	7.60138177e+02	7.60063733e+02	7.60041546e+02	7.60070967e+02	7.60151331e+02	7.60281957e+02	7.60462150e+02	7.60691201e+02	7.60968393e+02	7.61293001e+02	7.61664290e+02	7.62081523e+02	7.62543957e+02	7.63050849e+02	7.63601452e+02	7.64195020e+02	7.64830809e+02	7.65508074e+02	7.66226074e+02	7.66984074e+02	7.67781338e+02	7.68617141e+02	7.69490758e+02	7.70401473e+02	7.71348577e+02	7.72331366e+02	7.73349144e+02	7.74401226e+02	7.75486930e+02	7.76605585e+02	7.77756531e+02	7.78939113e+02	7.80152686e+02	7.81396617e+02	7.82670280e+02	7.83973058e+02	7.85304346e+02	7.86663547e+02	7.88050076e+02	7.89463354e+02	7.90902815e+02	7.92367902e+02	7.93858069e+02	7.95372777e+02	7.96911499e+02	7.98473719e+02	8.00058927e+02	8.01666626e+02	8.03296327e+02	8.04947551e+02	8.06619830e+02	8.08312701e+02	8.10025715e+02	8.11758430e+02	8.13510412e+02	8.15281239e+02	8.17070496e+02	8.18877776e+02	8.20702681e+02	8.22544823e+02	8.24403821e+02	8.26279303e+02	8.28170903e+02	8.30078267e+02	8.32001044e+02	8.33938895e+02	8.35891486e+02	8.37858492e+02	8.39839594e+02	8.41834480e+02	8.43842847e+02	8.45864397e+02	8.47898840e+02	8.49945892e+02	8.52005277e+02	8.54076722e+02	8.56159964e+02	8.58254744e+02	8.60360811e+02	8.62477917e+02	8.64605822e+02	8.66744291e+02	8.68893095e+02	8.71052010e+02	8.73220817e+02	8.75399303e+02	8.77587260e+02	8.79784484e+02	8.81990777e+02	8.84205945e+02	8.86429799e+02	8.88662155e+02	8.90902833e+02	8.93151656e+02	8.95408454e+02	8.97673060e+02	8.99945310e+02	9.02225044e+02	9.04512108e+02	9.06806350e+02	9.09107622e+02	9.11415780e+02	9.13730683e+02	9.16052193e+02	9.18380177e+02	9.20714504e+02
26	54	1.01292491e+03	1.00976584e+03	1.00662322e+03	1.00349708e+03	1.00038746e+03	9.97294354e+02	9.94217784e+02	9.91157752e+02	9.88114255e+02	9.85087285e+02	9.82076826e+02	9.79082853e+02	9.76105336e+02	9.73144235e+02	9.70199502e+02	9.67271078e+02	9.64358899e+02	9.61462886e+02	9.58582955e+02	9.55719006e+02	9.52870933e+02	9.50038615e+02	9.47221921e+02	9.44420707e+02	9.41634817e+02	9.38864082e+02	9.36108319e+02	9.33367333e+02	9.30640914e+02	9.27928838e+02	9.25230869e+02	9.22546754e+02	9.19876228e+02	9.17219012e+02	9.14574813e+02	9.11943324e+02	9.09324228e+02	9.06717194e+02	9.04121880e+02	9.01537936e+02	8.98965002e+02	8.96402711e+02	8.93850692e+02	8.91308572e+02	8.88775976e+02	8.86252532e+02	8.83737876e+02	8.81231650e+02	8.78733511e+02	8.76243134e+02	8.73760215e+02	8.71284479e+02	8.68815681e+02	8.66353615e+02	8.63898121e+02	8.61449086e+02	8.59006456e+02	8.56570237e+02	8.54140506e+02	8.51717413e+02	8.49301191e+02	8.46892159e+02	8.44490724e+02	8.42097395e+02	8.39712776e+02	8.37337575e+02	8.34972604e+02	8.32618783e+02	8.30277133e+02	8.27948781e+02	8.25634955e+02	8.23336978e+02	8.21056266e+02	8.18794320e+02	8.16552718e+02	8.14333106e+02	8.12137190e+02	8.09966724e+02	8.07823501e+02	8.05709338e+02	8.03626070e+02	8.01575533e+02	7.99559555e+02	7.97579943e+02	7.95638475e+02	7.93736888e+02	7.91876867e+02	7.90060038e+02	7.88287962e+02	7.86562123e+02	7.84883927e+02	7.83254694e+02	7.81675656e+02	7.80147950e+02	7.78672624e+02	7.77250625e+02	7.75882808e+02	7.74569929e+02	7.73312654e+02	7.72111551e+02	7.70967099e+02	7.69879688e+02	7.68849623e+02	7.67877125e+02	7.66962336e+02	7.66105324e+02	7.65306083e+02	7.64564541e+02	7.63880560e+02	7.63253943e+02	7.62684435e+02	7.62171731e+02	7.61715475e+02	7.61315266e+02	7.60970662e+02	7.60681183e+02	7.60446312e+02	7.60265502e+02	7.60138177e+02	7.60063733e+02	7.60041546e+02	7.60070967e+02	7.60151331e+02	7.60281957e+02	7.60462150e+02	7.60691201e+02	7.60968393e+02	7.61293001e+02	7.61664290e+02	7.62081523e+02	7.62543957e+02	7.63050849e+02	7.63601452e+02	7.64195020e+02	7.64830809e+02	7.65508074e+02	7.66226074e+02	7.66984074e+02	7.67781338e+02	7.68617141e+02	7.69490758e+02	7.70401473e+02	7.71348577e+02	7.72331366e+02	7.73349144e+02	7.74401226e+02	7.75486930e+02	7.76605585e+02	7.77756531e+02	7.78939113e+02	7.80152686e+02	7.81396617e+02	7.82670280e+02	7.83973058e+02	7.85304346e+02	7.86663547e+02	7.88050076e+02	7.89463354e+02	7.90902815e+02	7.92367902e+02	7.93858069e+02	7.95372777e+02	7.96911499e+02	7.98473719e+02	8.00058927e+02	8.01666626e+02	8.03296327e+02	8.04947551e+02	8.06619830e+02	8.08312701e+02	8.10025715e+02	8.11758430e+02	8.13510412e+02	8.15281239e+02	8.17070496e+02	8.18877776e+02	8.20702681e+02	8.22544823e+02	8.24403821e+02	8.26279303e+02	8.28170903e+02	8.30078267e+02	8.32001044e+02	8.33938895e+02	8.35891486e+02	8.37858492e+02	8.39839594e+02	8.41834480e+02	8.43842847e+02	8.45864397e+02	8.47898840e+02	8.49945892e+02	8.52005277e+02	8.54076722e+02	8.56159964e+02	8.58254744e+02	8.60360811e+02	8.62477917e+02	8.64605822e+02	8.66744291e+02	8.68893095e+02	8.71052010e+02	8.73220817e+02	8.75399303e+02	8.77587260e+02	8.79784484e+02	8.81990777e+02	8.84205945e+02	8.86429799e+02	8.88662155e+02	8.90902833e+02	8.93151656e+02	8.95408454e+02	8.97673060e+02	8.99945310e+02	9.02225044e+02	9.04512108e+02	9.06806350e+02	9.09107622e+02	9.11415780e+02	9.13730683e+02	9.16052193e+02	9.18380177e+02	9.20714504e+02
25	54	1.01292491e+03	1.00976584e+03	1.00662322e+03	1.00349708e+03	1.00038746e+03	9.97294354e+02	9.94217784e+02	9.91157752e+02	9.88114255e+02	9.85087285e+02	9.82076826e+02	9.79082853e+02	9.76105336e+02	9.73144235e+02	9.70199502e+02	9.67271078e+02	9.64358899e+02	9.61462886e+02	9.58582955e+02	9.55719006e+02	9.52870933e+02	9.50038615e+02	9.47221921e+02	9.44420707e+02	9.41634817e+02	9.38864082e+02	9.36108319e+02	9.33367333e+02	9.30640914e+02	9.27928838e+02	9.25230869e+02	9.22546754e+02	9.19876228e+02	9.17219012e+02	9.14574813e+02	9.11943324e+02	9.09324228e+02	9.06717194e+02	9.04121880e+02	9.01537936e+02	8.98965002e+02	8.96402711e+02	8.93850692e+02	8.91308572e+02	8.88775976e+02	8.86252532e+02	8.83737876e+02	8.81231650e+02	8.78733511e+02	8.76243134e+02	8.73760215e+02	8.71284479e+02	8.68815681e+02	8.66353615e+02	8.63898121e+02	8.61449086e+02	8.59006456e+02	8.56570237e+02	8.54140506e+02	8.51717413e+02	8.49301191e+02	8.46892159e+02	8.44490724e+02	8.42097395e+02	8.39712776e+02	8.37337575e+02	8.34972604e+02	8.32618783e+02	8.30277133e+02	8.27948781e+02	8.25634955e+02	8.23336978e+02	8.21056266e+02	8.18794320e+02	8.16552718e+02	8.14333106e+02	8.12137190e+02	8.09966724e+02	8.07823501e+02	8.05709338e+02	8.03626070e+02	8.01575533e+02	7.99559555e+02	7.97579943e+02	7.95638475e+02	7.93736888e+02	7.91876867e+02	7.90060038e+02	7.88287962e+02	7.86562123e+02	7.84883927e+02	7.83254694e+02	7.81675656e+02	7.80147950e+02	7.78672624e+02	7.77250625e+02	7.75882808e+02	7.74569929e+02	7.73312654e+02	7.72111551e+02	7.70967099e+02	7.69879688e+02	7.68849623e+02	7.67877125e+02	7.66962336e+02	7.66105324e+02	7.65306083e+02	7.64564541e+02	7.63880560e+02	7.63253943e+02	7.62684435e+02	7.62171731e+02	7.61715475e+02	7.61315266e+02	7.60970662e+02	7.60681183e+02	7.60446312e+02	7.60265502e+02	7.60138177e+02	7.60063733e+02	7.60041546e+02	7.60070967e+02	7.60151331e+02	7.60281957e+02	7.60462150e+02	7.60691201e+02	7.60968393e+02	7.61293001e+02	7.61664290e+02	7.62081523e+02	7.62543957e+02	7.63050849e+02	7.63601452e+02	7.64195020e+02	7.64830809e+02	7.65508074e+02	7.66226074e+02	7.66984074e+02	7.67781338e+02	7.68617141e+02	7.69490758e+02	7.70401473e+02	7.71348577e+02	7.72331366e+02	7.73349144e+02	7.74401226e+02	7.75486930e+02	7.76605585e+02	7.77756531e+02	7.78939113e+02	7.80152686e+02	7.81396617e+02	7.82670280e+02	7.83973058e+02	7.85304346e+02	7.86663547e+02	7.88050076e+02	7.89463354e+02	7.90902815e+02	7.92367902e+02	7.93858069e+02	7.95372777e+02	7.96911499e+02	7.98473719e+02	8.00058927e+02	8.01666626e+02	8.03296327e+02	8.04947551e+02	8.06619830e+02	8.08312701e+02	8.10025715e+02	8.11758430e+02	8.13510412e+02	8.15281239e+02	8.17070496e+02	8.18877776e+02	8.20702681e+02	8.22544823e+02	8.24403821e+02	8.26279303e+02	8.28170903e+02	8.30078267e+02	8.32001044e+02	8.33938895e+02	8.35891486e+02	8.37858492e+02	8.39839594e+02	8.41834480e+02	8.43842847e+02	8.45864397e+02	8.47898840e+02	8.49945892e+02	8.52005277e+02	8.54076722e+02	8.56159964e+02	8.58254744e+02	8.60360811e+02	8.62477917e+02	8.64605822e+02	8.66744291e+02	8.68893095e+02	8.71052010e+02	8.73220817e+02	8.75399303e+02	8.77587260e+02	8.79784484e+02	8.81990777e+02	8.84205945e+02	8.86429799e+02	8.88662155e+02	8.90902833e+02	8.93151656e+02	8.95408454e+02	8.97673060e+02	8.99945310e+02	9.02225044e+02	9.04512108e+02	9.06806350e+02	9.09107622e+02	9.11415780e+02	9.13730683e+02	9.16052193e+02	9.18380177e+02	9.20714504e+02
25	55	1.02669375e+03	1.02349908e+03	1.02032102e+03	1.01715962e+03	1.01401490e+03	1.01088687e+03	1.00777554e+03	1.00468091e+03	1.00160300e+03	9.98541776e+02	9.95497234e+02	9.92469349e+02	9.89458089e+02	9.86463413e+02	9.83485273e+02	9.80523612e+02	9.77578362e+02	9.74649445e+02	9.71736776e+02	9.68840254e+02	9.65959772e+02	9.63095207e+02	9.60246428e+02	9.57413289e+02	9.54595632e+02	9.51793287e+02	9.49006069e+02	9.46233780e+02	9.43476208e+02	9.40733128e+02	9.38004299e+02	9.35289467e+02	9.32588364e+02	9.29900708e+02	9.27226202e+02	9.24564537e+02	9.21915390e+02	9.19278429e+02	9.16653307e+02	9.14039670e+02	9.11437153e+02	9.08845388e+02	9.06263997e+02	9.03692604e+02	9.01130829e+02	8.98578296e+02	8.96034637e+02	8.93499490e+02	8.90972509e+02	8.88453364e+02	8.85941749e+02	8.83437383e+02	8.80940021e+02	8.78449455e+02	8.75965520e+02	8.73488105e+02	8.71017153e+02	8.68552672e+02	8.66094738e+02	8.63643505e+02	8.61199207e+02	8.58762167e+02	8.56332798e+02	8.53911614e+02	8.51499226e+02	8.49096350e+02	8.46703810e+02	8.44322533e+02	8.41953555e+02	8.39598015e+02	8.37257156e+02	8.34932316e+02	8.32624930e+02	8.30336514e+02	8.28068666e+02	8.25823051e+02	8.23601397e+02	8.21405477e+02	8.19237106e+02	8.17098125e+02	8.14990387e+02	8.12915753e+02	8.10876072e+02	8.08873173e+02	8.06908856e+02	8.04984878e+02	8.03102945e+02	8.01264703e+02	7.99471732e+02	7.97725534e+02	7.96027533e+02	7.94379064e+02	7.92781374e+02	7.91235617e+02	7.89742851e+02	7.88304037e+02	7.86920038e+02	7.85591624e+02	7.84319465e+02	7.83104139e+02	7.81946131e+02	7.80845836e+02	7.79803562e+02	7.78819535e+02	7.77893898e+02	7.77026721e+02	7.76217999e+02	7.75467657e+02	7.74775559e+02	7.74141503e+02	7.73565234e+02	7.73046442e+02	7.72584768e+02	7.72179806e+02	7.71831108e+02	7.71538190e+02	7.71300529e+02	7.71117572e+02	7.70988734e+02	7.70913406e+02	7.70890954e+02	7.70920725e+02	7.71002044e+02	7.71134222e+02	7.71316555e+02	7.71548328e+02	7.71828813e+02	7.72157276e+02	7.72532975e+02	7.72955163e+02	7.73423088e+02	7.73935998e+02	7.74493138e+02	7.75093751e+02	7.75737085e+02	7.76422386e+02	7.77148904e+02	7.77915894e+02	7.78722613e+02	7.79568324e+02	7.80452296e+02	7.81373804e+02	7.82332128e+02	7.83326557e+02	7.84356388e+02	7.85420923e+02	7.86519476e+02	7.87651367e+02	7.88815926e+02	7.90012490e+02	7.91240409e+02	7.92499039e+02	7.93787747e+02	7.95105910e+02	7.96452914e+02	7.97828155e+02	7.99231040e+02	8.00660984e+02	8.02117414e+02	8.03599766e+02	8.05107485e+02	8.06640029e+02	8.08196863e+02	8.09777464e+02	8.11381316e+02	8.13007916e+02	8.14656770e+02	8.16327392e+02	8.18019306e+02	8.19732048e+02	8.21465160e+02	8.23218196e+02	8.24990717e+02	8.26782294e+02	8.28592507e+02	8.30420946e+02	8.32267208e+02	8.34130899e+02	8.36011633e+02	8.37909033e+02	8.39822732e+02	8.41752367e+02	8.43697586e+02	8.45658045e+02	8.47633406e+02	8.49623338e+02	8.51627520e+02	8.53645638e+02	8.55677382e+02	8.57722452e+02	8.59780554e+02	8.61851401e+02	8.63934712e+02	8.66030214e+02	8.68137637e+02	8.70256722e+02	8.72387213e+02	8.74528860e+02	8.76681419e+02	8.78844654e+02	8.81018332e+02	8.83202226e+02	8.85396115e+02	8.87599783e+02	8.89813019e+02	8.92035618e+02	8.94267379e+02	8.96508106e+02	8.98757607e+02	9.01015696e+02	9.03282190e+02	9.05556913e+02	9.07839690e+02	9.10130352e+02	9.12428734e+02	9.14734675e+02	9.17048018e+02	9.19368609e+02	9.21696299e+02	9.24030941e+02	9.26372394e+02	9.28720518e+02	9.31075177e+02	9.33436240e+02
26	55	1.02669375e+03	1.02349908e+03	1.02032102e+03	1.01715962e+03	1.01401490e+03	1.01088687e+03	1.00777554e+03	1.00468091e+03	1.00160300e+03	9.98541776e+02	9.95497234e+02	9.92469349e+02	9.89458089e+02	9.86463413e+02	9.83485273e+02	9.80523612e+02	9.77578362e+02	9.74649445e+02	9.71736776e+02	9.68840254e+02	9.65959772e+02	9.63095207e+02	9.60246428e+02	9.57413289e+02	9.54595632e+02	9.51793287e+02	9.49006069e+02	9.46233780e+02	9.43476208e+02	9.40733128e+02	9.38004299e+02	9.35289467e+02	9.32588364e+02	9.29900708e+02	9.27226202e+02	9.24564537e+02	9.21915390e+02	9.19278429e+02	9.16653307e+02	9.14039670e+02	9.11437153e+02	9.08845388e+02	9.06263997e+02	9.03692604e+02	9.01130829e+02	8.98578296e+02	8.96034637e+02	8.93499490e+02	8.90972509e+02	8.88453364e+02	8.85941749e+02	8.83437383e+02	8.80940021e+02	8.78449455e+02	8.75965520e+02	8.73488105e+02	8.71017153e+02	8.68552672e+02	8.66094738e+02	8.63643505e+02	8.61199207e+02	8.58762167e+02	8.56332798e+02	8.53911614e+02	8.51499226e+02	8.49096350e+02	8.46703810e+02	8.44322533e+02	8.41953555e+02	8.39598015e+02	8.37257156e+02	8.34932316e+02	8.32624930e+02	8.30336514e+02	8.28068666e+02	8.25823051e+02	8.23601397e+02	8.21405477e+02	8.19237106e+02	8.17098125e+02	8.14990387e+02	8.12915753e+02	8.10876072e+02	8.08873173e+02	8.06908856e+02	8.04984878e+02	8.03102945e+02	8.01264703e+02	7.99471732e+02	7.97725534e+02	7.96027533e+02	7.94379064e+02	7.92781374e+02	7.91235617e+02	7.89742851e+02	7.88304037e+02	7.86920038e+02	7.85591624e+02	7.84319465e+02	7.83104139e+02	7.81946131e+02	7.80845836e+02	7.79803562e+02	7.78819535e+02	7.77893898e+02	7.77026721e+02	7.76217999e+02	7.75467657e+02	7.74775559e+02	7.74141503e+02	7.73565234e+02	7.73046442e+02	7.72584768e+02	7.72179806e+02	7.71831108e+02	7.71538190e+02	7.71300529e+02	7.71117572e+02	7.70988734e+02	7.70913406e+02	7.70890954e+02	7.70920725e+02	7.71002044e+02	7.71134222e+02	7.71316555e+02	7.71548328e+02	7.71828813e+02	7.72157276e+02	7.72532975e+02	7.72955163e+02	7.73423088e+02	7.73935998e+02	7.74493138e+02	7.75093751e+02	7.75737085e+02	7.76422386e+02	7.77148904e+02	7.77915894e+02	7.78722613e+02	7.79568324e+02	7.80452296e+02	7.81373804e+02	7.82332128e+02	7.83326557e+02	7.84356388e+02	7.85420923e+02	7.86519476e+02	7.87651367e+02	7.88815926e+02	7.90012490e+02	7.91240409e+02	7.92499039e+02	7.93787747e+02	7.95105910e+02	7.96452914e+02	7.97828155e+02	7.99231040e+02	8.00660984e+02	8.02117414e+02	8.03599766e+02	8.05107485e+02	8.06640029e+02	8.08196863e+02	8.09777464e+02	8.11381316e+02	8.13007916e+02	8.14656770e+02	8.16327392e+02	8.18019306e+02	8.19732048e+02	8.21465160e+02	8.23218196e+02	8.24990717e+02	8.26782294e+02	8.28592507e+02	8.30420946e+02	8.32267208e+02	8.34130899e+02	8.36011633e+02	8.37909033e+02	8.39822732e+02	8.41752367e+02	8.43697586e+02	8.45658045e+02	8.47633406e+02	8.49623338e+02	8.51627520e+02	8.53645638e+02	8.55677382e+02	8.57722452e+02	8.59780554e+02	8.61851401e+02	8.63934712e+02	8.66030214e+02	8.68137637e+02	8.70256722e+02	8.72387213e+02	8.74528860e+02	8.76681419e+02	8.78844654e+02	8.81018332e+02	8.83202226e+02	8.85396115e+02	8.87599783e+02	8.89813019e+02	8.92035618e+02	8.94267379e+02	8.96508106e+02	8.98757607e+02	9.01015696e+02	9.03282190e+02	9.05556913e+02	9.07839690e+02	9.10130352e+02	9.12428734e+02	9.14734675e+02	9.17048018e+02	9.19368609e+02	9.21696299e+02	9.24030941e+02	9.26372394e+02	9.28720518e+02	9.31075177e+02	9.33436240e+02
26	56	1.04039530e+03	1.03716527e+03	1.03395202e+03	1.03075559e+03	1.02757601e+03	1.02441329e+03	1.02126743e+03	1.01813846e+03	1.01502635e+03	1.01193111e+03	1.00885272e+03	1.00579115e+03	1.00274637e+03	9.99718351e+02	9.96707031e+02	9.93712356e+02	9.90734259e+02	9.87772662e+02	9.84827475e+02	9.81898601e+02	9.78985928e+02	9.76089335e+02	9.73208688e+02	9.70343840e+02	9.67494631e+02	9.64660889e+02	9.61842427e+02	9.59039046e+02	9.56250532e+02	9.53476656e+02	9.50717175e+02	9.47971834e+02	9.45240360e+02	9.42522468e+02	9.39817859e+02	9.37126220e+02	9.34447226e+02	9.31780538e+02	9.29125809e+02	9.26482678e+02	9.23850778e+02	9.21229736e+02	9.18619170e+02	9.16018700e+02	9.13427942e+02	9.10846516e+02	9.08274049e+02	9.05710175e+02	9.03154545e+02	9.00606825e+02	8.98066705e+02	8.95533902e+02	8.93008167e+02	8.90489290e+02	8.87977105e+02	8.85471499e+02	8.82972415e+02	8.80479860e+02	8.77993912e+02	8.75514727e+02	8.73042540e+02	8.70577679e+02	8.68120563e+02	8.65671708e+02	8.63231736e+02	8.60801371e+02	8.58381444e+02	8.55972894e+02	8.53576770e+02	8.51194223e+02	8.48826510e+02	8.46474987e+02	8.44141103e+02	8.41826393e+02	8.39532473e+02	8.37261029e+02	8.35013806e+02	8.32792602e+02	8.30599250e+02	8.28435613e+02	8.26303569e+02	8.24204997e+02	8.22141770e+02	8.20115738e+02	8.18128722e+02	8.16182501e+02	8.14278801e+02	8.12419288e+02	8.10605560e+02	8.08839137e+02	8.07121461e+02	8.05453883e+02	8.03837666e+02	8.02273976e+02	8.00763885e+02	7.99308366e+02	7.97908293e+02	7.96564445e+02	7.95277501e+02	7.94048045e+02	7.92876570e+02	7.91763475e+02	7.90709073e+02	7.89713593e+02	7.88777180e+02	7.87899905e+02	7.87081763e+02	7.86322680e+02	7.85622517e+02	7.84981072e+02	7.84398086e+02	7.83873246e+02	7.83406189e+02	7.82996505e+02	7.82643741e+02	7.82347407e+02	7.82106974e+02	7.81921882e+02	7.81791541e+02	7.81715335e+02	7.81692621e+02	7.81722739e+02	7.81805007e+02	7.81938727e+02	7.82123187e+02	7.82357663e+02	7.82641419e+02	7.82973712e+02	7.83353792e+02	7.83780902e+02	7.84254283e+02	7.84773172e+02	7.85336805e+02	7.85944417e+02	7.86595246e+02	7.87288530e+02	7.88023510e+02	7.88799431e+02	7.89615542e+02	7.90471098e+02	7.91365357e+02	7.92297585e+02	7.93267056e+02	7.94273049e+02	7.95314852e+02	7.96391761e+02	7.97503078e+02	7.98648117e+02	7.99826199e+02	8.01036654e+02	8.02278823e+02	8.03552056e+02	8.04855710e+02	8.06189156e+02	8.07551772e+02	8.08942947e+02	8.10362080e+02	8.11808581e+02	8.13281867e+02	8.14781369e+02	8.16306527e+02	8.17856788e+02	8.19431614e+02	8.21030474e+02	8.22652848e+02	8.24298224e+02	8.25966103e+02	8.27655993e+02	8.29367415e+02	8.31099895e+02	8.32852972e+02	8.34626194e+02	8.36419117e+02	8.38231306e+02	8.40062338e+02	8.41911796e+02	8.43779272e+02	8.45664368e+02	8.47566694e+02	8.49485868e+02	8.51421517e+02	8.53373276e+02	8.55340788e+02	8.57323704e+02	8.59321682e+02	8.61334389e+02	8.63361498e+02	8.65402692e+02	8.67457657e+02	8.69526090e+02	8.71607694e+02	8.73702177e+02	8.75809255e+02	8.77928652e+02	8.80060096e+02	8.82203323e+02	8.84358075e+02	8.86524099e+02	8.88701148e+02	8.90888983e+02	8.93087367e+02	8.95296073e+02	8.97514876e+02	8.99743558e+02	9.01981905e+02	9.04229709e+02	9.06486767e+02	9.08752881e+02	9.11027857e+02	9.13311506e+02	9.15603644e+02	9.17904092e+02	9.20212673e+02	9.22529217e+02	9.24853556e+02	9.27185527e+02	9.29524972e+02	9.31871735e+02	9.34225665e+02	9.36586614e+02	9.38954438e+02	9.41328996e+02	9.43710152e+02	9.46097771e+02
28	56	1.04039530e+03	1.03716527e+03	1.03395202e+03	1.03075559e+03	1.02757601e+03	1.02441329e+03	1.02126743e+03	1.01813846e+03	1.01502635e+03	1.01193111e+03	1.00885272e+03	1.00579115e+03	1.00274637e+03	9.99718351e+02	9.96707031e+02	9.93712356e+02	9.90734259e+02	9.87772662e+02	9.84827475e+02	9.81898601e+02	9.78985928e+02	9.76089335e+02	9.73208688e+02	9.70343840e+02	9.67494631e+02	9.64660889e+02	9.61842427e+02	9.59039046e+02	9.56250532e+02	9.53476656e+02	9.50717175e+02	9.47971834e+02	9.45240360e+02	9.42522468e+02	9.39817859e+02	9.37126220e+02	9.34447226e+02	9.31780538e+02	9.29125809e+02	9.26482678e+02	9.23850778e+02	9.21229736e+02	9.18619170e+02	9.16018700e+02	9.13427942e+02	9.10846516e+02	9.08274049e+02	9.05710175e+02	9.03154545e+02	9.00606825e+02	8.98066705e+02	8.95533902e+02	8.93008167e+02	8.90489290e+02	8.87977105e+02	8.85471499e+02	8.82972415e+02	8.80479860e+02	8.77993912e+02	8.75514727e+02	8.73042540e+02	8.70577679e+02	8.68120563e+02	8.65671708e+02	8.63231736e+02	8.60801371e+02	8.58381444e+02	8.55972894e+02	8.53576770e+02	8.51194223e+02	8.48826510e+02	8.46474987e+02	8.44141103e+02	8.41826393e+02	8.39532473e+02	8.37261029e+02	8.35013806e+02	8.32792602e+02	8.30599250e+02	8.28435613e+02	8.26303569e+02	8.24204997e+02	8.22141770e+02	8.20115738e+02	8.18128722e+02	8.16182501e+02	8.14278801e+02	8.12419288e+02	8.10605560e+02	8.08839137e+02	8.07121461e+02	8.05453883e+02	8.03837666e+02	8.02273976e+02	8.00763885e+02	7.99308366e+02	7.97908293e+02	7.96564445e+02	7.95277501e+02	7.94048045e+02	7.92876570e+02	7.91763475e+02	7.90709073e+02	7.89713593e+02	7.88777180e+02	7.87899905e+02	7.87081763e+02	7.86322680e+02	7.85622517e+02	7.84981072e+02	7.84398086e+02	7.83873246e+02	7.83406189e+02	7.82996505e+02	7.82643741e+02	7.82347407e+02	7.82106974e+02	7.81921882e+02	7.81791541e+02	7.81715335e+02	7.81692621e+02	7.81722739e+02	7.81805007e+02	7.81938727e+02	7.82123187e+02	7.82357663e+02	7.82641419e+02	7.82973712e+02	7.83353792e+02	7.83780902e+02	7.84254283e+02	7.84773172e+02	7.85336805e+02	7.85944417e+02	7.86595246e+02	7.87288530e+02	7.88023510e+02	7.88799431e+02	7.89615542e+02	7.90471098e+02	7.91365357e+02	7.92297585e+02	7.93267056e+02	7.94273049e+02	7.95314852e+02	7.96391761e+02	7.97503078e+02	7.98648117e+02	7.99826199e+02	8.01036654e+02	8.02278823e+02	8.03552056e+02	8.04855710e+02	8.06189156e+02	8.07551772e+02	8.08942947e+02	8.10362080e+02	8.11808581e+02	8.13281867e+02	8.14781369e+02	8.16306527e+02	8.17856788e+02	8.19431614e+02	8.21030474e+02	8.22652848e+02	8.24298224e+02	8.25966103e+02	8.27655993e+02	8.29367415e+02	8.31099895e+02	8.32852972e+02	8.34626194e+02	8.36419117e+02	8.38231306e+02	8.40062338e+02	8.41911796e+02	8.43779272e+02	8.45664368e+02	8.47566694e+02	8.49485868e+02	8.51421517e+02	8.53373276e+02	8.55340788e+02	8.57323704e+02	8.59321682e+02	8.61334389e+02	8.63361498e+02	8.65402692e+02	8.67457657e+02	8.69526090e+02	8.71607694e+02	8.73702177e+02	8.75809255e+02	8.77928652e+02	8.80060096e+02	8.82203323e+02	8.84358075e+02	8.86524099e+02	8.88701148e+02	8.90888983e+02	8.93087367e+02	8.95296073e+02	8.97514876e+02	8.99743558e+02	9.01981905e+02	9.04229709e+02	9.06486767e+02	9.08752881e+02	9.11027857e+02	9.13311506e+02	9.15603644e+02	9.17904092e+02	9.20212673e+02	9.22529217e+02	9.24853556e+02	9.27185527e+02	9.29524972e+02	9.31871735e+02	9.34225665e+02	9.36586614e+02	9.38954438e+02	9.41328996e+02	9.43710152e+02	9.46097771e+02
26	57	1.05403109e+03	1.05076593e+03	1.04751772e+03	1.04428650e+03	1.04107229e+03	1.03787511e+03	1.03469496e+03	1.03153186e+03	1.02838579e+03	1.02525676e+03	1.02214474e+03	1.01904971e+03	1.01597165e+03	1.01291050e+03	1.00986622e+03	1.00683875e+03	1.00382802e+03	1.00083396e+03	9.97856474e+02	9.94895461e+02	9.91950812e+02	9.89022404e+02	9.86110099e+02	9.83213752e+02	9.80333200e+02	9.77468269e+02	9.74618771e+02	9.71784504e+02	9.68965252e+02	9.66160784e+02	9.63370855e+02	9.60595205e+02	9.57833561e+02	9.55085633e+02	9.52351120e+02	9.49629706e+02	9.46921061e+02	9.44224843e+02	9.41540701e+02	9.38868271e+02	9.36207182e+02	9.33557056e+02	9.30917508e+02	9.28288152e+02	9.25668602e+02	9.23058473e+02	9.20457387e+02	9.17864976e+02	9.15280885e+02	9.12704778e+02	9.10136340e+02	9.07575287e+02	9.05021366e+02	9.02474364e+02	8.99934115e+02	8.97400503e+02	8.94873470e+02	8.92353026e+02	8.89839248e+02	8.87332293e+02	8.84832401e+02	8.82339901e+02	8.79855218e+02	8.77378875e+02	8.74911500e+02	8.72453824e+02	8.70006689e+02	8.67571045e+02	8.65147952e+02	8.62738574e+02	8.60344184e+02	8.57966151e+02	8.55605941e+02	8.53265109e+02	8.50945287e+02	8.48648181e+02	8.46375557e+02	8.44129232e+02	8.41911062e+02	8.39722931e+02	8.37566737e+02	8.35444383e+02	8.33357763e+02	8.31308748e+02	8.29299182e+02	8.27330862e+02	8.25405536e+02	8.23524889e+02	8.21690538e+02	8.19904023e+02	8.18166799e+02	8.16480236e+02	8.14845610e+02	8.13264104e+02	8.11736800e+02	8.10264684e+02	8.08848641e+02	8.07489459e+02	8.06187825e+02	8.04944331e+02	8.03759475e+02	8.02633663e+02	8.01567212e+02	8.00560352e+02	7.99613232e+02	7.98725924e+02	7.97898423e+02	7.97130655e+02	7.96422480e+02	7.95773693e+02	7.95184034e+02	7.94653185e+02	7.94180780e+02	7.93766404e+02	7.93409600e+02	7.93109872e+02	7.92866685e+02	7.92679473e+02	7.92547639e+02	7.92470559e+02	7.92447586e+02	7.92478048e+02	7.92561259e+02	7.92696511e+02	7.92883084e+02	7.93120245e+02	7.93407252e+02	7.93743351e+02	7.94127783e+02	7.94559784e+02	7.95038585e+02	7.95563414e+02	7.96133498e+02	7.96748064e+02	7.97406340e+02	7.98107556e+02	7.98850943e+02	7.99635738e+02	8.00461181e+02	8.01326516e+02	8.02230996e+02	8.03173876e+02	8.04154422e+02	8.05171905e+02	8.06225603e+02	8.07314803e+02	8.08438803e+02	8.09596904e+02	8.10788422e+02	8.12012679e+02	8.13269006e+02	8.14556746e+02	8.15875251e+02	8.17223880e+02	8.18602007e+02	8.20009013e+02	8.21444290e+02	8.22907239e+02	8.24397273e+02	8.25913814e+02	8.27456296e+02	8.29024161e+02	8.30616862e+02	8.32233862e+02	8.33874636e+02	8.35538667e+02	8.37225448e+02	8.38934482e+02	8.40665283e+02	8.42417373e+02	8.44190285e+02	8.45983562e+02	8.47796754e+02	8.49629422e+02	8.51481136e+02	8.53351475e+02	8.55240028e+02	8.57146389e+02	8.59070166e+02	8.61010972e+02	8.62968428e+02	8.64942167e+02	8.66931826e+02	8.68937052e+02	8.70957500e+02	8.72992833e+02	8.75042720e+02	8.77106838e+02	8.79184873e+02	8.81276516e+02	8.83381467e+02	8.85499431e+02	8.87630121e+02	8.89773257e+02	8.91928564e+02	8.94095775e+02	8.96274629e+02	8.98464869e+02	9.00666247e+02	9.02878520e+02	9.05101450e+02	9.07334805e+02	9.09578358e+02	9.11831889e+02	9.14095181e+02	9.16368024e+02	9.18650213e+02	9.20941547e+02	9.23241831e+02	9.25550872e+02	9.27868485e+02	9.30194488e+02	9.32528704e+02	9.34870958e+02	9.37221083e+02	9.39578913e+02	9.41944288e+02	9.44317050e+02	9.46697047e+02	9.49084128e+02	9.51478149e+02	9.53878967e+02	9.56286444e+02	9.58700444e+02
27	57	1.05403109e+03	1.05076593e+03	1.04751772e+03	1.04428650e+03	1.04107229e+03	1.03787511e+03	1.03469496e+03	1.03153186e+03	1.02838579e+03	1.02525676e+03	1.02214474e+03	1.01904971e+03	1.01597165e+03	1.01291050e+03	1.00986622e+03	1.00683875e+03	1.00382802e+03	1.00083396e+03	9.97856474e+02	9.94895461e+02	9.91950812e+02	9.89022404e+02	9.86110099e+02	9.83213752e+02	9.80333200e+02	9.77468269e+02	9.74618771e+02	9.71784504e+02	9.68965252e+02	9.66160784e+02	9.63370855e+02	9.60595205e+02	9.57833561e+02	9.55085633e+02	9.52351120e+02	9.49629706e+02	9.46921061e+02	9.44224843e+02	9.41540701e+02	9.38868271e+02	9.36207182e+02	9.33557056e+02	9.30917508e+02	9.28288152e+02	9.25668602e+02	9.23058473e+02	9.20457387e+02	9.17864976e+02	9.15280885e+02	9.12704778e+02	9.10136340e+02	9.07575287e+02	9.05021366e+02	9.02474364e+02	8.99934115e+02	8.97400503e+02	8.94873470e+02	8.92353026e+02	8.89839248e+02	8.87332293e+02	8.84832401e+02	8.82339901e+02	8.79855218e+02	8.77378875e+02	8.74911500e+02	8.72453824e+02	8.70006689e+02	8.67571045e+02	8.65147952e+02	8.62738574e+02	8.60344184e+02	8.57966151e+02	8.55605941e+02	8.53265109e+02	8.50945287e+02	8.48648181e+02	8.46375557e+02	8.44129232e+02	8.41911062e+02	8.39722931e+02	8.37566737e+02	8.35444383e+02	8.33357763e+02	8.31308748e+02	8.29299182e+02	8.27330862e+02	8.25405536e+02	8.23524889e+02	8.21690538e+02	8.19904023e+02	8.18166799e+02	8.16480236e+02	8.14845610e+02	8.13264104e+02	8.11736800e+02	8.10264684e+02	8.08848641e+02	8.07489459e+02	8.06187825e+02	8.04944331e+02	8.03759475e+02	8.02633663e+02	8.01567212e+02	8.00560352e+02	7.99613232e+02	7.98725924e+02	7.97898423e+02	7.97130655e+02	7.96422480e+02	7.95773693e+02	7.95184034e+02	7.94653185e+02	7.94180780e+02	7.93766404e+02	7.93409600e+02	7.93109872e+02	7.92866685e+02	7.92679473e+02	7.92547639e+02	7.92470559e+02	7.92447586e+02	7.92478048e+02	7.92561259e+02	7.92696511e+02	7.92883084e+02	7.93120245e+02	7.93407252e+02	7.93743351e+02	7.94127783e+02	7.94559784e+02	7.95038585e+02	7.95563414e+02	7.96133498e+02	7.96748064e+02	7.97406340e+02	7.98107556e+02	7.98850943e+02	7.99635738e+02	8.00461181e+02	8.01326516e+02	8.02230996e+02	8.03173876e+02	8.04154422e+02	8.05171905e+02	8.06225603e+02	8.07314803e+02	8.08438803e+02	8.09596904e+02	8.10788422e+02	8.12012679e+02	8.13269006e+02	8.14556746e+02	8.15875251e+02	8.17223880e+02	8.18602007e+02	8.20009013e+02	8.21444290e+02	8.22907239e+02	8.24397273e+02	8.25913814e+02	8.27456296e+02	8.29024161e+02	8.30616862e+02	8.32233862e+02	8.33874636e+02	8.35538667e+02	8.37225448e+02	8.38934482e+02	8.40665283e+02	8.42417373e+02	8.44190285e+02	8.45983562e+02	8.47796754e+02	8.49629422e+02	8.51481136e+02	8.53351475e+02	8.55240028e+02	8.57146389e+02	8.59070166e+02	8.61010972e+02	8.62968428e+02	8.64942167e+02	8.66931826e+02	8.68937052e+02	8.70957500e+02	8.72992833e+02	8.75042720e+02	8.77106838e+02	8.79184873e+02	8.81276516e+02	8.83381467e+02	8.85499431e+02	8.87630121e+02	8.89773257e+02	8.91928564e+02	8.94095775e+02	8.96274629e+02	8.98464869e+02	9.00666247e+02	9.02878520e+02	9.05101450e+02	9.07334805e+02	9.09578358e+02	9.11831889e+02	9.14095181e+02	9.16368024e+02	9.18650213e+02	9.20941547e+02	9.23241831e+02	9.25550872e+02	9.27868485e+02	9.30194488e+02	9.32528704e+02	9.34870958e+02	9.37221083e+02	9.39578913e+02	9.41944288e+02	9.44317050e+02	9.46697047e+02	9.49084128e+02	9.51478149e+02	9.53878967e+02	9.56286444e+02	9.58700444e+02
26	58	1.06760258e+03	1.06430252e+03	1.06101958e+03	1.05775380e+03	1.05450519e+03	1.05127377e+03	1.04805955e+03	1.04486254e+03	1.04168274e+03	1.03852013e+03	1.03537471e+03	1.03224644e+03	1.02913530e+03	1.02604124e+03	1.02296422e+03	1.01990417e+03	1.01686103e+03	1.01383471e+03	1.01082514e+03	1.00783220e+03	1.00485578e+03	1.00189576e+03	9.98952005e+02	9.96024363e+02	9.93112672e+02	9.90216755e+02	9.87336423e+02	9.84471471e+02	9.81621680e+02	9.78786819e+02	9.75966640e+02	9.73160879e+02	9.70369260e+02	9.67591492e+02	9.64827269e+02	9.62076272e+02	9.59338168e+02	9.56612612e+02	9.53899248e+02	9.51197709e+02	9.48507620e+02	9.45828598e+02	9.43160255e+02	9.40502201e+02	9.37854045e+02	9.35215398e+02	9.32585879e+02	9.29965115e+02	9.27352747e+02	9.24748436e+02	9.22151863e+02	9.19562742e+02	9.16980816e+02	9.14405871e+02	9.11837738e+02	9.09276301e+02	9.06721501e+02	9.04173346e+02	9.01631917e+02	8.99097371e+02	8.96569951e+02	8.94049991e+02	8.91537919e+02	8.89034264e+02	8.86539661e+02	8.84054850e+02	8.81580682e+02	8.79118118e+02	8.76668228e+02	8.74232192e+02	8.71811295e+02	8.69406922e+02	8.67020556e+02	8.64653768e+02	8.62308210e+02	8.59985606e+02	8.57687743e+02	8.55416459e+02	8.53173629e+02	8.50961160e+02	8.48780971e+02	8.46634987e+02	8.44525122e+02	8.42453271e+02	8.40421297e+02	8.38431020e+02	8.36484206e+02	8.34582560e+02	8.32727718e+02	8.30921237e+02	8.29164590e+02	8.27459162e+02	8.25806246e+02	8.24207036e+02	8.22662629e+02	8.21174021e+02	8.19742110e+02	8.18367690e+02	8.17051459e+02	8.15794017e+02	8.14595866e+02	8.13457418e+02	8.12378993e+02	8.11360825e+02	8.10403067e+02	8.09505789e+02	8.08668989e+02	8.07892591e+02	8.07176454e+02	8.06520372e+02	8.05924081e+02	8.05387261e+02	8.04909542e+02	8.04490504e+02	8.04129686e+02	8.03826585e+02	8.03580661e+02	8.03391342e+02	8.03258025e+02	8.03180077e+02	8.03156845e+02	8.03187651e+02	8.03271798e+02	8.03408572e+02	8.03597245e+02	8.03837075e+02	8.04127311e+02	8.04467192e+02	8.04855949e+02	8.05292810e+02	8.05776996e+02	8.06307728e+02	8.06884223e+02	8.07505699e+02	8.08171375e+02	8.08880472e+02	8.09632213e+02	8.10425825e+02	8.11260540e+02	8.12135594e+02	8.13050229e+02	8.14003694e+02	8.14995245e+02	8.16024144e+02	8.17089661e+02	8.18191077e+02	8.19327677e+02	8.20498759e+02	8.21703627e+02	8.22941597e+02	8.24211993e+02	8.25514149e+02	8.26847408e+02	8.28211126e+02	8.29604665e+02	8.31027401e+02	8.32478718e+02	8.33958011e+02	8.35464686e+02	8.36998158e+02	8.38557854e+02	8.40143209e+02	8.41753671e+02	8.43388697e+02	8.45047755e+02	8.46730320e+02	8.48435882e+02	8.50163938e+02	8.51913994e+02	8.53685570e+02	8.55478191e+02	8.57291394e+02	8.59124725e+02	8.60977741e+02	8.62850005e+02	8.64741092e+02	8.66650586e+02	8.68578077e+02	8.70523167e+02	8.72485466e+02	8.74464590e+02	8.76460167e+02	8.78471831e+02	8.80499225e+02	8.82541999e+02	8.84599812e+02	8.86672329e+02	8.88759225e+02	8.90860182e+02	8.92974886e+02	8.95103034e+02	8.97244328e+02	8.99398478e+02	9.01565200e+02	9.03744216e+02	9.05935257e+02	9.08138057e+02	9.10352358e+02	9.12577909e+02	9.14814462e+02	9.17061779e+02	9.19319623e+02	9.21587767e+02	9.23865986e+02	9.26154063e+02	9.28451784e+02	9.30758941e+02	9.33075333e+02	9.35400759e+02	9.37735029e+02	9.40077952e+02	9.42429345e+02	9.44789029e+02	9.47156828e+02	9.49532572e+02	9.51916093e+02	9.54307230e+02	9.56705823e+02	9.59111717e+02	9.61524762e+02	9.63944810e+02	9.66371718e+02	9.68805345e+02	9.71245554e+02
28	58	1.06760258e+03	1.06430252e+03	1.06101958e+03	1.05775380e+03	1.05450519e+03	1.05127377e+03	1.04805955e+03	1.04486254e+03	1.04168274e+03	1.03852013e+03	1.03537471e+03	1.03224644e+03	1.02913530e+03	1.02604124e+03	1.02296422e+03	1.01990417e+03	1.01686103e+03	1.01383471e+03	1.01082514e+03	1.00783220e+03	1.00485578e+03	1.00189576e+03	9.98952005e+02	9.96024363e+02	9.93112672e+02	9.90216755e+02	9.87336423e+02	9.84471471e+02	9.81621680e+02	9.78786819e+02	9.75966640e+02	9.73160879e+02	9.70369260e+02	9.67591492e+02	9.64827269e+02	9.62076272e+02	9.59338168e+02	9.56612612e+02	9.53899248e+02	9.51197709e+02	9.48507620e+02	9.45828598e+02	9.43160255e+02	9.40502201e+02	9.37854045e+02	9.35215398e+02	9.32585879e+02	9.29965115e+02	9.27352747e+02	9.24748436e+02	9.22151863e+02	9.19562742e+02	9.16980816e+02	9.14405871e+02	9.11837738e+02	9.09276301e+02	9.06721501e+02	9.04173346e+02	9.01631917e+02	8.99097371e+02	8.96569951e+02	8.94049991e+02	8.91537919e+02	8.89034264e+02	8.86539661e+02	8.84054850e+02	8.81580682e+02	8.79118118e+02	8.76668228e+02	8.74232192e+02	8.71811295e+02	8.69406922e+02	8.67020556e+02	8.64653768e+02	8.62308210e+02	8.59985606e+02	8.57687743e+02	8.55416459e+02	8.53173629e+02	8.50961160e+02	8.48780971e+02	8.46634987e+02	8.44525122e+02	8.42453271e+02	8.40421297e+02	8.38431020e+02	8.36484206e+02	8.34582560e+02	8.32727718e+02	8.30921237e+02	8.29164590e+02	8.27459162e+02	8.25806246e+02	8.24207036e+02	8.22662629e+02	8.21174021e+02	8.19742110e+02	8.18367690e+02	8.17051459e+02	8.15794017e+02	8.14595866e+02	8.13457418e+02	8.12378993e+02	8.11360825e+02	8.10403067e+02	8.09505789e+02	8.08668989e+02	8.07892591e+02	8.07176454e+02	8.06520372e+02	8.05924081e+02	8.05387261e+02	8.04909542e+02	8.04490504e+02	8.04129686e+02	8.03826585e+02	8.03580661e+02	8.03391342e+02	8.03258025e+02	8.03180077e+02	8.03156845e+02	8.03187651e+02	8.03271798e+02	8.03408572e+02	8.03597245e+02	8.03837075e+02	8.04127311e+02	8.04467192e+02	8.04855949e+02	8.05292810e+02	8.05776996e+02	8.06307728e+02	8.06884223e+02	8.07505699e+02	8.08171375e+02	8.08880472e+02	8.09632213e+02	8.10425825e+02	8.11260540e+02	8.12135594e+02	8.13050229e+02	8.14003694e+02	8.14995245e+02	8.16024144e+02	8.17089661e+02	8.18191077e+02	8.19327677e+02	8.20498759e+02	8.21703627e+02	8.22941597e+02	8.24211993e+02	8.25514149e+02	8.26847408e+02	8.28211126e+02	8.29604665e+02	8.31027401e+02	8.32478718e+02	8.33958011e+02	8.35464686e+02	8.36998158e+02	8.38557854e+02	8.40143209e+02	8.41753671e+02	8.43388697e+02	8.45047755e+02	8.46730320e+02	8.48435882e+02	8.50163938e+02	8.51913994e+02	8.53685570e+02	8.55478191e+02	8.57291394e+02	8.59124725e+02	8.60977741e+02	8.62850005e+02	8.64741092e+02	8.66650586e+02	8.68578077e+02	8.70523167e+02	8.72485466e+02	8.74464590e+02	8.76460167e+02	8.78471831e+02	8.80499225e+02	8.82541999e+02	8.84599812e+02	8.86672329e+02	8.88759225e+02	8.90860182e+02	8.92974886e+02	8.95103034e+02	8.97244328e+02	8.99398478e+02	9.01565200e+02	9.03744216e+02	9.05935257e+02	9.08138057e+02	9.10352358e+02	9.12577909e+02	9.14814462e+02	9.17061779e+02	9.19319623e+02	9.21587767e+02	9.23865986e+02	9.26154063e+02	9.28451784e+02	9.30758941e+02	9.33075333e+02	9.35400759e+02	9.37735029e+02	9.40077952e+02	9.42429345e+02	9.44789029e+02	9.47156828e+02	9.49532572e+02	9.51916093e+02	9.54307230e+02	9.56705823e+02	9.59111717e+02	9.61524762e+02	9.63944810e+02	9.66371718e+02	9.68805345e+02	9.71245554e+02
27	59	1.08111117e+03	1.07777644e+03	1.07445900e+03	1.07115887e+03	1.06787608e+03	1.06461065e+03	1.06136258e+03	1.05813188e+03	1.05491856e+03	1.05172260e+03	1.04854398e+03	1.04538269e+03	1.04223868e+03	1.03911192e+03	1.03600237e+03	1.03290995e+03	1.02983460e+03	1.02677624e+03	1.02373477e+03	1.02071011e+03	1.01770213e+03	1.01471070e+03	1.01173570e+03	1.00877696e+03	1.00583433e+03	1.00290763e+03	9.99996655e+02	9.97101214e+02	9.94221081e+02	9.91356020e+02	9.88505783e+02	9.85670103e+02	9.82848701e+02	9.80041282e+02	9.77247539e+02	9.74467148e+02	9.71699772e+02	9.68945065e+02	9.66202665e+02	9.63472202e+02	9.60753297e+02	9.58045563e+02	9.55348609e+02	9.52662039e+02	9.49985458e+02	9.47318475e+02	9.44660703e+02	9.42011765e+02	9.39371300e+02	9.36738964e+02	9.34114436e+02	9.31497424e+02	9.28887671e+02	9.26284960e+02	9.23689119e+02	9.21100033e+02	9.18517641e+02	9.15941951e+02	9.13373046e+02	9.10811083e+02	9.08256310e+02	9.05709062e+02	9.03169774e+02	9.00638980e+02	8.98117321e+02	8.95605546e+02	8.93104516e+02	8.90615201e+02	8.88138684e+02	8.85676157e+02	8.83228919e+02	8.80798372e+02	8.78386014e+02	8.75993434e+02	8.73622302e+02	8.71274361e+02	8.68951418e+02	8.66655330e+02	8.64387995e+02	8.62151341e+02	8.59947307e+02	8.57777841e+02	8.55644878e+02	8.53550334e+02	8.51496093e+02	8.49483995e+02	8.47515828e+02	8.45593314e+02	8.43718109e+02	8.41891787e+02	8.40115838e+02	8.38391664e+02	8.36720571e+02	8.35103768e+02	8.33542364e+02	8.32037368e+02	8.30589687e+02	8.29200125e+02	8.27869389e+02	8.26598084e+02	8.25386721e+02	8.24235715e+02	8.23145391e+02	8.22115987e+02	8.21147656e+02	8.20240471e+02	8.19394429e+02	8.18609455e+02	8.17885405e+02	8.17222074e+02	8.16619193e+02	8.16076439e+02	8.15593439e+02	8.15169768e+02	8.14804961e+02	8.14498508e+02	8.14249864e+02	8.14058452e+02	8.13923659e+02	8.13844850e+02	8.13821361e+02	8.13852507e+02	8.13937585e+02	8.14075872e+02	8.14266631e+02	8.14509114e+02	8.14802559e+02	8.15146198e+02	8.15539254e+02	8.15980944e+02	8.16470482e+02	8.17007080e+02	8.17589945e+02	8.18218288e+02	8.18891318e+02	8.19608248e+02	8.20368291e+02	8.21170666e+02	8.22014595e+02	8.22899307e+02	8.23824035e+02	8.24788018e+02	8.25790505e+02	8.26830749e+02	8.27908012e+02	8.29021566e+02	8.30170689e+02	8.31354670e+02	8.32572806e+02	8.33824404e+02	8.35108780e+02	8.36425261e+02	8.37773184e+02	8.39151894e+02	8.40560750e+02	8.41999117e+02	8.43466375e+02	8.44961910e+02	8.46485121e+02	8.48035418e+02	8.49612220e+02	8.51214957e+02	8.52843069e+02	8.54496007e+02	8.56173233e+02	8.57874218e+02	8.59598443e+02	8.61345401e+02	8.63114593e+02	8.64905531e+02	8.66717736e+02	8.68550741e+02	8.70404085e+02	8.72277320e+02	8.74170006e+02	8.76081711e+02	8.78012013e+02	8.79960501e+02	8.81926771e+02	8.83910427e+02	8.85911083e+02	8.87928361e+02	8.89961891e+02	8.92011312e+02	8.94076271e+02	8.96156423e+02	8.98251429e+02	9.00360959e+02	9.02484692e+02	9.04622311e+02	9.06773510e+02	9.08937987e+02	9.11115448e+02	9.13305607e+02	9.15508183e+02	9.17722902e+02	9.19949498e+02	9.22187707e+02	9.24437277e+02	9.26697958e+02	9.28969506e+02	9.31251686e+02	9.33544264e+02	9.35847015e+02	9.38159719e+02	9.40482160e+02	9.42814127e+02	9.45155417e+02	9.47505827e+02	9.49865164e+02	9.52233237e+02	9.54609859e+02	9.56994849e+02	9.59388030e+02	9.61789230e+02	9.64198279e+02	9.66615013e+02	9.69039273e+02	9.71470900e+02	9.73909743e+02	9.76355652e+02	9.78808483e+02	9.81268094e+02	9.83734345e+02
28	59	1.08111117e+03	1.07777644e+03	1.07445900e+03	1.07115887e+03	1.06787608e+03	1.06461065e+03	1.06136258e+03	1.05813188e+03	1.05491856e+03	1.05172260e+03	1.04854398e+03	1.04538269e+03	1.04223868e+03	1.03911192e+03	1.03600237e+03	1.03290995e+03	1.02983460e+03	1.02677624e+03	1.02373477e+03	1.02071011e+03	1.01770213e+03	1.01471070e+03	1.01173570e+03	1.00877696e+03	1.00583433e+03	1.00290763e+03	9.99996655e+02	9.97101214e+02	9.94221081e+02	9.91356020e+02	9.88505783e+02	9.85670103e+02	9.82848701e+02	9.80041282e+02	9.77247539e+02	9.74467148e+02	9.71699772e+02	9.68945065e+02	9.66202665e+02	9.63472202e+02	9.60753297e+02	9.58045563e+02	9.55348609e+02	9.52662039e+02	9.49985458e+02	9.47318475e+02	9.44660703e+02	9.42011765e+02	9.39371300e+02	9.36738964e+02	9.34114436e+02	9.31497424e+02	9.28887671e+02	9.26284960e+02	9.23689119e+02	9.21100033e+02	9.18517641e+02	9.15941951e+02	9.13373046e+02	9.10811083e+02	9.08256310e+02	9.05709062e+02	9.03169774e+02	9.00638980e+02	8.98117321e+02	8.95605546e+02	8.93104516e+02	8.90615201e+02	8.88138684e+02	8.85676157e+02	8.83228919e+02	8.80798372e+02	8.78386014e+02	8.75993434e+02	8.73622302e+02	8.71274361e+02	8.68951418e+02	8.66655330e+02	8.64387995e+02	8.62151341e+02	8.59947307e+02	8.57777841e+02	8.55644878e+02	8.53550334e+02	8.51496093e+02	8.49483995e+02	8.47515828e+02	8.45593314e+02	8.43718109e+02	8.41891787e+02	8.40115838e+02	8.38391664e+02	8.36720571e+02	8.35103768e+02	8.33542364e+02	8.32037368e+02	8.30589687e+02	8.29200125e+02	8.27869389e+02	8.26598084e+02	8.25386721e+02	8.24235715e+02	8.23145391e+02	8.22115987e+02	8.21147656e+02	8.20240471e+02	8.19394429e+02	8.18609455e+02	8.17885405e+02	8.17222074e+02	8.16619193e+02	8.16076439e+02	8.15593439e+02	8.15169768e+02	8.14804961e+02	8.14498508e+02	8.14249864e+02	8.14058452e+02	8.13923659e+02	8.13844850e+02	8.13821361e+02	8.13852507e+02	8.13937585e+02	8.14075872e+02	8.14266631e+02	8.14509114e+02	8.14802559e+02	8.15146198e+02	8.15539254e+02	8.15980944e+02	8.16470482e+02	8.17007080e+02	8.17589945e+02	8.18218288e+02	8.18891318e+02	8.19608248e+02	8.20368291e+02	8.21170666e+02	8.22014595e+02	8.22899307e+02	8.23824035e+02	8.24788018e+02	8.25790505e+02	8.26830749e+02	8.27908012e+02	8.29021566e+02	8.30170689e+02	8.31354670e+02	8.32572806e+02	8.33824404e+02	8.35108780e+02	8.36425261e+02	8.37773184e+02	8.39151894e+02	8.40560750e+02	8.41999117e+02	8.43466375e+02	8.44961910e+02	8.46485121e+02	8.48035418e+02	8.49612220e+02	8.51214957e+02	8.52843069e+02	8.54496007e+02	8.56173233e+02	8.57874218e+02	8.59598443e+02	8.61345401e+02	8.63114593e+02	8.64905531e+02	8.66717736e+02	8.68550741e+02	8.70404085e+02	8.72277320e+02	8.74170006e+02	8.76081711e+02	8.78012013e+02	8.79960501e+02	8.81926771e+02	8.83910427e+02	8.85911083e+02	8.87928361e+02	8.89961891e+02	8.92011312e+02	8.94076271e+02	8.96156423e+02	8.98251429e+02	9.00360959e+02	9.02484692e+02	9.04622311e+02	9.06773510e+02	9.08937987e+02	9.11115448e+02	9.13305607e+02	9.15508183e+02	9.17722902e+02	9.19949498e+02	9.22187707e+02	9.24437277e+02	9.26697958e+02	9.28969506e+02	9.31251686e+02	9.33544264e+02	9.35847015e+02	9.38159719e+02	9.40482160e+02	9.42814127e+02	9.45155417e+02	9.47505827e+02	9.49865164e+02	9.52233237e+02	9.54609859e+02	9.56994849e+02	9.59388030e+02	9.61789230e+02	9.64198279e+02	9.66615013e+02	9.69039273e+02	9.71470900e+02	9.73909743e+02	9.76355652e+02	9.78808483e+02	9.81268094e+02	9.83734345e+02
28	60	1.09455822e+03	1.09118904e+03	1.08783731e+03	1.08450306e+03	1.08118630e+03	1.07788707e+03	1.07460536e+03	1.07134119e+03	1.06809456e+03	1.06486545e+03	1.06165385e+03	1.05845974e+03	1.05528308e+03	1.05212383e+03	1.04898194e+03	1.04585736e+03	1.04275000e+03	1.03965979e+03	1.03658665e+03	1.03353046e+03	1.03049111e+03	1.02746848e+03	1.02446242e+03	1.02147278e+03	1.01849941e+03	1.01554211e+03	1.01260069e+03	1.00967495e+03	1.00676467e+03	1.00386960e+03	1.00098949e+03	9.98124077e+02	9.95273078e+02	9.92436195e+02	9.89613116e+02	9.86803515e+02	9.84007052e+02	9.81223375e+02	9.78452121e+02	9.75692915e+02	9.72945374e+02	9.70209108e+02	9.67483720e+02	9.64768812e+02	9.62063985e+02	9.59368842e+02	9.56682993e+02	9.54006058e+02	9.51337671e+02	9.48677484e+02	9.46025174e+02	9.43380446e+02	9.40743039e+02	9.38112734e+02	9.35489359e+02	9.32872795e+02	9.30262983e+02	9.27659930e+02	9.25063719e+02	9.22474510e+02	9.19892553e+02	9.17318187e+02	9.14751852e+02	9.12194086e+02	9.09645540e+02	9.07106968e+02	9.04579242e+02	9.02063342e+02	8.99560362e+02	8.97071508e+02	8.94598094e+02	8.92141534e+02	8.89703345e+02	8.87285132e+02	8.84888583e+02	8.82515462e+02	8.80167593e+02	8.77846855e+02	8.75555167e+02	8.73294475e+02	8.71066744e+02	8.68873940e+02	8.66718021e+02	8.64600924e+02	8.62524554e+02	8.60490770e+02	8.58501379e+02	8.56558127e+02	8.54662683e+02	8.52816642e+02	8.51021511e+02	8.49278705e+02	8.47589547e+02	8.45955259e+02	8.44376963e+02	8.42855679e+02	8.41392324e+02	8.39987714e+02	8.38642561e+02	8.37357479e+02	8.36132984e+02	8.34969497e+02	8.33867347e+02	8.32826775e+02	8.31847936e+02	8.30930904e+02	8.30075677e+02	8.29282179e+02	8.28550266e+02	8.27879729e+02	8.27270298e+02	8.26721647e+02	8.26233398e+02	8.25805122e+02	8.25436349e+02	8.25126565e+02	8.24875219e+02	8.24681725e+02	8.24545467e+02	8.24465801e+02	8.24442057e+02	8.24473542e+02	8.24559544e+02	8.24699335e+02	8.24892168e+02	8.25137287e+02	8.25433922e+02	8.25781296e+02	8.26178623e+02	8.26625114e+02	8.27119971e+02	8.27662399e+02	8.28251596e+02	8.28886764e+02	8.29567103e+02	8.30291817e+02	8.31060111e+02	8.31871195e+02	8.32724283e+02	8.33618593e+02	8.34553352e+02	8.35527789e+02	8.36541145e+02	8.37592665e+02	8.38681602e+02	8.39807220e+02	8.40968789e+02	8.42165590e+02	8.43396912e+02	8.44662054e+02	8.45960325e+02	8.47291044e+02	8.48653540e+02	8.50047151e+02	8.51471229e+02	8.52925132e+02	8.54408232e+02	8.55919909e+02	8.57459555e+02	8.59026574e+02	8.60620376e+02	8.62240387e+02	8.63886041e+02	8.65556782e+02	8.67252064e+02	8.68971354e+02	8.70714128e+02	8.72479872e+02	8.74268081e+02	8.76078262e+02	8.77909931e+02	8.79762615e+02	8.81635849e+02	8.83529179e+02	8.85442159e+02	8.87374354e+02	8.89325338e+02	8.91294693e+02	8.93282011e+02	8.95286892e+02	8.97308947e+02	8.99347791e+02	9.01403052e+02	9.03474365e+02	9.05561372e+02	9.07663723e+02	9.09781078e+02	9.11913102e+02	9.14059470e+02	9.16219862e+02	9.18393969e+02	9.20581485e+02	9.22782113e+02	9.24995563e+02	9.27221552e+02	9.29459803e+02	9.31710045e+02	9.33972015e+02	9.36245454e+02	9.38530112e+02	9.40825742e+02	9.43132104e+02	9.45448965e+02	9.47776096e+02	9.50113273e+02	9.52460279e+02	9.54816902e+02	9.57182934e+02	9.59558173e+02	9.61942421e+02	9.64335486e+02	9.66737180e+02	9.69147318e+02	9.71565723e+02	9.73992219e+02	9.76426636e+02	9.78868809e+02	9.81318574e+02	9.83775773e+02	9.86240252e+02	9.88711861e+02	9.91190453e+02	9.93675884e+02	9.96168015e+02
26	60	1.09455822e+03	1.09118904e+03	1.08783731e+03	1.08450306e+03	1.08118630e+03	1.07788707e+03	1.07460536e+03	1.07134119e+03	1.06809456e+03	1.06486545e+03	1.06165385e+03	1.05845974e+03	1.05528308e+03	1.05212383e+03	1.04898194e+03	1.04585736e+03	1.04275000e+03	1.03965979e+03	1.03658665e+03	1.03353046e+03	1.03049111e+03	1.02746848e+03	1.02446242e+03	1.02147278e+03	1.01849941e+03	1.01554211e+03	1.01260069e+03	1.00967495e+03	1.00676467e+03	1.00386960e+03	1.00098949e+03	9.98124077e+02	9.95273078e+02	9.92436195e+02	9.89613116e+02	9.86803515e+02	9.84007052e+02	9.81223375e+02	9.78452121e+02	9.75692915e+02	9.72945374e+02	9.70209108e+02	9.67483720e+02	9.64768812e+02	9.62063985e+02	9.59368842e+02	9.56682993e+02	9.54006058e+02	9.51337671e+02	9.48677484e+02	9.46025174e+02	9.43380446e+02	9.40743039e+02	9.38112734e+02	9.35489359e+02	9.32872795e+02	9.30262983e+02	9.27659930e+02	9.25063719e+02	9.22474510e+02	9.19892553e+02	9.17318187e+02	9.14751852e+02	9.12194086e+02	9.09645540e+02	9.07106968e+02	9.04579242e+02	9.02063342e+02	8.99560362e+02	8.97071508e+02	8.94598094e+02	8.92141534e+02	8.89703345e+02	8.87285132e+02	8.84888583e+02	8.82515462e+02	8.80167593e+02	8.77846855e+02	8.75555167e+02	8.73294475e+02	8.71066744e+02	8.68873940e+02	8.66718021e+02	8.64600924e+02	8.62524554e+02	8.60490770e+02	8.58501379e+02	8.56558127e+02	8.54662683e+02	8.52816642e+02	8.51021511e+02	8.49278705e+02	8.47589547e+02	8.45955259e+02	8.44376963e+02	8.42855679e+02	8.41392324e+02	8.39987714e+02	8.38642561e+02	8.37357479e+02	8.36132984e+02	8.34969497e+02	8.33867347e+02	8.32826775e+02	8.31847936e+02	8.30930904e+02	8.30075677e+02	8.29282179e+02	8.28550266e+02	8.27879729e+02	8.27270298e+02	8.26721647e+02	8.26233398e+02	8.25805122e+02	8.25436349e+02	8.25126565e+02	8.24875219e+02	8.24681725e+02	8.24545467e+02	8.24465801e+02	8.24442057e+02	8.24473542e+02	8.24559544e+02	8.24699335e+02	8.24892168e+02	8.25137287e+02	8.25433922e+02	8.25781296e+02	8.26178623e+02	8.26625114e+02	8.27119971e+02	8.27662399e+02	8.28251596e+02	8.28886764e+02	8.29567103e+02	8.30291817e+02	8.31060111e+02	8.31871195e+02	8.32724283e+02	8.33618593e+02	8.34553352e+02	8.35527789e+02	8.36541145e+02	8.37592665e+02	8.38681602e+02	8.39807220e+02	8.40968789e+02	8.42165590e+02	8.43396912e+02	8.44662054e+02	8.45960325e+02	8.47291044e+02	8.48653540e+02	8.50047151e+02	8.51471229e+02	8.52925132e+02	8.54408232e+02	8.55919909e+02	8.57459555e+02	8.59026574e+02	8.60620376e+02	8.62240387e+02	8.63886041e+02	8.65556782e+02	8.67252064e+02	8.68971354e+02	8.70714128e+02	8.72479872e+02	8.74268081e+02	8.76078262e+02	8.77909931e+02	8.79762615e+02	8.81635849e+02	8.83529179e+02	8.85442159e+02	8.87374354e+02	8.89325338e+02	8.91294693e+02	8.93282011e+02	8.95286892e+02	8.97308947e+02	8.99347791e+02	9.01403052e+02	9.03474365e+02	9.05561372e+02	9.07663723e+02	9.09781078e+02	9.11913102e+02	9.14059470e+02	9.16219862e+02	9.18393969e+02	9.20581485e+02	9.22782113e+02	9.24995563e+02	9.27221552e+02	9.29459803e+02	9.31710045e+02	9.33972015e+02	9.36245454e+02	9.38530112e+02	9.40825742e+02	9.43132104e+02	9.45448965e+02	9.47776096e+02	9.50113273e+02	9.52460279e+02	9.54816902e+02	9.57182934e+02	9.59558173e+02	9.61942421e+02	9.64335486e+02	9.66737180e+02	9.69147318e+02	9.71565723e+02	9.73992219e+02	9.76426636e+02	9.78868809e+02	9.81318574e+02	9.83775773e+02	9.86240252e+02	9.88711861e+02	9.91190453e+02	9.93675884e+02	9.96168015e+02
28	61	1.10794503e+03	1.10454162e+03	1.10115581e+03	1.09778765e+03	1.09443714e+03	1.09110431e+03	1.08778918e+03	1.08449174e+03	1.08121200e+03	1.07794996e+03	1.07470558e+03	1.07147885e+03	1.06826973e+03	1.06507819e+03	1.06190418e+03	1.05874762e+03	1.05560846e+03	1.05248661e+03	1.04938197e+03	1.04629445e+03	1.04322393e+03	1.04017028e+03	1.03713336e+03	1.03411302e+03	1.03110908e+03	1.02812138e+03	1.02514971e+03	1.02219386e+03	1.01925360e+03	1.01632871e+03	1.01341892e+03	1.01052396e+03	1.00764354e+03	1.00477738e+03	1.00192514e+03	9.99086511e+02	9.96261139e+02	9.93448671e+02	9.90648740e+02	9.87860968e+02	9.85084968e+02	9.82320344e+02	9.79566698e+02	9.76823626e+02	9.74090725e+02	9.71367595e+02	9.68653842e+02	9.65949081e+02	9.63252943e+02	9.60565077e+02	9.57885155e+02	9.55212879e+02	9.52547988e+02	9.49890259e+02	9.47239517e+02	9.44595644e+02	9.41958578e+02	9.39328329e+02	9.36704979e+02	9.34088691e+02	9.31479716e+02	9.28878398e+02	9.26285180e+02	9.23700608e+02	9.21125337e+02	9.18560132e+02	9.16005872e+02	9.13463549e+02	9.10934268e+02	9.08419247e+02	9.05919815e+02	9.03437401e+02	9.00973538e+02	8.98529847e+02	8.96108037e+02	8.93709887e+02	8.91337244e+02	8.88992005e+02	8.86676111e+02	8.84391529e+02	8.82140244e+02	8.79924244e+02	8.77745508e+02	8.75605994e+02	8.73507627e+02	8.71452288e+02	8.69441804e+02	8.67477937e+02	8.65562378e+02	8.63696737e+02	8.61882538e+02	8.60121214e+02	8.58414099e+02	8.56762431e+02	8.55167345e+02	8.53629871e+02	8.52150938e+02	8.50731369e+02	8.49371886e+02	8.48073110e+02	8.46835563e+02	8.45659670e+02	8.44545765e+02	8.43494092e+02	8.42504808e+02	8.41577988e+02	8.40713631e+02	8.39911661e+02	8.39171932e+02	8.38494232e+02	8.37878291e+02	8.37323778e+02	8.36830311e+02	8.36397459e+02	8.36024745e+02	8.35711649e+02	8.35457616e+02	8.35262054e+02	8.35124340e+02	8.35043822e+02	8.35019824e+02	8.35051645e+02	8.35138567e+02	8.35279852e+02	8.35474746e+02	8.35722485e+02	8.36022291e+02	8.36373378e+02	8.36774952e+02	8.37226213e+02	8.37726359e+02	8.38274581e+02	8.38870072e+02	8.39512024e+02	8.40199628e+02	8.40932080e+02	8.41708575e+02	8.42528316e+02	8.43390506e+02	8.44294358e+02	8.45239087e+02	8.46223915e+02	8.47248075e+02	8.48310802e+02	8.49411343e+02	8.50548952e+02	8.51722893e+02	8.52932436e+02	8.54176865e+02	8.55455469e+02	8.56767551e+02	8.58112422e+02	8.59489403e+02	8.60897826e+02	8.62337034e+02	8.63806379e+02	8.65305225e+02	8.66832947e+02	8.68388929e+02	8.69972568e+02	8.71583269e+02	8.73220450e+02	8.74883538e+02	8.76571973e+02	8.78285204e+02	8.80022689e+02	8.81783899e+02	8.83568314e+02	8.85375425e+02	8.87204732e+02	8.89055748e+02	8.90927991e+02	8.92820994e+02	8.94734297e+02	8.96667449e+02	8.98620010e+02	9.00591549e+02	9.02581644e+02	9.04589883e+02	9.06615860e+02	9.08659182e+02	9.10719462e+02	9.12796322e+02	9.14889393e+02	9.16998313e+02	9.19122729e+02	9.21262296e+02	9.23416678e+02	9.25585543e+02	9.27768570e+02	9.29965444e+02	9.32175858e+02	9.34399512e+02	9.36636111e+02	9.38885370e+02	9.41147009e+02	9.43420754e+02	9.45706338e+02	9.48003501e+02	9.50311989e+02	9.52631553e+02	9.54961950e+02	9.57302945e+02	9.59654306e+02	9.62015807e+02	9.64387228e+02	9.66768355e+02	9.69158978e+02	9.71558893e+02	9.73967900e+02	9.76385804e+02	9.78812414e+02	9.81247547e+02	9.83691020e+02	9.86142658e+02	9.88602287e+02	9.91069741e+02	9.93544855e+02	9.96027469e+02	9.98517427e+02	1.00101458e+03	1.00351877e+03	1.00602986e+03	1.00854771e+03
28	62	1.12127286e+03	1.11783542e+03	1.11441575e+03	1.11101387e+03	1.10762982e+03	1.10426361e+03	1.10091525e+03	1.09758475e+03	1.09427211e+03	1.09097732e+03	1.08770036e+03	1.08444122e+03	1.08119985e+03	1.07797621e+03	1.07477026e+03	1.07158193e+03	1.06841115e+03	1.06525785e+03	1.06212191e+03	1.05900326e+03	1.05590175e+03	1.05281727e+03	1.04974968e+03	1.04669881e+03	1.04366451e+03	1.04064658e+03	1.03764484e+03	1.03465906e+03	1.03168902e+03	1.02873448e+03	1.02579518e+03	1.02287085e+03	1.01996121e+03	1.01706593e+03	1.01418472e+03	1.01131723e+03	1.00846313e+03	1.00562204e+03	1.00279361e+03	9.99977442e+02	9.97173153e+02	9.94380344e+02	9.91598610e+02	9.88827544e+02	9.86066739e+02	9.83315791e+02	9.80574301e+02	9.77841882e+02	9.75118160e+02	9.72402781e+02	9.69695413e+02	9.66995757e+02	9.64303546e+02	9.61618557e+02	9.58940614e+02	9.56269595e+02	9.53605441e+02	9.50948159e+02	9.48297833e+02	9.45654628e+02	9.43018797e+02	9.40390688e+02	9.37770748e+02	9.35159531e+02	9.32557696e+02	9.29966017e+02	9.27385382e+02	9.24816794e+02	9.22261369e+02	9.19720338e+02	9.17195043e+02	9.14686930e+02	9.12197546e+02	9.09728530e+02	9.07281608e+02	9.04858580e+02	9.02461310e+02	9.00091718e+02	8.97751761e+02	8.95443431e+02	8.93168732e+02	8.90929674e+02	8.88728257e+02	8.86566459e+02	8.84446227e+02	8.82369462e+02	8.80338009e+02	8.78353650e+02	8.76418095e+02	8.74532971e+02	8.72699818e+02	8.70920084e+02	8.69195120e+02	8.67526175e+02	8.65914398e+02	8.64360830e+02	8.62866411e+02	8.61431972e+02	8.60058244e+02	8.58745855e+02	8.57495332e+02	8.56307108e+02	8.55181518e+02	8.54118809e+02	8.53119142e+02	8.52182592e+02	8.51309160e+02	8.50498767e+02	8.49751267e+02	8.49066448e+02	8.48444035e+02	8.47883694e+02	8.47385041e+02	8.46947639e+02	8.46571007e+02	8.46254619e+02	8.45997915e+02	8.45800297e+02	8.45661135e+02	8.45579770e+02	8.45555519e+02	8.45587676e+02	8.45675511e+02	8.45818282e+02	8.46015226e+02	8.46265569e+02	8.46568527e+02	8.46923305e+02	8.47329100e+02	8.47785104e+02	8.48290506e+02	8.48844489e+02	8.49446236e+02	8.50094932e+02	8.50789758e+02	8.51529902e+02	8.52314550e+02	8.53142896e+02	8.54014136e+02	8.54927472e+02	8.55882112e+02	8.56877271e+02	8.57912170e+02	8.58986039e+02	8.60098115e+02	8.61247644e+02	8.62433882e+02	8.63656093e+02	8.64913550e+02	8.66205538e+02	8.67531349e+02	8.68890288e+02	8.70281668e+02	8.71704814e+02	8.73159062e+02	8.74643758e+02	8.76158257e+02	8.77701928e+02	8.79274149e+02	8.80874309e+02	8.82501808e+02	8.84156057e+02	8.85836477e+02	8.87542501e+02	8.89273572e+02	8.91029143e+02	8.92808680e+02	8.94611655e+02	8.96437556e+02	8.98285876e+02	9.00156122e+02	9.02047809e+02	9.03960463e+02	9.05893619e+02	9.07846822e+02	9.09819628e+02	9.11811599e+02	9.13822311e+02	9.15851344e+02	9.17898293e+02	9.19962755e+02	9.22044343e+02	9.24142672e+02	9.26257371e+02	9.28388073e+02	9.30534422e+02	9.32696068e+02	9.34872672e+02	9.37063900e+02	9.39269425e+02	9.41488931e+02	9.43722106e+02	9.45968647e+02	9.48228257e+02	9.50500646e+02	9.52785532e+02	9.55082638e+02	9.57391695e+02	9.59712439e+02	9.62044614e+02	9.64387968e+02	9.66742256e+02	9.69107239e+02	9.71482684e+02	9.73868362e+02	9.76264052e+02	9.78669535e+02	9.81084601e+02	9.83509043e+02	9.85942659e+02	9.88385252e+02	9.90836630e+02	9.93296605e+02	9.95764996e+02	9.98241623e+02	1.00072631e+03	1.00321890e+03	1.00571920e+03	1.00822708e+03	1.01074236e+03	1.01326490e+03	1.01579454e+03	1.01833114e+03	1.02087456e+03
28	64	1.14775636e+03	1.14425147e+03	1.14076467e+03	1.13729598e+03	1.13384543e+03	1.13041304e+03	1.12699882e+03	1.12360279e+03	1.12022493e+03	1.11686525e+03	1.11352371e+03	1.11020031e+03	1.10689500e+03	1.10360775e+03	1.10033850e+03	1.09708719e+03	1.09385375e+03	1.09063809e+03	1.08744012e+03	1.08425974e+03	1.08109682e+03	1.07795123e+03	1.07482284e+03	1.07171147e+03	1.06861696e+03	1.06553913e+03	1.06247777e+03	1.05943267e+03	1.05640359e+03	1.05339029e+03	1.05039250e+03	1.04740995e+03	1.04444235e+03	1.04148938e+03	1.03855073e+03	1.03562604e+03	1.03271497e+03	1.02981716e+03	1.02693223e+03	1.02405977e+03	1.02119941e+03	1.01835073e+03	1.01551331e+03	1.01268675e+03	1.00987063e+03	1.00706454e+03	1.00426807e+03	1.00148082e+03	9.98702419e+02	9.95932499e+02	9.93170724e+02	9.90416788e+02	9.87670421e+02	9.84931393e+02	9.82199525e+02	9.79474694e+02	9.76756838e+02	9.74045966e+02	9.71342163e+02	9.68645596e+02	9.65956526e+02	9.63275306e+02	9.60602393e+02	9.57938351e+02	9.55283855e+02	9.52639693e+02	9.50006771e+02	9.47386113e+02	9.44778858e+02	9.42186263e+02	9.39609696e+02	9.37050633e+02	9.34510654e+02	9.31991431e+02	9.29494726e+02	9.27022375e+02	9.24576283e+02	9.22158406e+02	9.19770747e+02	9.17415334e+02	9.15094216e+02	9.12809444e+02	9.10563060e+02	9.08357084e+02	9.06193502e+02	9.04074256e+02	9.02001231e+02	8.99976246e+02	8.98001046e+02	8.96077294e+02	8.94206562e+02	8.92390330e+02	8.90629977e+02	8.88926780e+02	8.87281910e+02	8.85696434e+02	8.84171310e+02	8.82707390e+02	8.81305419e+02	8.79966040e+02	8.78689792e+02	8.77477116e+02	8.76328359e+02	8.75243771e+02	8.74223517e+02	8.73267677e+02	8.72376249e+02	8.71549157e+02	8.70786252e+02	8.70087316e+02	8.69452071e+02	8.68880177e+02	8.68371240e+02	8.67924817e+02	8.67540416e+02	8.67217503e+02	8.66955503e+02	8.66753808e+02	8.66611774e+02	8.66528731e+02	8.66503980e+02	8.66536800e+02	8.66626448e+02	8.66772163e+02	8.66973170e+02	8.67228678e+02	8.67537886e+02	8.67899981e+02	8.68314145e+02	8.68779554e+02	8.69295376e+02	8.69860781e+02	8.70474934e+02	8.71137000e+02	8.71846146e+02	8.72601540e+02	8.73402353e+02	8.74247761e+02	8.75136943e+02	8.76069083e+02	8.77043374e+02	8.78059013e+02	8.79115205e+02	8.80211164e+02	8.81346110e+02	8.82519273e+02	8.83729894e+02	8.84977219e+02	8.86260508e+02	8.87579029e+02	8.88932059e+02	8.90318889e+02	8.91738818e+02	8.93191156e+02	8.94675223e+02	8.96190352e+02	8.97735885e+02	8.99311177e+02	9.00915593e+02	9.02548508e+02	9.04209310e+02	9.05897397e+02	9.07612179e+02	9.09353075e+02	9.11119516e+02	9.12910945e+02	9.14726814e+02	9.16566587e+02	9.18429739e+02	9.20315752e+02	9.22224123e+02	9.24154358e+02	9.26105970e+02	9.28078486e+02	9.30071441e+02	9.32084381e+02	9.34116861e+02	9.36168444e+02	9.38238705e+02	9.40327226e+02	9.42433600e+02	9.44557429e+02	9.46698321e+02	9.48855896e+02	9.51029780e+02	9.53219610e+02	9.55425029e+02	9.57645688e+02	9.59881248e+02	9.62131376e+02	9.64395747e+02	9.66674043e+02	9.68965956e+02	9.71271182e+02	9.73589425e+02	9.75920396e+02	9.78263814e+02	9.80619404e+02	9.82986895e+02	9.85366026e+02	9.87756541e+02	9.90158189e+02	9.92570727e+02	9.94993915e+02	9.97427521e+02	9.99871319e+02	1.00232509e+03	1.00478861e+03	1.00726167e+03	1.00974407e+03	1.01223560e+03	1.01473608e+03	1.01724530e+03	1.01976308e+03	1.02228925e+03	1.02482362e+03	1.02736601e+03	1.02991627e+03	1.03247422e+03	1.03503970e+03	1.03761256e+03	1.04019265e+03	1.04277981e+03	1.04537390e+03
